{"version":11,"hash":{"type":"Buffer","data":"4h5g85vlo0dGqmx/wK+ZNHuX20QwJcGUUfd8pib21nGC1d/vAlQD/ah46L8wd5N5FYVSQUG7/OJ9sknc5WSmk6sIa5OxwaLqjcEROYG6QMbYxpU71N6K0SmzZy85SQnodrHxYqXEQ0GfudzlFIxuk7JTfRGcLK/0DTWFP5aSVD0="},"indexValueMap":{"AlG6T9w6KAFuRTFReJVQIDh3+SaCfY2fdIMMdxQ/R1Q=":{"valueMac":{"type":"Buffer","data":"kPCrwdTijj728ERxvRxisMau7iEvxzZaku6T4l4xXUg="}},"VelkvQqmSZSZnu6fesC5lu1JV+9gCRSBawTpYEWw+zw=":{"valueMac":{"type":"Buffer","data":"CpfGqHPOuZth3Y1W0E7gAWn3uqhhALmLrhOyNx/2J5k="}},"aBQW/JkGRPhdfw1CS3iVkAJcOYK5QfSv5vyw1srU62g=":{"valueMac":{"type":"Buffer","data":"yTx1wy8dlx4hXDloHrFAC6TZimbUB7mMejTrMdu20Vg="}},"afG+A2LZ8UwdWS3WQeoVdQ7NsjTfToQ2nOVwllKuFks=":{"valueMac":{"type":"Buffer","data":"POIQjTqSNVzfRBDXsK/UerJNszDwTQRel4a7C7MgLGA="}},"dMZ4zyt5wi+cNXO5Qol4vH7GREpSl3xoGTFzPGf4ETY=":{"valueMac":{"type":"Buffer","data":"EpdBQ4zKtGfP236MVt3/jL5MP4kHa83KC5/dffgmvjo="}},"q8Jzkl55pGLnSon/j2Q71yI9ftSxkminj3tQMfA4ZFM=":{"valueMac":{"type":"Buffer","data":"tsu5I+YsgfuQt9IhUnPboP/+Cn+Sm+Udwany8wEfWh8="}},"rMNpwjbWM5XGiF/4jIaZ/F3QvLpXx4G+Ggyalrs6gDc=":{"valueMac":{"type":"Buffer","data":"RaexkWsfpCP1EF044tWI6Yl2a+VHEHlXr5tN3WKhMoE="}},"sQ4VcyDBrCEHA+Gqf9v+AOu/nDqtlpI1KGyEX6irSio=":{"valueMac":{"type":"Buffer","data":"YWowb6eaE8sdRHenu0Sl/7eicZLCo9rY3DvZ1PgT/i8="}},"skkwG5SWuRPk5T5L4OJSDzozYGybVdEkuKOb9ow9VHo=":{"valueMac":{"type":"Buffer","data":"U65gXEjdB9SIL99qLVqyqTbZYuw6YjXuYl/brmqnA9c="}},"s0Fiy6rqrVe5l/qVYxfwNvxbe/cxXJrWb6W68Kj6toU=":{"valueMac":{"type":"Buffer","data":"gAaJ8ActGcdpd81KdEuVsVWPjhw2yOP3NJ48HfcLu6E="}},"z6WaRXc7REk8JX3bktfMUktzEaCFNZ4Q3pd/R7ovRcQ=":{"valueMac":{"type":"Buffer","data":"3mLbYcu9dcwmbh06Gz2H6ayHs0K7JmhQUgPf39oscnc="}},"/S1LX/RkXmO5gtCz9h8JXNG55nDvKa5BZIWfQozQhZI=":{"valueMac":{"type":"Buffer","data":"26VasTtk0ovIzFXNKxlYjw75vqfS2F4M0raikUsYPeY="}},"mwT4h+e3PMlK2UfzW0D8Y4UqxmapmmjCOT2ZiAW7+w0=":{"valueMac":{"type":"Buffer","data":"DeMxlnGuHf3sgqsl5NFq5I4ESYtY2PUhPlwC1epCnbw="}},"4/uKw57i8xQeR+RImx6Aqs0xaz6fT70TsKVHDnh7hbE=":{"valueMac":{"type":"Buffer","data":"Hv62u7fJL9oEoqMbolc+khALNllx0UXfTx8jfyuqQ1Q="}},"UkQFbP3ZN/3sZnF8HejJEwAO9nUAFl/7jMjmLyUN8DM=":{"valueMac":{"type":"Buffer","data":"nFbL8kRuDaEsMyQecVEpYDQy0NMyWCTNU9GcNUkm53Y="}}}}