{"version":16,"hash":{"type":"Buffer","data":"zKJII5+A5d71bJtvtZv0iojJFyrBY7nubjPO3O80oq5n1KQthH6SpR35/ilp+3dVoAHROmBbh/0s8F7/xOdMrE6P9qL+AByP4w4IqnZhMgZyd1Rehy+JPSEFC6520Jp6xLdZqkbZITUvKaKjX4LvAqvDcyLxusDl/U9GIrAP9RQ="},"indexValueMap":{"AHSdbCnDEGl5fqj6katmgS4wSFvEpdheKKzovmu0KTY=":{"valueMac":{"type":"Buffer","data":"gIKWcF2CF/9NmOmuiyFE3XOApMHP2vc5n82oxW4kzaE="}},"AH+mInturlD4p2/59u0aLC+d8aLb/yRanz9mM/fDNMc=":{"valueMac":{"type":"Buffer","data":"Ce97UiFzQQbySFz35S40aW+8R2r1cfSJ8h+hNxhjteI="}},"ANMchgegF5LzCv39nmNhNrEOxbCwWsBTZU0/2FtcUhg=":{"valueMac":{"type":"Buffer","data":"sKuH4Jr69xQosm9ejMXBe/Gq0mOoUxHeMMf8w6mgBpw="}},"ANgSIcDDZDi/C5PgeHeiPjPE3J/lbSTf9fuOau6YuMY=":{"valueMac":{"type":"Buffer","data":"6ymr98HsNbC2R7O8spmD7HUbJnCjz9w2yuZg/9ci3tQ="}},"Af4xIE9luK8soHXNMIIXQ2E91yUPh7WkDt2XeUcONf0=":{"valueMac":{"type":"Buffer","data":"l5sjogLjD8XXDS383PgpGt1os+sJFcZEwoxb0pkVAuk="}},"ApL1IiBpJJtf4HlzWFEb87aNbPJEDUxjkRX+su9F7Bw=":{"valueMac":{"type":"Buffer","data":"kXuDyLdb9tHwzolVpL55gjy/N4j2QgFij24MvVzIhnE="}},"AtACVJrB6XmoHdMSvNlaR2fnKsqe/7diH+IHzG4GCkg=":{"valueMac":{"type":"Buffer","data":"vrCEo5K80PwtXcs/iBRMQo5U8HuHZr8tQzalPvYqdXM="}},"A7kKmzOvRH8k2JtHOhDC8BKd2/Ds/HPIM2xcZZVBZvA=":{"valueMac":{"type":"Buffer","data":"9ocwJwTuAaCJ5rUXVqACFj9DF38m68lAtUxtR4QzYF0="}},"BFGsi+oal9+w9aJXbU2EIfrvoEsEphk86FHc+TpX38M=":{"valueMac":{"type":"Buffer","data":"VfwvZECNS+gn2fdlb7kP0n83kD5XavemDLxm8SrG67w="}},"BgGY4+ONpTw6I+WgkkYO6iPsO7f4TuEN6vtco7Dn+Es=":{"valueMac":{"type":"Buffer","data":"mn6pvjIZWrmAvseQiyQp6iGJQuM4e3GZp3YLHSqgogo="}},"B726XD0gaQOmMxO9Jnvt03dkdJaUpOB8QOlunZ4eJbs=":{"valueMac":{"type":"Buffer","data":"VGrbsFqlcOMJy1jACg6uo4bUJjPfTX9eRxfb8bogIqY="}},"CEeoe5sqIhpxskD1/NGdrgT92IAJ7jE25LZeiZNzflk=":{"valueMac":{"type":"Buffer","data":"wRuk3dGHUM3gkwu2z385ePvKBd41iFv1CAtBC+CVcBI="}},"CHhf6MvbM8bWIfQ1NOvl87OOJumwDoHEhGKnqoLKqEw=":{"valueMac":{"type":"Buffer","data":"AP41hS942LhOCZiWCT4R7ipSvR/0OdcQfsyXmqKc6l0="}},"CPe4J/u8KcudCpZJn4yK4dXAe2+njSCMMcK/9+WMBJk=":{"valueMac":{"type":"Buffer","data":"xCS5XznLGoML5d3Area1TfTy5QmN691Bh2WU6IrKgvA="}},"CTYZJjsGViXQ0fAzqWHqANEFCseYTQakpv0+OmBpcCM=":{"valueMac":{"type":"Buffer","data":"FKC7xYfxONsrBHhr5GDY5F6H5KL1JILP+c0sjjFT0IY="}},"Cmp6FzvGyhaDk59glCBKtXd88CAe6o5oLNRlg00kWAc=":{"valueMac":{"type":"Buffer","data":"3P1cjEdqPBMUJ9vl7zK/ACqQp+zA7akwWq3NLxddu5Y="}},"CqP6UbQWqZciDA3ijL0eClUyHEDdz+a15oT4Qkpr2AU=":{"valueMac":{"type":"Buffer","data":"tsiuJAGs0Z58f3tUxqEPP8jEww1EjGXONqAcS8sv9Sk="}},"C05lk+KOj6lbEvLgxNFqOCVXENTmGKnHiQbB9qBpSRg=":{"valueMac":{"type":"Buffer","data":"JYoiy8pvjamXrQ5R+7pR3C2ditLO05LcuyftmreGBaQ="}},"C5bEQ+qp37z2fe5blqSliTGvYfnsP8z3c7cCJ8yS/p0=":{"valueMac":{"type":"Buffer","data":"A3W9oonTUqK1jD2lpa7m0KExDrx+yCGfJ2vGFHlh+xM="}},"DBJ03FCBkFSGXLuLKqxD5rhj7Uw+JDkClanO0mQNR3Y=":{"valueMac":{"type":"Buffer","data":"Ne3turyOky4EHiXgC2Er4dD1h4qR7FshRU1I4OA7wvI="}},"DPB7BaDPctuWuB88KcydkZ98RqnKWsh0JI5iQhuRHwQ=":{"valueMac":{"type":"Buffer","data":"4uOPKLSAIMvC3UnUNJhvLzoocC/eR8hdyHQV3vijUxE="}},"DPOv5CBMC1i6swaGFB5Uv2E4sq7NJcpj9y6pQJmihHM=":{"valueMac":{"type":"Buffer","data":"J88moFK6sn68siCs+uRcWSLp2A0N8xKd2B+txjNHtwc="}},"DbflPk5etj4z1KN5+UTPJ6rqQGBwB1iCHb/3Irpefls=":{"valueMac":{"type":"Buffer","data":"DrpifFdDx7AvawNarycVUDVAQMHEujslckjzPtTWp04="}},"DqTqge5Smo9Hpheqi+Z7eswvKGdAWsBjwvoZE0+CgsY=":{"valueMac":{"type":"Buffer","data":"gPxsPZTSXt3uzuFxTE6XQ2unhKWJMIO6MxXed8YDtiw="}},"Dq7u5d6HoK2atTVXym6VKKES85Hfpo4D5Zg6ylfm2sA=":{"valueMac":{"type":"Buffer","data":"p/gMR+Lw/ikjBx0c5KfzL/o2yZ5mH43PZpnjW4wflaI="}},"ED2bnGH0PGs6+lYdLSAt60VjTAjvvqHWwX6oY8CLw5o=":{"valueMac":{"type":"Buffer","data":"FG/KRt3uFdScPPGDp5ig3wxFV9jvYLWqprtZLanW+JU="}},"EbfBzff8Au7ePdjLrb5ByqyNvlSMUDQNt8n+HfNnnws=":{"valueMac":{"type":"Buffer","data":"gx87iP5O+mwSowjr0ZcLdkP3K70rchKbSVrcttMvVLE="}},"EbzDT3PsyuaqFjmnWVv2OTS6VB8zSqzPPUCug44kQRc=":{"valueMac":{"type":"Buffer","data":"SWPTg+IvMSH62HvMIAH39WA+vcKOfc0VzUmKvW5gIA8="}},"EjTICSGIQtE0wLn88m+Jao5+psBAP16Do+yd1ta3Ses=":{"valueMac":{"type":"Buffer","data":"xJiT11nst+V68nszDVm/h/9vymKaAIZkvZGT8uGxV1U="}},"EuNFzmrZa44rT+WzTKzOlF1KzXF84UnUjjKuxHKOaeQ=":{"valueMac":{"type":"Buffer","data":"KfZ6LTjxsRRpRcBchc/+G7KhJZSYZYQys/sbmCECHB0="}},"Ey6hleO4ULCkErV8H689AY47B8HKMMwPUlwYzp8PJMY=":{"valueMac":{"type":"Buffer","data":"J9+lpIYDSimMRH0E2I0Ab7OISBiitxvgV90+nJTXTNk="}},"FIbhjNwm2Sj45r3ouO7qe4wqbSGopsQx/m/M0OP7Fzk=":{"valueMac":{"type":"Buffer","data":"votOV0YTStaOIgFCO7tVl+xRGkA8Hv//BwNa1i+HyGc="}},"FWj8dHLbqbtSg4JJHdYnrdhvXhxHWcRqXQpRHVXGVQQ=":{"valueMac":{"type":"Buffer","data":"uw5puO58ghFADngg3jFfhNC94D/HyVAwhUh4m0oxBHU="}},"FnTIHtD8VNEWCajSJ7WLffk/kMqFgTrs612nk/LHRew=":{"valueMac":{"type":"Buffer","data":"KQ1bUdA63th9EFV6Z6m6Tbpez2txHk9TU75MC7qD6oU="}},"FsLsuNRKTGoyvxipPlAiAkfsu+BWrmkCmQf5WY3GM/E=":{"valueMac":{"type":"Buffer","data":"7Ar11qqa09U2EGZLMiPBtNngBlfoPPVfnpfCoaGSll0="}},"F4CKQtqLTJrcvCcp8ZrVhW9TF2H9BXyIL846eJPJK1c=":{"valueMac":{"type":"Buffer","data":"ufzyPVoqLfcpAxRfq2fjwh+g05W4IyUH1UN0nNA+Fq8="}},"GAJgn93tgjp0gHgq8tBPlXdEwFWilpc0oho+c3PzAeQ=":{"valueMac":{"type":"Buffer","data":"vRzKFBWbHDoot0EPc/F92E/aq/Vy9lLaOcUXwcKmimg="}},"GW1v3GfHDVVMmW/gPT2wHrpAw/dwHNPaGfcJkDdj/iY=":{"valueMac":{"type":"Buffer","data":"qNsXJygiW1KKxIG0lF1kdLrinaQC6KrbQAAv09EZVBQ="}},"Gb//8dJvAWckrJQVdR08ydFDbfhmxslyHspwDl1Qx3k=":{"valueMac":{"type":"Buffer","data":"DsWp8u9VYPl9Qo8qBs8IuGjp/rAPPbyLoxe9kW4P8Jg="}},"Gdl++xwrHMF2bZXrcq1CdbQSBo1bdcC/y1VLCb8ASx4=":{"valueMac":{"type":"Buffer","data":"cUs669A8o0RoFGVrLhsB0zp9RkN/Hzsy99gqxfGo3RU="}},"GvRQdrMesqJjoME/85YSu8a1RMIkI5Z+WVu2zVDhpvg=":{"valueMac":{"type":"Buffer","data":"Zm0+GSaY68jHfffzICPLn2pwqUyl6psFgFKq9B/XouA="}},"G2MPwadE7JrXkvgVfabtvn7bn4kiYS6PqF7zJf5DRSQ=":{"valueMac":{"type":"Buffer","data":"Nf46Z1Xtn8qm7E7zHqdFHLCwsP7+5o0/sd9k8Y/Oy8w="}},"G+pyomK9+XthSZtpl+PqiI+WL2zLfrCprFjWurhhnS0=":{"valueMac":{"type":"Buffer","data":"qMl0Wr2Ng2S09Vu5BbsQiFqRqeuuPtOmnN9ACc2L/JA="}},"HARAbf7kAqIpmCi4hEEZ7lZa0s8nY0K6QyHEyWD1HVE=":{"valueMac":{"type":"Buffer","data":"L3KMBz33gFq9zBupxQY+z5T5THOp8KlExt1U0FfAEM8="}},"HEDMNll5e/+P+Zlsc+XWIvXaPUE582u152IViIJaoGE=":{"valueMac":{"type":"Buffer","data":"gEOevipcz/EFdLm7g1neAtU1bjbZH8o8oXJ6+pT69SY="}},"HEfYVGkC7IH4vElHUy4sto7KPFIATg3Rw1pwT0VXCZY=":{"valueMac":{"type":"Buffer","data":"ABH6TOsFy0ng9x8cWM6x6kxo724BHtJSFDFfXUxfv28="}},"HHq/Dk7unzHnoU0kBRK3nKMlTDOQBpRf4a6sO4DLU/c=":{"valueMac":{"type":"Buffer","data":"/Cv+vbqBXh0WYQwJvZdvSGwlcIscRoRvT5wnJnEfTQs="}},"HI5NnCFg3p2bQT4AbrfKMyvqkSGUzDyQJIzQ9G90UB0=":{"valueMac":{"type":"Buffer","data":"4ThUvTTz6rtyVRszydynsZrmBS142gIJqmJ9Kdf0IM0="}},"HS5OUCNQCTysUEnIsMT3QSgIKvduyZTPhe+nQ0qSEWM=":{"valueMac":{"type":"Buffer","data":"x0BCnuA9DmePP5b0hXK9vMk709QL+RT6jkeC8d/r2BE="}},"HnOz3f2mrHibTMXVfNHl9+MS918WSD/nfvuwbH6VC+M=":{"valueMac":{"type":"Buffer","data":"nzQcLI6hSF6bVAB0ehuqG24JW04VTkItZpB2hRPA2XI="}},"HomSSHdGDv2dmtkNXaKgJrgkQ4mos+0H/w66Yob1gQI=":{"valueMac":{"type":"Buffer","data":"fDFtUR0GMX4toGWyKf8nkyFvJGN3rxSKaSWxkctdOiY="}},"HvNRj4gkmCtK72mx9bhrxToKP4CvwlrU/u4n8/Ixwgo=":{"valueMac":{"type":"Buffer","data":"Iur/7o1oODPpxSXQeYzvJs3gQVKvpf753fMLDD1CwcI="}},"HzClgnuInokmS8j81s85rN2wcoX5BmgtGqTP+OaM1jw=":{"valueMac":{"type":"Buffer","data":"fdQYuBb+u+OpeyLcLFPvVYjgX6FYdH2CxqJeMViXJPQ="}},"H98pDxHFEHQwEJQZWmDEdbQFhg57CkmJoObozCc/QXg=":{"valueMac":{"type":"Buffer","data":"GUyMhMS7sVkK+7ETpziUMSO2iFlv0OrHGiYj15bGJTM="}},"IESR0AfwrLMA1ubIReMLnRUUTbbCk1Wus2fxRhBc4uU=":{"valueMac":{"type":"Buffer","data":"1V/R21/1LbVoA/jKpd8S3LdGx6+JaGCQSDrT93ZqOpo="}},"I4hOuykhisqq+S/U7eZtoJtaHyYeIhQeQ3Uf8xqvva0=":{"valueMac":{"type":"Buffer","data":"1dIlr/81REIh7+McfvBdxcD3zeo1WXWoVt/C8sLGoW0="}},"JOnhnOKyGHn/F+2zHAFBGaBdQSdakOTZUnoVjyeKiME=":{"valueMac":{"type":"Buffer","data":"ODqJDHGZvRd9qE4wnmNAwtM/ar7cnm78UetWtEYVbkE="}},"JTYi9C0ECZMVuSPxzKWkxh+YCgsU3WCpnFcMD+NKTOk=":{"valueMac":{"type":"Buffer","data":"A/lrCo5WT9pnA9XiTXIVhXL1ISkPgHFg3RydQbivT0I="}},"JUvd1duweA1YJ1IBlVTaQKcMTUTWAaMMxX2eh5XnCMY=":{"valueMac":{"type":"Buffer","data":"4DrXElp/xWzDJQ/xMxFVvernPcSk+ydv33dl8iQJx6U="}},"JWCq1YXWrvAIpJzEhcC4WUuYAAeO7tIbv8/6++Aoolo=":{"valueMac":{"type":"Buffer","data":"HfbekPUXiLeL6QgDBeDaC7PTPsJR0xtIH/kYDuDOwOw="}},"JuyvkFN+h3LHfhSrdthxvlAZEUmhCtty9S3E9/1trHk=":{"valueMac":{"type":"Buffer","data":"Utfh1SwHxHcrwQKPOHuJzjxax1f2y7yXfPrZCHWDS/8="}},"Jw2ufO+eqQ/K2Gz/nFBx0h/i2VOKT1gt79CMNOrYrIE=":{"valueMac":{"type":"Buffer","data":"dD14nOUrA0MYrjnqhM+ukfrc9dhfTCoaXyJ2uRCe+aU="}},"KFhJM4kQw7W4LYJ/FfAiQcjSCWTExfsxZOHz/Xf53N8=":{"valueMac":{"type":"Buffer","data":"BtP/M8u/SjC/2O+0C9rZKfS/KqhhFHHDH/IXlx9kAS8="}},"KNT0pFJLFIR4tyCEflW38ZapoViWYtZHHjSdSH2H7y8=":{"valueMac":{"type":"Buffer","data":"eh1cHosedODKluhSDChVmx/TwAhCcKIyUib5T0HnrLg="}},"KOlNudf2TQDXX9XreX+ethGrRVcnb/ltri1EhgPKriI=":{"valueMac":{"type":"Buffer","data":"uKpOI8zzeQoVbvDnHSb9BkvNndvsuLfPTjyis8kvDt0="}},"KS7YnUcYJYWlVNing1Qb9qOEOuOkwb0loQPCftmfD1I=":{"valueMac":{"type":"Buffer","data":"hP7TW4AyZiwlrXHkHXQx7u/Iw8CJERqpT2+71vmSzHw="}},"KVbVJUFpLFCwW20Xt6U4PknfefhId2/uHOmKLzsAZLI=":{"valueMac":{"type":"Buffer","data":"dc3rM4xiYYmpd5rr/clH35R3EIZv0eL+ZGX/EHCrI8c="}},"KgwCirszIL+IhvWZy3g5RVyTJfPcqhN312J1hu/bwcA=":{"valueMac":{"type":"Buffer","data":"054QUStyuwXIVcV5guoq8xgjJ7k/ZYf8Mvk41d0bPL4="}},"KhfGL6bf9xr4quiTtWio7Jo7htonVSbhwKr5bB4QsVI=":{"valueMac":{"type":"Buffer","data":"FP/j7ZxLfyrRKuam6yPrOvlhW1ZTZbfgib1E5RL0a18="}},"KjXmCp1VD356m1uYdQIZfM0SI+cQRvKvL/jG9YHWVVI=":{"valueMac":{"type":"Buffer","data":"LsBo63a19te9UNIpnLlZbQ6O+O7e5ayRZB8Ml8RZRL0="}},"KmHBg+KcOkA/xiKkWVOdlsgKqNhdNeakwIs4kWOM/UY=":{"valueMac":{"type":"Buffer","data":"922GUgVhtxft8cIE6dJOZS6nP+ipo0P+bKfhePBjKQQ="}},"K07dkZ7iNkU8LWgAXbP1+O+f+Rz7x6Kze5T5wRTlH5Q=":{"valueMac":{"type":"Buffer","data":"43hJ8i3HS8flvRG/zq7jqvjzb+ZGRjLGAnqhJkkaODk="}},"K5kpXNb3ZpnbFpfIp2+uHt7E+SHn5PfYIxmCcvO6bXs=":{"valueMac":{"type":"Buffer","data":"NQ5U7fk4Vl6gIbr5JUM/7kEvkz/dZhS4U0IitaUQS/E="}},"LCQ4r/nym6thiJZcDZav1HgWkIR6meVh3DAUqS9PFpI=":{"valueMac":{"type":"Buffer","data":"DPA2Ge1qIiL+MZO7usMTCXXwklqB+N0lTeHxjLUtw8U="}},"LIK4i9CWs2wQaGJrIQTp090dxXYBL4cktYbqBLpo1mU=":{"valueMac":{"type":"Buffer","data":"GKkoSR9mpUwMPBfyCQkDBMKd4gJstGLf5cwhxtbE7/Y="}},"LQM8qyU1EaHdx5qc3AUARobsnUnu2E650FDzKDlgcJA=":{"valueMac":{"type":"Buffer","data":"cyc8Ebtg3DDcE4a9bRO9mMXZppSkov6wdN7m2d0dR/Q="}},"LahRbDZBOAtApk3ptF0Xh3B7ZGlB7qUn53XUFl2NupI=":{"valueMac":{"type":"Buffer","data":"FZ9f9SWoJYtxM3mB4gGo8qczGJwtMMGCkgOaUhzqhws="}},"LchTKR++I3qhKu+ijLBnEUPGYFnzdnJF/CF1E/suIHg=":{"valueMac":{"type":"Buffer","data":"BGrn83QzkuFiBX4G3MkUgOcxYD6X3uUHvV+nD+T9ykI="}},"Lc+82W8BriawA1u15OXFP9v8/MnWI+2nQpwlB2J6uI0=":{"valueMac":{"type":"Buffer","data":"G6KdKOBpySQeQTkouYNzyqdGh05KE7jf3v8wlZy3swE="}},"LeXp2u+SvIGL4h0fyJmPYSBg6PJi6OVfnZvICDjcimE=":{"valueMac":{"type":"Buffer","data":"0k5nmW5Di7nBClNPCiQ13w6JlSmD8EV9FV/WfRRNg3M="}},"LlM2++TbzPz1jNiqKMmPPD8MgGsLIsLpgKLBNM7fHts=":{"valueMac":{"type":"Buffer","data":"DHQofw8K34aE/RE4NfEcktjlLOmwaYiSyhfjdEh3MXo="}},"Lw248ZMfYpTbsZ+DGhJMp43DYFyAyaWOVU9YQ7EDndY=":{"valueMac":{"type":"Buffer","data":"dB5zCBaw9TL0cJPgo6hDJCbKYInaqm9okXWgF6+9/0A="}},"L0rj891/Ydtxeoy8S+LNARdp4M38x5kHeHSLA1RRLGQ=":{"valueMac":{"type":"Buffer","data":"MzGAFudccObPES4IZ9bzDuJSeM38QYrou24Fix/forA="}},"L6Y46zylGd0XxAzil4I+3lGUszoNGLa2i+4N74eIx9M=":{"valueMac":{"type":"Buffer","data":"TILBzdFhHo69WHoN/I98xWJBZuSrKOEdDLsPSLCptY8="}},"MO1MBXzaOsGeujcDuyw6HeiWZq1mF6POn4+qcXhU0JI=":{"valueMac":{"type":"Buffer","data":"tprGSTMTrlZaaEM+fLsYN6G7JKtu8T7n8m/jkm/cuIA="}},"MPqsAbU2OnIbdFEW0RbKyr5T7R3pLbNNi1ehAev9vB8=":{"valueMac":{"type":"Buffer","data":"zeChow/EuAsAA1oUUtMoaK9+L7Ie/Ij1XwMaLFK+T+g="}},"M8oXsJ7YEnJbnJBc/PXvbEZzfrIDj2xQjPhXs24Xn88=":{"valueMac":{"type":"Buffer","data":"ChxoCD8b8aAwCOVinkRicq3uIeeJqXaZq01W6zF58V0="}},"NZHiDw5b4ubrldSxExQ1WGD+4PzdAlA5Z3T4wJUzSaI=":{"valueMac":{"type":"Buffer","data":"LReXuK0cx7fqDv51kroCkLO0OK1KGP4rRjTFRMVfwV4="}},"NgKHtzyw/U7LKVjREte25/100cGQ8gUitmUr+eVXxiA=":{"valueMac":{"type":"Buffer","data":"3e+NL24rkw1RddbAk+YLnpCuVx+O4rMhMbK5xaxV2TU="}},"Nwn/stslzNxdqUnbCuASpqvfR7R04FpcABaui3eB6jU=":{"valueMac":{"type":"Buffer","data":"gXivadtntzteTSmTw9jGWKSDdtmsnlDXMtxe7RKBk3A="}},"N052BhRDNZaxm9kb7TShcICyIp1QfFBNq0IjfUd4RYM=":{"valueMac":{"type":"Buffer","data":"0PeNsKv+I8GCiSTgROsKGrO4LhzQ9YPeh9hQfroR8QU="}},"N4r5SHT8yufae7eilKYq0IH1yAOe/vAJAeQXvkc2VZ8=":{"valueMac":{"type":"Buffer","data":"yucA+fEQqh4jMkKLwGkQuWBndJ/GbT+MjtS7AcqEG7w="}},"N5BVtAE8IKOlh5Fm0fgkikAn4R+J8ydVjHmJiF5WxaQ=":{"valueMac":{"type":"Buffer","data":"G6HH0cZBPiPuA8dW/DuHWZRsgOqVMZrpJdizqPTKvtw="}},"OFdzKVihgvZGsluzPMDxdR0oq6GKk16Dz/9zAkMCT2A=":{"valueMac":{"type":"Buffer","data":"jkN2f7VkQD6A653czWpl86GkEBVebSd//VFiwlV8SCo="}},"OOlIpjA9d48xYp5LrmW7B+KacimvBEOb9102Pq/3ePg=":{"valueMac":{"type":"Buffer","data":"gMUVUzvJIDPwP2Li64H+tXfh1yflyfwSVa1ghUFQKUY="}},"OZbAV+13vM3SEhamTBeXYGAQQUFRx6wmoscRdsMp37Q=":{"valueMac":{"type":"Buffer","data":"vSIJNNYJE4oYadro2z8Ip6zayMfhrhO17lGnLgsaASI="}},"OZ/G8wm4xbn+jO+fHq1yo9FuXx+MTDHtNUiijgpVHEw=":{"valueMac":{"type":"Buffer","data":"QdhDh10OXmFBhsOIfVhVRIHxHFtPXLJq36Uz7ppl1LE="}},"OwMK5hH2x7XwXcklJA3HPt9j79Wjfborsnwg5UxK6Mg=":{"valueMac":{"type":"Buffer","data":"GIo2rGam9NypJSi12WsSVuaPu6lnRqVRRA6kXeBnERY="}},"O4Xl3Vvpme4fxH5p5wkdj1AzllqiB/jiSDizgHIzTLs=":{"valueMac":{"type":"Buffer","data":"GCc/OlSVK5VJzSEHkcPLpD/zgbubyyCUpaKHs0fjQyw="}},"O5BU7rDC9hghG09Jg0ufNnOMZB0RQ+MUo+2Yp/7tCoU=":{"valueMac":{"type":"Buffer","data":"I0+VuZ5/qGCG8c8tJUjgUR8hJs2+WEuaP6OePRhafp0="}},"O8SltW57LA1wqzrXhnwfmJcrmf5I+FhaRwTCQhJ20LI=":{"valueMac":{"type":"Buffer","data":"iYBB1+NfORiS9MYc3ne6lIcVzlxiI4vgoGM2Dmc72rM="}},"O+Nq0wq9OpOx68ddbgkOtRoOTY8mjLReA9nammh0LLs=":{"valueMac":{"type":"Buffer","data":"66TxaiaBfepD24agZfAM/KKfg9XYy0paNNEVWl/IVQY="}},"PAx0gYwzq3GFZmEoaynAnRhMswqOZS5ahIwL1F2YWvE=":{"valueMac":{"type":"Buffer","data":"JQc1oHORepWIbLbYmaz0lj2Qh61zLuN6fycV4E8Z6wA="}},"PA3EAjLxP9MzwuPJ2pRbslB3ksvxCfgN+/7vE4HgH3c=":{"valueMac":{"type":"Buffer","data":"l9Joj7+6odvf8ARNDuEnoDUgG3GxWI4X2bjnbgVTBR0="}},"POFvOhPg+CFN8cJEUs6KS8gUk20G/n2MJK0eoFXT8rM=":{"valueMac":{"type":"Buffer","data":"zMNolBpkzlxQjtr2bdNJli2JBwkaS53AuIK5bcB+lCc="}},"PUL0LeZrZvuVz+Lpm0cIPY+Fhn0j87M4q0B3zwTBCvU=":{"valueMac":{"type":"Buffer","data":"/Pk0ze+aE8un+tDqFHky6DY8z1rEpuHMXMDCoC8zeG8="}},"PoCw4EcbBjp72Nubfv0izdnj803+63Qpehexgf6D408=":{"valueMac":{"type":"Buffer","data":"gY+xX5KbBnc+lBT1vLRbFPFUSWEV7Bb0vQiFR8fDvhE="}},"P+Z/cGE/xJ7U2aFCbiptFYOF1S3yAkdEurhYPFvCNks=":{"valueMac":{"type":"Buffer","data":"VnYef92AZSfVUDT3/0pNFxjflZnuylHlO0ijs+YnddE="}},"QAFpZBbFbLSYf/DofcYcrgoX9xQz0Xj0Ius1oUZfuio=":{"valueMac":{"type":"Buffer","data":"0I/0Em8o/R0P+eB0qtykVtj3uSkxZtr9FwSPsKqT3Tk="}},"QFm3FD7lKjfbLtDiB6YbVz40oFCS2MWK9ySc8zdFksQ=":{"valueMac":{"type":"Buffer","data":"qLwQen2FbTXGEWUiP6YnTbWfa5JEakCRmqYtzBvNEWE="}},"QJC5qFU9p9/8Bg/w3XyNs/5Erys5ugG/oTHPENpuc7w=":{"valueMac":{"type":"Buffer","data":"oZ1P9Eqy+ZOkMsSdUpi17TkX+rHJW++Nv5s7IBjGncs="}},"QZD1K98SmHPrn/mK/8uDRfTZsajKHesWECSpfe3RKOI=":{"valueMac":{"type":"Buffer","data":"dlk72GAs75jblTy9ceaxFPs5JEmi0v5RZogmwoMHHZI="}},"QjP6wcQ5/9Jc93znfvhHskODMw+nv8x0z2QoxZ2//Aw=":{"valueMac":{"type":"Buffer","data":"1ZMIvg++pe1ZGtNzAYgKYnNcXoZsMA25A04jNUbrCMc="}},"QyakF+lk2FzdbwMaq4+MWoa6CsWlGfTq9/3LFq6Ho1g=":{"valueMac":{"type":"Buffer","data":"arYo/1Dg6UkVxy93cndBlZxDcQSzRMDRbcCEuHH1160="}},"RJFCZ2rU5DTenqv3SNUwg/QHTLJWezOEvoayeLq9PJ0=":{"valueMac":{"type":"Buffer","data":"ZNIoJKh56HBUJDUJpz25v5495OK6VYDT2cPzefZOBFw="}},"RWF/oi9t6+a1Ugp5kBs+ntegHhaIvPa3IbDCuUyDJ2s=":{"valueMac":{"type":"Buffer","data":"uMRbduG4Lwq5VR4sl9vUlueOrK/Cd/sPsobQ7XMlmhM="}},"Rq2A+Mpp9rdohi5tLqhZw/XI0NJuLMzN6qmgsHIzJ3A=":{"valueMac":{"type":"Buffer","data":"PYCTo4fGzE0/iBOT79093JwMaWhGTNXqt7nXFNl+zi4="}},"RwQ8z9tZD2x84k0N1t64QiiblctIrIfJ7SX6FHgJDl0=":{"valueMac":{"type":"Buffer","data":"+dsCb9i4aLsc6+STQcOofWglW24KldnmOwsGpdc510E="}},"RzrpXX+H0uAOn6txSHJxPsOOxGkxr3u4QiqZRcrofhg=":{"valueMac":{"type":"Buffer","data":"a4W9lM81su5133+ve5fLvk4Xif1lj2GTr/2aGpp/FIk="}},"SF2mQ3lNJQ8A1rn/yNlhLHVo/zbrIYJmerFrJBuWBQs=":{"valueMac":{"type":"Buffer","data":"1rfrh9BBYr6VdQLbBHVARVHlW/t3EAWJyznMKqM0JJY="}},"SIKHigztGEc7jEYF4LDgmnRYVE7Dd+MFOW0F4S8tcn0=":{"valueMac":{"type":"Buffer","data":"ZvUWKNdN2v8TpNtDqSjk2ujThLh6ooZlh/R2FiS/UH8="}},"STGZ1oJfQT6Ls0/fZk6fVpejEJWTrkLBKLhV1v6xHRg=":{"valueMac":{"type":"Buffer","data":"WkZm1TnoZLX4mQCJF63S8sqLdN/M/6udWoA4JG9aZwo="}},"ScNd8VItNBrVah+Cz3bGpmyoN81K6r4v/b6yUEJXzOk=":{"valueMac":{"type":"Buffer","data":"xGwAGQ04QobWiFsYPphDHO0IiRZalXoqtn9aFuf0AsM="}},"SgSxnz9yr7PkC23lkyP88jh0/Kd6eDd6q0mln4cB4V8=":{"valueMac":{"type":"Buffer","data":"0kd6TsCNzeFse9MZeIOz7q2X7LQa5N5wC3VlcF5i9E0="}},"SmFYoNeEhTrtvBw9s+59WjNFxTuyLiR9aXM1C+gUdYQ=":{"valueMac":{"type":"Buffer","data":"QsYr1QBy/YCVAnJ2fkGDWmDJ7CgdXxr4IpIgozIWJcw="}},"SsT4nPjob7iNpiSmGYdAe/8m87Ip9I4oJve7nI4+Klk=":{"valueMac":{"type":"Buffer","data":"c2oUO8iCKjOynyrRrjcuBHwQ14U+Bt96DWFKrawglew="}},"StVbPrM/bCyhEWGgxqbaFrvVhGj6142fcGhYcl/hMoQ=":{"valueMac":{"type":"Buffer","data":"AgDtI9lDx8/At6ddvT4FXd6UEOa+VwYG6R3+zTNzt0A="}},"SxMl7wMWn+nhlzLk4SAUd+O9QLTbaoO/0c+nTnp/On8=":{"valueMac":{"type":"Buffer","data":"BwoKcLQgSK/4a5PfILNCYEqV3T4a4CNK8jdGPH7XriM="}},"TACZtqIeLCsmSevAk+IFOr/Nueg1FjlhexLymMvU5Y4=":{"valueMac":{"type":"Buffer","data":"mGUz6F9qDATQohpvr/j4L0cOukqgnExuY3Wyya3UlG8="}},"TSqiFRLLOkFWqlWHLdEWe6E09xL2UNUKyHD/O7lEQx4=":{"valueMac":{"type":"Buffer","data":"wYDrWYtyR8TpcxnVkGXOsyZpRy3ULg9TzC1YmVcxoNU="}},"TcFL2Q8GV+lxqQsymGOae/4MqGMa4apiQT1t6tHt0/Y=":{"valueMac":{"type":"Buffer","data":"Zb3G9i6SqhDxwIC7IpXJKLu5/DtbYIpMq7bRsLh/LhA="}},"TeBw7/M7016lLYhUtKMmFGvmyLUZuCCzjfqNfnpPsDw=":{"valueMac":{"type":"Buffer","data":"j3Dt51BrY1FYsmGys10OIoWuHi4GQ8h8/AdvcdQmlqA="}},"Tggeq+PwbxTcMRxzusniDyPdifQjPD+yZquqH/I/JJI=":{"valueMac":{"type":"Buffer","data":"Xed3tS2XtvAc/EeV6AX9GNxZ9P0SowZns0zMz5eeGr8="}},"TtzlPnclWojGlesVSwnsV6JyDhwPrAhb1K32m4FAcZU=":{"valueMac":{"type":"Buffer","data":"P4lfDw+S/mYmdKXvGhDtCEOrGp2ewKoyVEs2yTiyIuc="}},"TxCrrN3NffyYMk+O68JCeKWw8xuQKT7/nw1M22BVuW4=":{"valueMac":{"type":"Buffer","data":"iYG/9Qgp1nT74ffAepAZoOXkZVRkWs+lTd7kNGncAtg="}},"TxRVOz4tI5OdMIzCNPP5rqKCUMGgi/Ggcjj4nYP+HDQ=":{"valueMac":{"type":"Buffer","data":"U809RJeSXwlYqCUfhV3BDhDF2eT5Whhm2vG5P7Z9JF4="}},"Tx4lyCqED9RejC9fLlcLjjeiwGdMwuMHl2BIFHgLP2M=":{"valueMac":{"type":"Buffer","data":"DzFvqQA/a0yWOuCheSf48ybnducO3D52nE+GjIDXgXc="}},"T4+DJTdz/+i3oUN0NEXWT8RNHKTe8IK3B/1VTN0/vVg=":{"valueMac":{"type":"Buffer","data":"U8rYPpVYtOrxXStrFlzFL+r/ytHINm0nZfpM3/LsBj0="}},"UNjFA24dFWspOA7D06SXxcS8vAkt6mNg42R5GAktHsk=":{"valueMac":{"type":"Buffer","data":"eW1nG/nSkYygy2CTkKH4LbZL9Zxg0N4AbIk/Ge9ONSo="}},"UdELGVGmp8yAeegYMUMLTx8x2pvGOckMhvzTiSUcxpw=":{"valueMac":{"type":"Buffer","data":"DYEeizvDvuOKywdzO06J4VXezw7xO109bhEhL52HXk4="}},"Ue4rqwHQCQoRaFoXZukUZVKJjfvIBqeo8e0H0w/yBMo=":{"valueMac":{"type":"Buffer","data":"mlNMdcpTm4UA7VvcnR/pMmP2Zn5OhEO46ANEsoeWcwc="}},"UfLHbP9lw0gfUHdW0tRuHaselTGOIer4Df2LegSSCXE=":{"valueMac":{"type":"Buffer","data":"pHrz0I2eOgKfTdnyGz47lERNt/ke43SuExQeJDcpPmI="}},"Uqy9bbtyLASmbEx6GI+FL3hUgar2pf3PJkrebES58TY=":{"valueMac":{"type":"Buffer","data":"X1Btuev/oFb+xJV3godxgKPwAhzs48M5y+yLwAHQViU="}},"U4FHnqlBOPXu2IlIxtTmoRCTodu6AczS/rzisTjAmD0=":{"valueMac":{"type":"Buffer","data":"szm+qV7hAAq5uXtbI3naO5mOrV4yx3JNUDOheocNTaI="}},"VEER8ligUsoWoajjh2wA/LW7o3F9c+SH/XC7LMoBSUo=":{"valueMac":{"type":"Buffer","data":"W/N/dxKIA+kRytDuIbX5oJdX6C/CzFkp9FWqOvKS5Hc="}},"Vcd0vkNM0PYCqKArTaNFFPOZlXMezOWlTGh5neJGMVU=":{"valueMac":{"type":"Buffer","data":"yE/jMnEyVcjb3l85avU1KZHMJDmmZU3XmQnSdxvOFGY="}},"VsMx/s6o8NxJwS8nga+kN4qSUR8yWxAEvjuGSZLly3Q=":{"valueMac":{"type":"Buffer","data":"FUagIOj4KpX0kbZO8BqLls2JTdpfDeM1PNHSozHeKvk="}},"Vzg/K4Unc4cs9Mm2abL/d0TPI8OBK2pr1B/s/AmD7M4=":{"valueMac":{"type":"Buffer","data":"S7wE4q0fCEltibCjKnbKBKfyJ6PODbcRB/WBAoZhqbE="}},"V0M1f2UfXQGw4PEJOEBgeaWT78HXH0ZaJfuCaALFQOg=":{"valueMac":{"type":"Buffer","data":"6Qk5ea4KRD0yvziLT+mdYPWLSKUvobW17j3/OtgRk/A="}},"V6jU8WaY8xSycrUVyaTTpd8NJ4BM1ka6YliBOW/twEw=":{"valueMac":{"type":"Buffer","data":"T40bLdvA2O7/nPw/QxCG5osFBBsnNjM4/CsfdOp7no4="}},"WEm46vceN8mu11qz4UBaRZMl8doSPAqAfrOVtjv0W34=":{"valueMac":{"type":"Buffer","data":"i7M8F8EUXPzrHyvMj+x4Uq2WzbON65bZ+scZfa/+R0Y="}},"Wh+MTYX5UIfQY/+aG5PZFRpzsWHyEyLjsCUkqeBYxHk=":{"valueMac":{"type":"Buffer","data":"FXwbdFhiIUd2Cq0cCS+NbII/obKq2qFjvn5lNIc5BG4="}},"WvJmqn1rO96drvFjgy4W1ZIQBhM/A7+AnPeDVLCpLMM=":{"valueMac":{"type":"Buffer","data":"5wvdkFPb9Og3GTc8yNeDYDFOYcoEnzLt0pl0ryqfGlE="}},"W/8swMGApP3hRofGUX6Z+9dw30bsHjsAUfHJI+gmzdA=":{"valueMac":{"type":"Buffer","data":"iXBgCcb6JaFkXU6z61OnccEpEOKUz61rI4DTahbu5SQ="}},"XFAlFGRYGQtu52UR6Ug9G34lnBU3E/D8IiIZVw6PEq4=":{"valueMac":{"type":"Buffer","data":"fEv6Rv7AzQxFl3G9hv+lkNIyoEbWmPxu1H2AznCrWTM="}},"XRSw/7uucirF5Ipmd1PdmFCnZqsRSATmsOJE+syzqCY=":{"valueMac":{"type":"Buffer","data":"FsPaKdDXWioWBAoSp6UhCBpNbkhzN7L517j1olAvKB4="}},"XXnN8Zy3P0butRa50lO/Bvb69veq/3QeJfk2jFOFXqQ=":{"valueMac":{"type":"Buffer","data":"0h8Kz3qizihyN5fX2x06BRPEHYCxRsrQ3dfrlkg7CBc="}},"XeyIKRbDqFrqSCgWUEsBhw+85EWdgri03DI8uQoVniw=":{"valueMac":{"type":"Buffer","data":"uzEG6B48OKLQ6SfwhhrctLOyV/SRiYBdTa17WCS2KzU="}},"X/cd3iOPwwbYX4LIqVmHZOlukb77mZfyZK51TslcKxA=":{"valueMac":{"type":"Buffer","data":"CI3u8uRxtCj0K3I5fuzSUAJuvzl4p968W4HKneEynxc="}},"YGi8/XS7g9FjffK+ybziVy+0tOPaWcRlgLXWvyr79LU=":{"valueMac":{"type":"Buffer","data":"q3yagafYBOQ/wDhtXV55ShRbSDuWq7kXffpCi8I8rNA="}},"YtIi51M5s1c5EwAkP5DilcDslJa52jczZcXvHTHjoYc=":{"valueMac":{"type":"Buffer","data":"fwkEQcsY9cWMMDFQRNpcTW1TUoSJqYaE3eHCfVTwwd0="}},"Ytd8GGolf8jwcDs5LEDEeZst9EnGFWhup+DazCqRX1M=":{"valueMac":{"type":"Buffer","data":"5kKXEJ9Ga7fKHCUprHN/tP/eoptndSNM7q9EyFqgK08="}},"Yv2Wuh1+Uo9NF+To2DPnMEfbWUZtT+2Bdn+MGZl7Qu8=":{"valueMac":{"type":"Buffer","data":"o+dMWaFBWF1vlt+FDTge+4gO5QER5IgmaRXU5drSBEY="}},"ZFj3jYNS3BDWlAEFKv+iOo0oHmX/VnQVg3Z4FIxFXPc=":{"valueMac":{"type":"Buffer","data":"QBA2f4K8Othr31zKLe2oCyADfIpkyT4D19HXOzqYzJ4="}},"ZWCC7UlA2+gcYDTUIUDJuLXN1HD3CILfQ1oRiYGZ2B4=":{"valueMac":{"type":"Buffer","data":"e08j90JoBNul3EfPKQbAKsRgN9n8bkZQG90AtR3S25s="}},"ZhlnORJTfqq29msWEnLJ9JDjMicFMfFraiuqvBGE80A=":{"valueMac":{"type":"Buffer","data":"p7RVgsuWXkYCylZpTGrZzcp6Ub8yHJ5mvcy8EqgfzDg="}},"Zt8nJ4VZm9mihmll4vOrECRsrxqVhIuNxG1psCLsBfw=":{"valueMac":{"type":"Buffer","data":"jIs5W6fy16Kzd5dNwcJzmSjPSe3XMyVbvDXHnzZvmQM="}},"Z34/mv0hC3ivEHdIqUQerIdMuTQNwlWRrfAu49A3cDs=":{"valueMac":{"type":"Buffer","data":"v1FIM65Rmf9FRFIcx0AyQ6gspyVmxPbdAbdaJHRMjGw="}},"Z4aJZFPC8vBJmoK41MHWTH16oB5e7NKldjiN0G2YfWo=":{"valueMac":{"type":"Buffer","data":"QyIvTO2ycEZCKdAJG4o5bq0XyPtehs1RXRDfKfN7sIo="}},"Z5qdWS6U/Dp22rsKzgBi9O83/EewC/S5i1Hd9vjl1yw=":{"valueMac":{"type":"Buffer","data":"A8NiRqyjyXIGw6lxUb+tEHEedslnrH7yfQ4eB1cHwcY="}},"aIKeAnZ+VlBXDVrkAuI5bt7qkqxKPUQO1RXiSSxtlQQ=":{"valueMac":{"type":"Buffer","data":"Sz1YO7r7vlA9F6sr1hjCJahvatZB0L/KODrc0Ov095A="}},"aqZsx3SkqVSitoH5axUBFhudqo7GzKlf7xeXd/WNc04=":{"valueMac":{"type":"Buffer","data":"WoVN9BKQCJ0VK4l7tusx4rSerckkyA9iGG1C5k8z05s="}},"auY8R5Mg3LjIzrQKYCGrzXs36mYzCKY6JJhhxCV++zI=":{"valueMac":{"type":"Buffer","data":"7y6Rk1JDUs4h6nJpZnSPfEYzhDs2JbRIXCXGfxd2VwY="}},"aw3jHAg7qQIMWRVOJgPVTrZjbm7MTu5x+DW39EZk+jA=":{"valueMac":{"type":"Buffer","data":"cRLB/tZjuzNfkqAUEozIY/lRUcH2ut4TYKYmHKAv/cQ="}},"bDrScNT9Fm3p/ziiiuNcfQomaMWF9J4Q/gc2Dd6VUuM=":{"valueMac":{"type":"Buffer","data":"Skm5oHToMZYeyDYeQ1Xb9LJkJX2N2D9rk8UB3LCt4Bo="}},"bFt5/vRpz3bOfikxh0IsEX5LqH1JbssliX6l2zcdX8M=":{"valueMac":{"type":"Buffer","data":"kf9XwVmAv09VuPor7LEuKk06U4/RY5HUAtnfjVhcE3A="}},"b85aFnr3hf3655Vlaz3XRP7UyJ09lKailS9qNdkNboc=":{"valueMac":{"type":"Buffer","data":"HL5toql5UH3eXPaf/sF/Jc+BHl3wK14sArTJWoaAjVk="}},"csfexRf9DkqSKUyFd2Z0LLAPdowUwOhf6DLN4CO4PfI=":{"valueMac":{"type":"Buffer","data":"/IUG0UtywPu/yObVjxrWYrPXHpSIILFWzW8iq/8Hr8E="}},"c1K+6dFbFaqQEWZK9JiqH1dJRA48Gq17EfiP3HQrJrU=":{"valueMac":{"type":"Buffer","data":"lVNtT27yUGGW2qaHMFB9UU/ievVgsfrRI+UqzDf4IWE="}},"c2c60h1ZiUTVq6Zx4CkxYbPhpC6HN6H25TVYtzxzRwM=":{"valueMac":{"type":"Buffer","data":"2ePjZW6NzyGubTRrFxiXugV0FXvXOVbOiiV2vgHohKY="}},"dOmgeDNTo6L0OntoexDx8lNV36+vSy+/zEx1IYbCr9Q=":{"valueMac":{"type":"Buffer","data":"07fRKcdGRf6rLxPgU9iFXhzLki/1IkB8bADksV+aDV0="}},"dSNHnDYvdzjRuCXIpGVWRvHls8Wobc15kdGbnC2ZdVQ=":{"valueMac":{"type":"Buffer","data":"WBbqxjw6b4pR2/+nyaiPXGdXFSowJwIqbkeLMlSZSu8="}},"du7NcMCu1Miy2YAMjFvzsOtCG1dg6axYdEc5sp7ixtM=":{"valueMac":{"type":"Buffer","data":"WnnObCBquFxWfGozTQwqDgHn+NwOGNCs4n0jo+GdYcM="}},"dvNSc72BFfkSY2wGKqaoVB7/elfFeLnw+NZkoj6wWMY=":{"valueMac":{"type":"Buffer","data":"okWBU/1p7SG4FS0LpG5M3aXAxhTJ8gHs0gXOqnsp8S8="}},"d8bUGm0zjGR2P8fQaeGU3vvosy0oWrHJ2mwg/e24DNA=":{"valueMac":{"type":"Buffer","data":"Jp4dHnDBrcnbFP483raEWyeNIqVMbg/tJQqnY4K+8Z8="}},"eEhD9M2wsYkMYyOhCauMSBrUWzmnLpFoigRvyOEQi1s=":{"valueMac":{"type":"Buffer","data":"TGbPRlC9K0eFQ3E0lRJEBPyjT2e6i+qH89+h02XMYQo="}},"eIV7TW0GhT6DcjdyBEc9+vVMdlkO4E7AhP7hR6ErOoA=":{"valueMac":{"type":"Buffer","data":"vigRigVboLIO3rjRmJtRTzL1SJAYARo+gUV3DXFQAt4="}},"eKi/FY1ciGyfb72/Dgw5tNyz98vX/xR4beFRVnd5uag=":{"valueMac":{"type":"Buffer","data":"4o3+aCvWjaJ5VSIq8Qa5EBs6lpR4KhdGrMFnPv5aWhc="}},"ecsMmsmEwYc4c+FtcGVsprY0tIfuo51HVb5mmZPL7Qk=":{"valueMac":{"type":"Buffer","data":"cuGuidXFQL7RiGtz2monZ+m6RDJDLOT76FhlgjMTQ1s="}},"eqtZn78TLN3erOxXFHuvswI2hxI/kxW+tngwb0P1wgI=":{"valueMac":{"type":"Buffer","data":"YNGVCzHD6eGVin6+/3xPEKRP1YcthmUsXE0TCpsndqs="}},"e/wgcmeZ39iaM7hRSvXNAIxygrNyNA1ZIxrMWM0iMi8=":{"valueMac":{"type":"Buffer","data":"3LjDuY+zOh87xUjgf2JH2o4+azPYWPrjSUQ3O0yS0vA="}},"fGQDLsnJY0QSTPTrkvjJf3GyuQ+IBF/fgAQK/fy+J7k=":{"valueMac":{"type":"Buffer","data":"/nO4IVfWrZXIoqjFZowG1GE8feeUjjloCnD5eSJzMxs="}},"fJa8FYcut6dUFzV5Hc2hkoXqMaXE72CuPou/zYEmQ9A=":{"valueMac":{"type":"Buffer","data":"bYQhI5WhaaO2VgpzGqeT0b5CJgpFx5XpQEqoCpBxaSA="}},"fQC/ppAnBfXvfgKLngPKKjTwzmS1B9m5qTcuoCdtvgg=":{"valueMac":{"type":"Buffer","data":"RGF3H8PCqfJYOOrMyCnEB0Qydrxft7bqRDwKMu7yrUI="}},"fX/k0LzawvOznjCcfefcxYhv8M8hwRZ3/z3V6ZvwZuc=":{"valueMac":{"type":"Buffer","data":"20rGOW1QelHCwbQvhCQZyFn2MMPkRebeVhoDySewjGg="}},"fbUhSvi8NUo5fVbLq7HCai52W4QKC0q55IThZPXR25k=":{"valueMac":{"type":"Buffer","data":"HQ2oZAdNXUJ3EfbKnP9VFTeZ8MqeXafULmLYj1CgIWU="}},"frUyC8RWtJ6LUfmlBc9DiC+uKU79PAYOdzU28QQR9rk=":{"valueMac":{"type":"Buffer","data":"tkXvWIGBTAjR1NwGB5rZgrq8t2vjS3KJgRNwcbsGNX8="}},"ft2VknUhyr9OCF1nhIBAUbAtnaSC/A6kIUU1q9TQTwU=":{"valueMac":{"type":"Buffer","data":"vt0woIlKFJY9BGFMQ6MhOyw9zLz85fa3UaPMNoB3ndY="}},"gAbE55DEVVKedKYzHsVGmwi5rsc8/TPpW8OHkjqRc2I=":{"valueMac":{"type":"Buffer","data":"KTJnmTROA8mT/DUTSOwtfCkLp+eC3eAVa1w3ZOEomV8="}},"gBGfyTTOhJCAhpjU3kXoIZ/mrt0Hl4asW6lW8TDCRLM=":{"valueMac":{"type":"Buffer","data":"LvtLzUuml3QsxSwECfN6gCqRO9j+L2crBU+gqJr2aOQ="}},"gCC7VfTSPXtK3QJwnhfFduQ7GUXkeAJYAgQpa1lGUhI=":{"valueMac":{"type":"Buffer","data":"4ljm/Cz3TacLUYiPqr5v0ANiPMfHdbZg5MXr0NU/ETE="}},"gHMPDgdq6PeA6R8qX+a6Ic0KabrRr70DMhTIzGpu/v0=":{"valueMac":{"type":"Buffer","data":"oQKj1tQJNXkLe1n5Ki8lfLchn/+iQ5xJwnzdfGxTNSs="}},"gdXQ08yRhh59Vxa7nn5xaH7uVjL+t6qaOeXEFyqDork=":{"valueMac":{"type":"Buffer","data":"CTGGaWc+RfuzpW1JFxwn0yx6xZbRR6b+BcKV1j2FQYE="}},"ghXDHb5ACjp3BAIhHkgWN/xeDwE588sudME6KLKhuH0=":{"valueMac":{"type":"Buffer","data":"dUHM+yYNush2OEeA5+tLe7r6/2eZ71F+Vm4sBKc3ufo="}},"gmFG6NxmneSttuBMJtDoFA+p8j1XB9C+wWcIiYr+wlI=":{"valueMac":{"type":"Buffer","data":"tqgcZO1RrFq8MAdu20LrFUC3c1BjQUcEqJdrMSaGF9E="}},"goHdkE35OcafwjCMdgz/cB6AHA39bRRAoZs8+Bwia9g=":{"valueMac":{"type":"Buffer","data":"rsWX0vK/gXB9Bm8VhnNVS4Hduioc5dKRq3gxLPAZX+M="}},"g2SWMLWKvO0aEDZaWsRTFHcO5HdLl/24tVnluAW7944=":{"valueMac":{"type":"Buffer","data":"wh3RrrsxPHxj1Ha7yrdFGtYZPu4y8o8ovmd3srxnlrs="}},"hCVHDhmKCEA2YvOXjCqKM2eRICDj79+IORVEKaK/xpU=":{"valueMac":{"type":"Buffer","data":"2apQxF+QqNtKV6QLVnff/27nWdi/tJaNhOuilrQ60E4="}},"hGlojGCJ0/m5exYmUprKDU4VfWYpxm8Zz4cfHqUnA3o=":{"valueMac":{"type":"Buffer","data":"51BUMmFx3rC/TUoCMjn3C15AbcLGjupQZ2LdY4MCy/I="}},"hXu6eo6/UKPQbvqLncDuJXh+wruOCUtmYHMOUUWL8xQ=":{"valueMac":{"type":"Buffer","data":"wqo8MvmoUMhdvES7dX9cMc7cqdmWpQCNljCX9AGjXxw="}},"hpFgWWwoWa5fM/tR/F18T3FRmTOB4ufNnXcQnmtvahc=":{"valueMac":{"type":"Buffer","data":"Myw0Nifpd/OMklNz48bQDKf6U8ht/sqeYAVwGPaQRQE="}},"hujV8eUlOK//Doa2pDVniGFNtBVC1U+MjZC4Obs3GaA=":{"valueMac":{"type":"Buffer","data":"F/kS8qxhwrxEJUlxFltMjcUnz5L0zZbMuCXPhSRtkkU="}},"hyUPQmaydzjTPXiYzH2gF4c8m3Oyoh1nbBHdzJ61HZQ=":{"valueMac":{"type":"Buffer","data":"7JyVblB+YykFpFBdOULSLqbkrh9J966u9nLqQqKxIUc="}},"hy9VvnyOYw1ImLYQJ/qLuSHoSGjWIlE3o6A8GCKsnGY=":{"valueMac":{"type":"Buffer","data":"GJMWxsKsiE2EwYW8vBN9I8baIbBBKUa68c8Ct0YwRmU="}},"h+8VYuhVZBV60QWurWsIY6vMTxJLTBq3xeMb8VSaprY=":{"valueMac":{"type":"Buffer","data":"QLzVQczyou+uDsi8y4DacAfqdwTknxo1XWI2X0jK674="}},"iKCVHzGYQZPg0AR1pytv20J1xkuvFrePCuPE1SjImiM=":{"valueMac":{"type":"Buffer","data":"BbEvxmC2WW3IQy1wROoWM6wKSGRgzdVcK0vL5uoJr3Y="}},"iTtOS1QoP4bB370057cY2qQQvErLf8edw8hwwIDtUm8=":{"valueMac":{"type":"Buffer","data":"zCuAFN6X6q7A5t3XuTFoQ9RogWL9NByM7gDNjzDLCoA="}},"jIW4MSQ1VNzPfQmg6uGykQGDqa1aaAyNT2mdFpadM3o=":{"valueMac":{"type":"Buffer","data":"1xe7ksZCHbgGvOP6WrkbCOSgwAXfE6tHES3MlK01ldA="}},"jV8+fhCr9JEnRaz+4SBEcKevO9j5WsDhTjbIwrYDmB4=":{"valueMac":{"type":"Buffer","data":"YNyyWkG56k0vteAwnJ9NZ/UosGoYbpVLN3Be9rq1rS0="}},"j+IJZqdzQlLTi6LTenZkN6QoAZBMKQNpe+uR+cF4jwM=":{"valueMac":{"type":"Buffer","data":"N9SYkAsTp2gp6oLA7vuw86YNGIZBq76euTAbPzdx0xA="}},"j/tiAMX/cPzf++A4qfVjCavjpjBJxkDOMia9A4kJjAw=":{"valueMac":{"type":"Buffer","data":"yf1ng+JAWN1EKF0li7NeNPK/EvXSoEP1yVObBUxkCcQ="}},"kWqpxuMRbw7LQ6EhJhSqIjk7zR9caK+Wtj2BAzm+C1Q=":{"valueMac":{"type":"Buffer","data":"WTi4J3mIjUwVxeSJK21W/aZwJUYbdlpuoa3t1RJXDmY="}},"kiXzH+E8n5ON0nazPCbrZyVN/oRVm7tmSXo2iruSGVQ=":{"valueMac":{"type":"Buffer","data":"wd2q4i0zxjBdsPttIRRCTXe4k+vw4G1lQCxpu7bdeSU="}},"kngGLpTq3hIOyOWkj4BqwoR53m5wrUjmnD1Q4rN0sAg=":{"valueMac":{"type":"Buffer","data":"+2wsSBrvBuaSPVvTr7rwUCaL4mpHASrKk7fuNLyU6ZQ="}},"knkPP0CRWvJfpJhataIgppgtHGckwRJ9bC6b0mm/KqY=":{"valueMac":{"type":"Buffer","data":"mBvwI/IoTEBQ7p6cC0AdIhHuFlHd9nKcLypWTtccNaM="}},"ko9FHwXnffprbKmIjdJ8WQoFDw/vIUvcL/mjKZvd9OE=":{"valueMac":{"type":"Buffer","data":"nhEoQfEotOzfjKlsZP7vEpnD+DDZWOqUBPHpWGXZFYg="}},"kscXm2yFFhI8YT5DRA8oenz15FUKQrOSilL/R1FUQ2U=":{"valueMac":{"type":"Buffer","data":"b3eey5fgURHamptZrYKtNqgP9Y0gZoNOm7TF8dd7YWo="}},"ktZf626gEGjdfZF1GSFEjZO7wbjXCa3YiCku3IhKRio=":{"valueMac":{"type":"Buffer","data":"g1woH3KlSNZjlHOb+8VLruL15KytkkKELkTZGTiq/DE="}},"kyFbwBX/VOFOaHO5/b9z5t7bchtMeqQ+JJQ0jxe1blk=":{"valueMac":{"type":"Buffer","data":"eVU4P2ey77+tFkLfrIy0Rhl9prmwrmaeI+RqZIgT0+k="}},"lLyvafP26NusmBKIu8YrpmqxJqRn3cmynazQUV+JYXQ=":{"valueMac":{"type":"Buffer","data":"JeJRmE8WULRsP0W3dbqJWf9yyHXNo1asO6a2/0/s+8Y="}},"lg3w2gAvNq2hGPFi8kacGQp5Wd5Z4INVw2ZJUr6EuMU=":{"valueMac":{"type":"Buffer","data":"bxl1nMtSS6xtNmzvRWdwN49kibnhLYEaCn8YMu2E0V4="}},"lpT1JVF4zZeVyw+dMYxJfcRPCp2xaDzYCPNPGOe7Ikc=":{"valueMac":{"type":"Buffer","data":"+ulgIDVpc4fMi1vXSn0p9D5nmCTVioRj7s0MJQAZThc="}},"mRFph54oWEYRMsQMCXuSEzzFwJP9RDrX0KBUyP1qIKw=":{"valueMac":{"type":"Buffer","data":"2+dE7Wfd9eYWW4Q+wFIEcjWCtNmoWzIvFSb66rHhxqE="}},"mSDWbkYuJotqPJeHEJ9NwDPYJtpPYozAokfPDaUvcq4=":{"valueMac":{"type":"Buffer","data":"rFcrzkKXJl4N9OuM3GvfbDZqz7roMDAloCBunQNlmoM="}},"mfRKCjl4eP7qaeDb7kjOBi4OO3WvzsOBWVU/eB+jrUU=":{"valueMac":{"type":"Buffer","data":"/tAZop2PadumLShpiOYZoQmFCWLj2se/Hx+gxorjdUo="}},"mm6hMDUdOSsRzsOtq/PizLL3xV3W1FxFpE2MGBF8GjE=":{"valueMac":{"type":"Buffer","data":"zanX6/tRgoyW3KJw9FMsEWM19nKe8uO3LWMKgGj5vfQ="}},"mxVB2+YXPnVrw2l2jJqdFuJ4scbQ2M+BE718cbhlkoU=":{"valueMac":{"type":"Buffer","data":"6BC8lbFntlTV4qqqipLy4KhI/r+DqnpGGhB5uGNsekU="}},"nDIaRy05vukbsAWj+JvCwoBM6NMonFVK9aXcgZHLhOw=":{"valueMac":{"type":"Buffer","data":"8+k6owUaq4Eb6qr+6LhB0F6VuIITw0JPztKromqlTzo="}},"oDJCqY6J+VRWDoP+hrN1OKevKF7EwOuyQfj3qfpGDgo=":{"valueMac":{"type":"Buffer","data":"5y+komezj+DLsp2/c2OCIsInivwdBTPfVcoPwfg8PGA="}},"oLSUmD95/1EtAJzksztfm4/tZZQoxmBoiUefYmyZBkY=":{"valueMac":{"type":"Buffer","data":"/vW6RtPnPzflempLfossj2oRMUkKDKlnT3qWQOSWSTA="}},"ocPm1EM+Y8BG2/YIsI8KrxLrsSyl/itngzpdgD/J5MA=":{"valueMac":{"type":"Buffer","data":"C85v9LjpEtSYAaNUxqwi32LB+o8Wln5ueou+X+5AmG4="}},"otm61ORzNw/Ix3o3YgjqjxRRnqcdx3k6LRmGTJ+O5/M=":{"valueMac":{"type":"Buffer","data":"da6J6u0MeLm33FqBURI6MRfKhXp4ZQOKLoWBohZ8YlM="}},"oxHkx9xuhct9mlPcs1TqR19Eey1R2n3n+Rz43AGY0KY=":{"valueMac":{"type":"Buffer","data":"oEX/hrxgu2N6Jx9jZdTWkRMKFqfAreaiJaG3NRzHj2g="}},"o6b1W6sw24FXGEx/MqwRCqtMhZn4A1O9I0hQ9tYlOWU=":{"valueMac":{"type":"Buffer","data":"y9vAiMn3xCXX1b/sfRrCkdkvApckTau/e5DXl8UfA+g="}},"pLGwCp9lEq/k1x4cF3d92l6cPpd+x7nhCxWEoChIRbM=":{"valueMac":{"type":"Buffer","data":"TsMrX8jL/g8oygvgzUJ00dSkSu5BgBwIV4mrmU63yZ8="}},"piJ6gCFreaTba2LFo+U62Iy1VHEqapbFmCOwxMYr9sA=":{"valueMac":{"type":"Buffer","data":"KZdM4J5+g9qyWHc0yYb64LkHZJdn/s8dvdNcuNh4kSc="}},"pnOxSVnJ/VIQgH0ZkB8IzVQrPoVHmpDnbxknGDp2A7Q=":{"valueMac":{"type":"Buffer","data":"XVeBiDgEZGep+VcnTPF0kHDgAL+WwESCS9ss33zxvQ0="}},"poW7ttJ2LylXOdj3Rejx+aCc0kPGq6ixV7RwTVkxCQw=":{"valueMac":{"type":"Buffer","data":"un31jbW+LFa6RXsGxnRCjbJ1K8qNNMLaIeXJ2d3M9sU="}},"pteFvL8CDxVzMY+J1J7citY6aIOo67WUwHHZNLZ2t+I=":{"valueMac":{"type":"Buffer","data":"Rma1vEskz72Mw/c0hqp86H3WQJfVOtJV9f4TUHqPIQ8="}},"puHg7JrQTCxaXoucppwR36tfNhbocH6o6I7owNvceLw=":{"valueMac":{"type":"Buffer","data":"IV+eSP83ZAQ3cG7PlGdX8k89agGVAVbT0wGyvKv8YwY="}},"qMYWUQWQt0U+stLmGpwUYR8dXeSMV9usKsgnwQDA+bM=":{"valueMac":{"type":"Buffer","data":"13s/WXtiBWgPuzrv9Bqrmz4mxYANjqQgNj8u/YjGiGI="}},"qNGEaAPpMqmh9LkSxGC4pXrkHxzQhnHrNTlsL3JIAKA=":{"valueMac":{"type":"Buffer","data":"DiH2s5EtCtNfQHNK1zjaNtYUfsBt7bCr3R7A70Acx0M="}},"qVQLthBaag9Na9igUR9I5TCvzMJ2uPl4vnP0l2jnjSA=":{"valueMac":{"type":"Buffer","data":"9QbL6llEjFDPTozYEqQw+ybqew+VCBgMMZOpXCjNcmU="}},"qeZ+MUE/68/um3EvTV72Iz/cZjwG2NRK9676OJ+lI0E=":{"valueMac":{"type":"Buffer","data":"Y4TlItuEArsVGTzyKxMyxgBgFd1iw3vUyZyg1ndEL+4="}},"qzXXrTQnbXtwlYz1InM1fxgQ8nBo+75QvSEPYaEgVTY=":{"valueMac":{"type":"Buffer","data":"fHBt4t8nqOW53F32SsRfg34ETb/4xRtps0RV/J6biZU="}},"q7b9rdWW/NDuZYf+S0JawU5hBSnKqYEFzLjuB02R8sE=":{"valueMac":{"type":"Buffer","data":"tH+zTE8XT1iQJegLC42+AsBUfc45bZ3t1NshQwI+zLc="}},"rH29g+Fpc/O3VrV5pG4Y9z1TE3AC9B4Ygl5DqH3p/Mk=":{"valueMac":{"type":"Buffer","data":"Bgm1kqfptGrMYglR2QzoxKB6FJ6u5oDiP4xPoQuN9jw="}},"rJ2nE6AfgwvDmyAYJu6ChmV9cuydu1tZ5vUvFXyR8ak=":{"valueMac":{"type":"Buffer","data":"cFhgg/KBo/673VTvuFuHZt2mT4/10jC9TCNTBp+QEBU="}},"rUX0p4vhe14rlju9X7jFP2DsV+6mlXuEqlxejH2gcuk=":{"valueMac":{"type":"Buffer","data":"EnE55M/OlErp+VC7VF0QQt9qqgh0DpSIS1My0jgDxbc="}},"rilMWXG91UDW8BWZY/ZhrJwWhXJ5v3fQwVaJIJVXB5Q=":{"valueMac":{"type":"Buffer","data":"NHjEC1UtD2aRFLelIMJKFMvjilk/CHuCc8OK3iVh5M0="}},"sELUQv02Xop2SA6W5O6E68g08oBxCuTW9A6WbmNRnsw=":{"valueMac":{"type":"Buffer","data":"rd/Nv7te/rSf+3EwLVsTYjUdO6wuj/v8/OoTTr8OSUc="}},"sUqhd8T9FHStCzXiBCLNiddswWH0PCQmtGY8dC0Rxdg=":{"valueMac":{"type":"Buffer","data":"dmmfxSzNVeFkJC6y6TjWqdvzgxXDLK9wAavAR6MEdYA="}},"sepNCNN7nBWkv3s+dufSTiaBrt9dxy/tm5e9MaoJKUw=":{"valueMac":{"type":"Buffer","data":"a/g8MPUR1TLJwKJ+ZO8anYcssayivZYhAKDsg2nfCkg="}},"sqsS63A620mRRwe2eTnL+ioOtYOaxMDU/Sg9xmT4IR8=":{"valueMac":{"type":"Buffer","data":"AiI5CifUCEKIv4ASjX6vXwzseznPxQOmuwVvai7Ldvk="}},"szMfiOskv3FLIuJ/h3og3mbVGV71vFn6vtEWUpnrl48=":{"valueMac":{"type":"Buffer","data":"M9I4UBweB8jI7HpBtAzLjSsudK3WJfFaBk2oUuwh96I="}},"s08fI3BkBbgQIIBRc9MsfFqWvREwftCDuNxbfgFnqyU=":{"valueMac":{"type":"Buffer","data":"Yebtti8A2KB9ZfK6YrGAgz59LaibLJjlIgUtuBdBwSc="}},"tFBSBmNyiDeJWki3ounnRx4FXc+HeEGh1yd6/4RmiMc=":{"valueMac":{"type":"Buffer","data":"MVXnKWqzaThoaQ3kjIXwaXgRf0Wgu2XDG1mLbk2tCOI="}},"tPejFlO5OladgjDafTR8p/N8hGmvPXBe4tVRiKc0b1U=":{"valueMac":{"type":"Buffer","data":"6PVVW95tll2cx9k31tgaElHeXHuvrjB3sdmBvXWuXOc="}},"tfC1ckj7df0w1R88Ka5Awwz/HESpVaAdAvzKJEb4fF4=":{"valueMac":{"type":"Buffer","data":"SxUe21TexMWfk+S7ry4iip1P/i2pqZlkgLMHZABgk68="}},"uIDYcuXwQaDP1rYQNdW6y6SaZcbiyXZ33iKk6IEGSwM=":{"valueMac":{"type":"Buffer","data":"Hgbc0vUrLUJG6108f2RM0bsii2Le2ebdMFBtTcIsHOg="}},"un1Qc3eQlIr1pgRSC5TCxP4bKo7xLslWx1/5hHkOTNA=":{"valueMac":{"type":"Buffer","data":"99ISHOHlDT3Khg5s2gqtokVXrhc3g4txnMVXeOmY4Vc="}},"uyAE9JKmygPwfKnwNA5DTli12rRemSw0Y+Jih+aGEec=":{"valueMac":{"type":"Buffer","data":"Hk3ggyEy3N1t/m0C5Z5YPeBgSIHZ8ePCNNk+PpofK/8="}},"u5mERPPVICgifwgUx8kpI8KO6u8CrkzycMXbdmiI7I0=":{"valueMac":{"type":"Buffer","data":"d4c5UBcGqLTJQA2bk6P+dKv5Fc8/MbKoLAeT5zKg9+4="}},"vHPR4pchoD11s1ZIfPRlL0UjsbTmpJciPL9YMSStFDY=":{"valueMac":{"type":"Buffer","data":"jr4kAtKFQ8ThAfB0dDGKrXnjFAYF47VT/glnGrJxw/Q="}},"vMUHyS8iruaUKkI1gegYbnztgM/a33fHGnq6ySDcsZY=":{"valueMac":{"type":"Buffer","data":"HthrezNAqPerpjEX400BBg8IfymZZzAc7pWxV+Nd65Q="}},"vPorcT5lgTI1iZQs2zCPdBzQpXl5tTuIMj10ytOx/Lc=":{"valueMac":{"type":"Buffer","data":"Q55Yp8bu6Ap1WI+etdC9ln3CgrXQ8M5R0EgHDk4HZ9Y="}},"vje0J9lLa2HeCyOKaqh4+StDQrUkVGR/HbxNXiQwQHA=":{"valueMac":{"type":"Buffer","data":"fFlBF7J22I4En9ZVlegE59PjGcfXzKN+V9bfKOgv2TM="}},"vmsH4x7xvpI9rz0xTxGRrQEImMdIaj3pTLIUyx4oKz4=":{"valueMac":{"type":"Buffer","data":"XpjyHn+9BhVVrK74ypQsgAdGp838GBx4DU/oQ/R+rg4="}},"vqf/9MhBCbFWanizhgllC+W9uKXX+A9PXGjUWpgO0QI=":{"valueMac":{"type":"Buffer","data":"z4f0KmLdpaqyEyCuB4S2wuFJxNZDiSFVqKu6Op68044="}},"v1BFT7SQZu7KXA6CyaSjvuOkARXR8X4xNX/jUNVXdDk=":{"valueMac":{"type":"Buffer","data":"Jllxx7NA+i9dleMNZu9yMPvAgjOnzM0ayvAfNi8r9Qc="}},"v4KAlynGerXCsLj15LP9yHvDMUOWjxG5Yp7NHYP2FoQ=":{"valueMac":{"type":"Buffer","data":"ibHeQjurRk4AjHXp7KxcZzmTIFvUzX+/Y2xfg4fHd3c="}},"v8afg9deNuBXIr4Bzy4hwnMgGP4andEkNLawu1o7wyQ=":{"valueMac":{"type":"Buffer","data":"lX2aRaKcsQRGERofJyNekARyBUKnWRp9QFk5/taEHS0="}},"wHAYNREYf+FTygeUvno81GxEqjGxnVxXcHAAJRSj7x0=":{"valueMac":{"type":"Buffer","data":"MaBnhy73KdURdDADUSXLpxrUcwUQvnJt5RuJ5HxLaJI="}},"wMjRCu7yTO+IKNzyiEWomg6f54as+6dsutd4XBiAeM4=":{"valueMac":{"type":"Buffer","data":"UzE6DcUvpWNi5aFSZkjLnvCtsXbogzsukdhE6x6fCuo="}},"wRDzuiaoCzk4J7ZhBB/3jUqqYCqLsDZjs5S+egsB1p4=":{"valueMac":{"type":"Buffer","data":"dU0OpEkDOdJXsj3Wty3BIisb/9p72KwLtkjcpy4p9X8="}},"wS4TSXPWg66wm6FS4sv9+q0g3ECILz8XPlou4YBhjSE=":{"valueMac":{"type":"Buffer","data":"g+0D7g+TGg4kBMj8cWl4Di5qLpGU6FqTiCtk5dNn9to="}},"wWaGvQniE9pMxIrNzpborhlqxN3IV+jvARY+zmzzZHM=":{"valueMac":{"type":"Buffer","data":"7xfV45n8grfFRmNqBd2ChX0pJMdXB/puYCB7SfTihr0="}},"wdYKZj/67Bygl1Xw+UGoRtUf0BXBM7IvLm3VE86DYpA=":{"valueMac":{"type":"Buffer","data":"XH9AtAXx3eMpymK1NiyOyb+C/7A9I2Y54wSoz3MEWhk="}},"wgaBQ8lFCRyFfrIC2FnIbPQtLCAF2FeABwBSe7BSvCU=":{"valueMac":{"type":"Buffer","data":"SOynBLLqkOGxuqi9KMou8SGeyVsTWL8m7iNt5t4fJi0="}},"wk9Xvy70dLbT/PD3z3rSi7dE47CD8nIs589wh8dToew=":{"valueMac":{"type":"Buffer","data":"gTWi++wN+9qVMcuIakUyKP7xMY/apYRlY3i0zcynanI="}},"wreQfyaZrUarOi+586v3OSACTn0bu89Y9dp6KcZ+Y/s=":{"valueMac":{"type":"Buffer","data":"6eKNX7vuG1g0xYY/j1aFsF54qEFPJ/wm+uyZPhDqarw="}},"w1WrjIclH4la186TIzRhhsBooLNQ+p8mMW9A3NuOiRY=":{"valueMac":{"type":"Buffer","data":"zyN4at4yqOiLNEgb/9hnGLXEhC5fSaA7JRl941fedVY="}},"xCuYUhAH11VcTpnlsvYTanqIFKofbG24bKz7nCpxC/M=":{"valueMac":{"type":"Buffer","data":"6T26P/0+o9MhGAfTl/zjDWpOnW0riXEitOL86yOlQlw="}},"xEW1qo/nOAjQYjgtuRbdlLR6fR23nNj0+O0kCG8Lkrg=":{"valueMac":{"type":"Buffer","data":"Iaq8Rj/WphS9v4sLVuwhfu1cS+b//J5yj9MllEwYv24="}},"xE3hv7JPND3OR0bkeLObiToiW/ufovcCZKvUxkdGTuM=":{"valueMac":{"type":"Buffer","data":"19oug3ilgG1eeGzY1ZtcziAmE9bplD3j7iQ+LJIYGx8="}},"xQYUuffIB8Jw2/oqEj6KwxFQVI9FDpZUoe0BAnrQGkU=":{"valueMac":{"type":"Buffer","data":"h7HO0u47WS005C9j5OmrjBtsUbn6u0gcvkZoCEattaU="}},"xToYsdqgmOCWLJsRRAHViE5Anho7IiPOWspI/LUCN3w=":{"valueMac":{"type":"Buffer","data":"EbHjkqSq1XXbrGUH/kvjruPBrbUkEwHjtBKwdcU4CDc="}},"xcvZ34pRhgaoejEVSHd7siRdkKLnT6WLjG5Of/A66Gw=":{"valueMac":{"type":"Buffer","data":"FHnZWKVdeSpL1hvO6oykyz5d6uz0vnvO/7kLxXPh/3Y="}},"xi+D1+YB2GmBdI+8QMql2YZzFxMD/QqDAnCa2l6IEhk=":{"valueMac":{"type":"Buffer","data":"x0mm24/SOWZ9sc1CFXpzKiI4zAr2TDTF5Ew6empCLoA="}},"xp1SPKQAE3ZuEjmkzRz3izTSDhWtr+sxxHuc0aTyiKY=":{"valueMac":{"type":"Buffer","data":"ZY7DdiINa+B6nm6GRIY2fztrAZnUBQ8kykivYhpvZ6g="}},"yJso3ybEC0ly05gdyiJU353NdFFs3ynEApREkYALrKw=":{"valueMac":{"type":"Buffer","data":"xo/bcvuRlJvfG6HaOoSDnUMWXOEUu9Zo1DYPWVhwsGI="}},"yg36BMVXoENiMNd2Vnfdr0epYBDaHUAkMGlc6p48Kxw=":{"valueMac":{"type":"Buffer","data":"lndT+pvAd9IMqKYiO4d5c5N2/MsXSzA4X8PYyzbqFUM="}},"yrhhlBjYhSlcJMIu9yxl9VPiMJNP9DMyjEqs8t63714=":{"valueMac":{"type":"Buffer","data":"GLBBebmiuvAlOTkZF67p8a0Ud0/pdk55CSbUevPY71c="}},"yy3P3wdrwL4r2YKeRhGaFrgmNW/Vq13Ft6HsuPZPUgU=":{"valueMac":{"type":"Buffer","data":"35wu1t7zy9TOca7mC21zkIM29rocvwrLlpm50WdbleY="}},"y00onCeVbn7DPM30PCkhOo79g1Qg/qWuFxko44s7xEw=":{"valueMac":{"type":"Buffer","data":"KeUougcV8x7nFaaMW0un8G+lutFJl6GvESlUZQFseo4="}},"y55Nq3dZ3Y3aI+mmSzLflWDyLZxpF5F3LTAs4S5/32w=":{"valueMac":{"type":"Buffer","data":"orpFpj5vn3hCp4+b4+bOJw7gSUQOKvKwB2F4WpT1lYw="}},"y9xbOuU3g5WeyERSebEhW/yJtDofBd9LLT6UzkjE4bY=":{"valueMac":{"type":"Buffer","data":"/l4+SjOAXjlurC7oJdLo3u0BpH6q44auZAiCr89xrl0="}},"zWgHUbtGyRDvy/iWPOhNSbJkSd8z6mTFnBUZTbT/XsQ=":{"valueMac":{"type":"Buffer","data":"0XINWIMchTxkUwNYD5n/cF8FiEXw8XypH2X2idwOA/I="}},"0GVIfwLv3XHA5FAcCtY5MLPZR5Jugpv9mzfWvQSkuYU=":{"valueMac":{"type":"Buffer","data":"YdyOW/Xk6JbItsMZkJm5zDux4R09ehzfhLPHvcxygg8="}},"0LDBZA04bIntbb9FQIXQ5d7NM0TMwm6p2ok8FvL9fZ4=":{"valueMac":{"type":"Buffer","data":"uLMugDBYXUzIEGx+ok6nwOd2o/YiuZcA4ErMA0czxZk="}},"0O0pCkrsAmRjB98yOKIpykRXicykCb+JX2CB0uhyFsI=":{"valueMac":{"type":"Buffer","data":"sAMosrGmLxufEk6GyeHYzONddKDQMoXxaTstZHwjwNA="}},"0PeuPJY4lPRQEVCHqVB9bgPt0jGbZjV6sb69ERNHSJ0=":{"valueMac":{"type":"Buffer","data":"HEsPqWq67vVfBulvucnPLAderzCiymFhFeOivUkmbfE="}},"0YWwdIHlKQBzs7PSF7rqe8GOsNXNoO3CDq6R6jo8K4U=":{"valueMac":{"type":"Buffer","data":"nxh4og1DNAgnZ4u85BVndbt+tTsXk29eQGe6SMzzXk8="}},"0mU2XXrVGGz9vBDbwdvIE70MlQQfb7g+mwTYc99Dd4I=":{"valueMac":{"type":"Buffer","data":"ygS3peApAFuZq6j0KO8rsPPi0Y+qUaGzCehb8brc9pk="}},"1N4nrF5qISbhA24Yk7fkBjfcu/QO5NKFd8ksR0ZACdE=":{"valueMac":{"type":"Buffer","data":"Vmy6Apn73yTGa7tsq7iCHV8hUj6WsM/HCq+AJzuMt10="}},"1Pr5CUBO0Xakw9N+7cqyHFArpUnGh6xegDWUex92eVA=":{"valueMac":{"type":"Buffer","data":"hUrqyvtcSbNFdhuEEl/9MQa4uh2xNeHwkgMFVBVkaeM="}},"1Y7RMW7d0DitqQ4qSdzFkUqtNlRXnAEcHk1YokSETTM=":{"valueMac":{"type":"Buffer","data":"0LpJ0yOX7Xn626R/4v5dKB12FRaiiBE7uQuU7kF83A4="}},"1bYfZekDfuJFcLUdyXmo0WLB+Q9mr2xAKJGsJGXsxHM=":{"valueMac":{"type":"Buffer","data":"UkDTgSSNLnc2xEoccSCpWm7GGOJZHHhfsQl1/megEe0="}},"1f16nJ+06qMSkj97P1n5v1tpVKkrGVupWwOvkRws0Gc=":{"valueMac":{"type":"Buffer","data":"kgTzBNNiYKioMNTFFT0t+V5R2yqmj2DSPWtnVBmss1Y="}},"10gNuVD6UU2+4F9CnkrHsCYt/c1a4PaHgAWu8u6lk6I=":{"valueMac":{"type":"Buffer","data":"/m/Y/+rYfPPDCEADZ+aHF3lpzYxki6IdbWu9WJe5zXo="}},"2NNqHak6b6uDkAGd1P9GzmHz2Dj/X81J8XSCXh9gZz4=":{"valueMac":{"type":"Buffer","data":"T/GARv9CxlpRDTjOmc9gw3e9pP9EGhyH//jvSx5v2Sg="}},"2aRGjyy6/Zi4407lAV1YTvogbgmW0U9XxoMnqewvH0A=":{"valueMac":{"type":"Buffer","data":"Tw/MOnxCH9PDW3m7WxTpOCQmIcfKpvi1yI2xNIY4Z3I="}},"2iEIooU2ra2oOHVxWec+E6SSWb5A/VIEYyZuTrQl63Q=":{"valueMac":{"type":"Buffer","data":"93Gv2qYAZCcadwSxaPgKewQwg8TkPdMweeDmp733Gck="}},"2uJNjfg4L1Y/6Lq3n44AWaF+JwLnIBwlmlEu3KniuMY=":{"valueMac":{"type":"Buffer","data":"EGNXHbau41BSOiLT++h1UJ34kTwnUIHDNGW/T7c/B5M="}},"2z/+qYeXfAecPTCpxccffxZzymbzn7uYYcDhFeyQAa8=":{"valueMac":{"type":"Buffer","data":"SikkEILcL7ntz2eMKaZcdtRB1LRK4lNr3UKLFN2dLvc="}},"23BlZMOzHri3QqpjG5VpfaFjFFswFq1jxkStX5DJsbE=":{"valueMac":{"type":"Buffer","data":"n1Yobj4W933d497yIiI4P+RNoIwen07DfBeh0JxsgRw="}},"3EJ1Vs+/w8vJqWRJI09Jk68Qs/QpCrmNGWWQXuoMFhI=":{"valueMac":{"type":"Buffer","data":"cU0nZGPsedN1U8iuGsskzILpL87W5IEwVVzTDbtW3m4="}},"3PsGgO3eDISwv/zshZP2RxGwy+4M+DfxbZlvHbrIKzM=":{"valueMac":{"type":"Buffer","data":"hyk3Y5krnEJZeiaenRAggPViQMfDM9ODBK9etH757hY="}},"3RDNjDQ9JcmGz5qrEzzTTP+AdrpNjsFp5fCPTq39qmI=":{"valueMac":{"type":"Buffer","data":"2i2TReb9aM1cKD8UjHVjVEJauif2rVCF34l8a5IK3v4="}},"3bEhReyT7uxCNe6h3yo1jtEJd/dn6+q2s13sNegnkmY=":{"valueMac":{"type":"Buffer","data":"8AjW3dapVgL3TdXbeNiYBKs4Cq4aM+ZmInMXABY6p7A="}},"3bbqOjQ6Qo/Gw1dY1jyRBzVKMOiYA0B60ic6/1azGJs=":{"valueMac":{"type":"Buffer","data":"iuVVpcZN+i5hxOoG4qEEP+Rfbl+4HGDAJk3n0Q6MMJw="}},"3vIAiRfAaVBVk+Bp/DipjB/yXBSmE+fX60pDf9LVrEs=":{"valueMac":{"type":"Buffer","data":"b44GURiaNrZT7ephJQs0QHCKMn/1GhHIlZ50IHCl68c="}},"3/x++a0GlTAV57TW6g5mM+HFl6iVBMEmyK4DjEBbGw0=":{"valueMac":{"type":"Buffer","data":"l5Hp0THwrrFaetfSL5h7Xul2TRjWN5nLgnevJDH1/Fs="}},"4Kq5kvGiDvfc5RftYbA66IQOfQvimRsw36zvE1JRFvg=":{"valueMac":{"type":"Buffer","data":"6964vemRL6ZRuLsRgCP/CRue9W415LHL5Iixjz9MsOo="}},"4U80x50jhDUmGxeip48GZoaB59phiSojVA6Qe770V/A=":{"valueMac":{"type":"Buffer","data":"PdGGPsmD8dIR7mnXY6FtdcjejRlaz895HMeDGTAIdTA="}},"4eGP1mdqepQdYY5q0tBXSqjwAmtPKevdSndzpnNAVM4=":{"valueMac":{"type":"Buffer","data":"y3az0KSn8H1gjzMbkmEY+JLc9M/IPG1UjMfFNMIT04U="}},"4f3UePk80Msv2CzCW6NkdSCthVqyqshxZt7PMdzcRUc=":{"valueMac":{"type":"Buffer","data":"Ub4NNAP7gxE5FwpS3MO0fmado8NLWYYeDRF2pu99+ko="}},"4mo3EHEk8fCWHZhKFY7FckeJtkgrIkKUwlLzSFN5NJs=":{"valueMac":{"type":"Buffer","data":"ZPYlHlW5r6lgrCA3GnxhYvy0wsUGRt0bo9jGlzk58S0="}},"41LIHumuQkfgcE2djyQfuEFp46RYqN8dT0VSfj4RjNQ=":{"valueMac":{"type":"Buffer","data":"XpFOYaQ0cO+sMZ+H2DPMj1NM/pcRB325bL3f9vDjFgY="}},"480+u3vYTvGjDnCNY/Er0P+c7PnQqk3TAA+OqEussB0=":{"valueMac":{"type":"Buffer","data":"HECxPJEuw8gA8FsAV4XXJyaFXYsHS5bQXxmI1tCFVJ4="}},"5QB3UBERSUmFdcKsQqPoALUDNfZ0tZ2k62A+2GWi9ks=":{"valueMac":{"type":"Buffer","data":"wgG7+LTqozIX48DjZDOYp+Ao/hgrChbZscABdIbyszY="}},"5c98cGdszRg/bQFRfXpMQnxYGhZw+rGVtuZYBPwERSo=":{"valueMac":{"type":"Buffer","data":"MoHTr3aclx4zPf5MHdBn6v7oWaYk04KGpRjQQ4M/YGY="}},"5f2CfK2DOU+0Xu7hVhL09ie0HgmA8qTNq8U3cwhrHQg=":{"valueMac":{"type":"Buffer","data":"egOSngZA+lwTvnv0fZHbf/lfPUrPuMo7Ub/r2ZrD1mc="}},"5meXoBhjxfeQwz7ST9KRitL7M2Jy+ElvTeCt/sDfVz0=":{"valueMac":{"type":"Buffer","data":"DTLA+xAJcXRdNpxUstDES8nc3y3K0MFTTM2REvB7aXI="}},"5r8hyoz4nzpbVM778Cyk6p4mLzCIpiAoSNi6s9163Js=":{"valueMac":{"type":"Buffer","data":"1bzAD6zCCU8jhTVtFmsr/jS+MaJTuqLPlZkt/wXUC/M="}},"51uNBHWnqjFjRTNvk+uwGlAwfvr07fbqIHotwjiQxOA=":{"valueMac":{"type":"Buffer","data":"b4xcJnQFYsibCkZzYBzzMz4MLtMWocbkBey+hpKx9Vc="}},"53CfPgyogzKdtA63V6H3FuRAemw44pztzGPlZqrkXho=":{"valueMac":{"type":"Buffer","data":"VU6sEGNva4iPg1DRGrpBdeJamQV9QvQmzgyUFVN80p0="}},"558GrtAc6LbUuQzWMz49EHJJ+Beb5WHhtvNXwVx+pI0=":{"valueMac":{"type":"Buffer","data":"x7gYIa+ET3pvYKAmPSAFKRKADxKRgS/XcFRJl+iiIVo="}},"6EvvHkJLFy3g+jCgoYK1Qt/E3hMckCtUSsBnk0xNQG8=":{"valueMac":{"type":"Buffer","data":"8kKByYP1ENfBPP/FJvRaDvo67G/9q2sG0v+Dj/3HnBU="}},"6Xc+ICJLi/raM5kF/TYSGY0weuFOd5Mj/Zg7f2eE2AQ=":{"valueMac":{"type":"Buffer","data":"C5o+pAnNNA6gVOSRXBvc5aE3OAaMCr1p57NBUr17HN4="}},"6XkPFFQZEyOmld/2oSG16kaZJg97/iBkwrr5+kFYKFU=":{"valueMac":{"type":"Buffer","data":"qhV7oDUVPwRKqA6/dpkNFFvwbMtjJZWHJLjCGtuxnJk="}},"6eU8b3jy+FIPUCpmadV9GsvVFvpaPdAInjVpPRfLgCk=":{"valueMac":{"type":"Buffer","data":"E2+bW+7V8nYfKtNDJVr/pOLygFTZr681c0G4e5IlOYU="}},"6hV3/OKWd2DRsAqOSzta4Srt3QADKUTfhPfgm2DTcns=":{"valueMac":{"type":"Buffer","data":"DHjEQDVp0sr+ZAMK1FpRKaMZZs+WRX6OqiFPAPmHZ6E="}},"6j0Zq0TciPa4I/sUw9MW8dHfwr8z7YRKHF+X4OdLZ3E=":{"valueMac":{"type":"Buffer","data":"XVUl8MyNXBE3d6RcB2KoW6Rq6pK7u+IMcyfNs7wZUa8="}},"661Ftn2aIrajGcKmdK9M0RgjtwuosWOlWkiBPmtmiA4=":{"valueMac":{"type":"Buffer","data":"64GB5/KmTDMexENLJnTeVAX0SzXowq7qm2pQxAAzmuQ="}},"7TtSBhJtNrsubvdKZ0bWEzeet7WFLPcWAuGWPqsAa+Q=":{"valueMac":{"type":"Buffer","data":"FyyOsLrgYKk+uqKivqHybX9vc6Ufosd92LFwOU4UIa4="}},"7WvOQtkpkzXh5nkan++OgV8ZGZP9E94jlVB+lDxC7WE=":{"valueMac":{"type":"Buffer","data":"S9L+9oodzTNh2Qaou8s/cX3YAr5VReXFwyNlMUOsDoI="}},"7YZcDEqigdEHjjpZixA28h+cMTZpT/cAway4uJpfPEI=":{"valueMac":{"type":"Buffer","data":"nWzb49c36MhM/SL9gXtq3yvMecjUSRC+ffZmbGhtx1Q="}},"7o0cIF1+DUrnGl7vOhvfq22IykMcgQ7VlYI0phVzf30=":{"valueMac":{"type":"Buffer","data":"uxKRkjydNXWBUQvehYOoiNHwwLXCygkYMYv7MYx7Hjc="}},"7pHp1/V2F6Uy3CM4/XD57GQlBl+rxgc2FfhY3ge3LVo=":{"valueMac":{"type":"Buffer","data":"s29gOIWZpTAHWnJr8ckAQ0VYGF3r5BAZozQSZLRj3Yk="}},"7wVsVMt+Zgtvye2M4T87nZjPmLfFfDLGEDIcrrtrFsI=":{"valueMac":{"type":"Buffer","data":"Pclava1ynhWsEPogppgxDSJ9p3W9fFw8USzxmi1hCCg="}},"7xFxBAqo8wd8c3qqIqo4+nbw48ChnMHJ+Nah0v6W3MU=":{"valueMac":{"type":"Buffer","data":"Q8f5dfovGWpuXVeY5oh6pIME62iOsnvmxHLqV0dQ+XY="}},"74GtWGYgkwyszsDFdH+wRL6vUnCi3qyT1g+AKuUCobQ=":{"valueMac":{"type":"Buffer","data":"P7x2M32nUOBa6VC5tuLb+naMuORjSAAjcaEoHnCb868="}},"74vUrlkUfaFGZzdB8/oFVtC7mbYHSJMzzPBM7nLltAg=":{"valueMac":{"type":"Buffer","data":"pqTzak09OmSDHNLmynfMXbd8L1EAoWyYWcYqTshP8LE="}},"743Jv/BtSf9sp1yZGyIummSqfOHtMWUiozm3DPnizZs=":{"valueMac":{"type":"Buffer","data":"bSx7ty7tBoDfGSN6O8VOppi6MDoUD/ot3AXiorg9I30="}},"8Kba3qAIEx9r2nin2ld9vhy302QMR1Y+XeZIGHwY6zk=":{"valueMac":{"type":"Buffer","data":"43MfCL21UD9NtWDm1g2XcVBD78WOQt6P2vw17R4QcDg="}},"8PB6ZiJmFVXksmrI8FwgHNiHRpTI60Yk7wUaqFgauLQ=":{"valueMac":{"type":"Buffer","data":"+PVluYSK6FkLC6fdV3j4BN6H56MzYJXlr1c5bwvXh5s="}},"8Rl23M3/CsQAWa9RtOXV2XpE08EvWChLD3ja6c/cjRk=":{"valueMac":{"type":"Buffer","data":"GxB7eDl2bDdjTnM5Sg7zFXkeYYtxVhpOLU8XYrrC1k8="}},"8Slo/PXg+izROmb1V+LFvYWT78WGWNH1/NOQMiaREZo=":{"valueMac":{"type":"Buffer","data":"zgDQ5cib9YyRmqA+WqG1Ez1jaKexn90cL1yW9fnltKY="}},"8k4AD+s5M3BLlnVfQiUY7Tr6JIsj8ZKKoFQypt4+Dvg=":{"valueMac":{"type":"Buffer","data":"fhuZoA0GfuIW6S+0c653khHSN6DrurTJBzQ5tl2WSrA="}},"8wsznl1NXBrugtrCP0GZERkgDQMWVRVAX1F4yLoPKwY=":{"valueMac":{"type":"Buffer","data":"ok7SIwtSbYozaF5lcxua3R6yOI1Qp2CvF1v/j62ER4I="}},"83aEL3enC0573fMMR/XISU1QuTGz5Yfb80GCCp2EqkQ=":{"valueMac":{"type":"Buffer","data":"g/9wFAUhD8qTV/UNB0UmeMG11EQzFZxG0N3hgmOdKbQ="}},"870XzAU3T3Mie8szfPf4QcxG0cfqGpO4zkTdGRC3MQs=":{"valueMac":{"type":"Buffer","data":"nTQ8y2I3S+9C7umV/lCAOwffnVK/E3aOWlwKQe/5llg="}},"9Ad2W4dVtPSd0gAd0LWBlXVl248iS+N8m+7wTIP5z0Q=":{"valueMac":{"type":"Buffer","data":"0IKkAPpConiBps2MXMVrzMgxx8LHwSjr2TXW3eI3Kv8="}},"9NW0rqxjm2bu73nuFTw9XRgb9ipwn+0Z9ZcfTIFzoF0=":{"valueMac":{"type":"Buffer","data":"MflKoQ8+vTXiBba+ltk7DqmA/B5+UnR+m8y3AhiKJ38="}},"9P7D/PiXK0jgkpzae7VxHTXaGdVMCOAUNFPlQYDbZxw=":{"valueMac":{"type":"Buffer","data":"uq3tceg2PHPsH6+n5AF9ejUO1E7t5hH58C/7UY5Am2U="}},"9YN1EX1YBRUFkprRW2dZH+Me7I5wInb2yQF1HrT5xUM=":{"valueMac":{"type":"Buffer","data":"+5dGF7uAeguY5hY7L34Bx6ZYtWifsj3slc7od/LQFBY="}},"9jHbH7ZZwpVBmnL8l8tw0pkXGSa3lyLdJWHWI8QNGYY=":{"valueMac":{"type":"Buffer","data":"zTsopwlO10LjbbcqZhD8v3jQEFmPH5oaF++zZBPYS2I="}},"9uhkRHZDZwu8ozGQ1uYZ7J57fKWaajChNbFiINhAFmQ=":{"valueMac":{"type":"Buffer","data":"LGdi84Pote/9HjF0ZHqJ0+9tW3YSU5oKFPHT3zdG6Hc="}},"90KfKsVTVGU6jVb4RQC/GxC2qk9lUvUdD1iKa3JVvYY=":{"valueMac":{"type":"Buffer","data":"qGPafsncMurtPK66DzpJTOAeYNbUJgR9lTmSOY9O1wI="}},"9/njvOQy62mEmwo1OgQ4ODouYyP+jwNjLNzPs/5hfhk=":{"valueMac":{"type":"Buffer","data":"0bv6dAQCoSHyaTAJ27k5y/qsA/NGNfEYziYCOVrMJEw="}},"+CYWZE5BnRvHiDPdqOK09QhgaRHzYMvZ915QUxBhJUI=":{"valueMac":{"type":"Buffer","data":"8PvKEc+K8pPOCnrEsB8wN3NhcRCMXNaxus8LlrD20Kc="}},"+LZglt/CZwqiyc3EmohaphLknC1IUoVrY4fhgPm9HIk=":{"valueMac":{"type":"Buffer","data":"B1VLTf4jeVRX8omGjdQFodp8XvrDDWscBA/dWzj9x14="}},"+LxJHBRiYVz1oq80AU4neb9aY/4g24wc0v1pZs1YqaQ=":{"valueMac":{"type":"Buffer","data":"XuR5WDCt7rmY78zpxEwNn30lo+o/ToRk+epWAo2q9hg="}},"+RVq5TKUHuUTf7eMduKAnHz0xXNWXVsvcHewJcahhno=":{"valueMac":{"type":"Buffer","data":"m3ds3fEfJmTFz+ttQguUXsDC7r19JFenAIuKgf/bj7I="}},"+m1sRwXf1c3o1pjcbRNl+1E48j4P6X0vyKpvghZgi60=":{"valueMac":{"type":"Buffer","data":"QA87ZRpfG+4PPUrs5fDQw91IQmYKMaBBLAFjDNMJSs4="}},"+05etisVY5H07lYU7VOllaJ4jwZfr9jxTru4BBcV0sw=":{"valueMac":{"type":"Buffer","data":"UHlB0uSne39PZKZWVi8G38Q3BIQHuBr6Z1TUFfy+taI="}},"++KWZhxmATfzkpEVGfYweF+Bamj0nkYFvUc4lCdi2Ec=":{"valueMac":{"type":"Buffer","data":"vMBo05G2YMcxhsEIrDY5JwSjyxlbGg188KjNzU63wrU="}},"/Blde7Ztr6jlUdNpvEVzvJunzkz6bYgucAZFpOs+OcY=":{"valueMac":{"type":"Buffer","data":"2eT4G5jSdKAIT4WHKMcHGGnpiwLmQn0wgZSZmatcj84="}},"/EAf/omkmWlQTUZ1ZgRYbL9UDJ651NZcY8zk6plE/1w=":{"valueMac":{"type":"Buffer","data":"NlfbeRs+EqMKXs0lB0oL7U8le2BbHbggfPqXWLHFWNA="}},"/Eie2rrHYlZ76LURr6BP4s0NkqI9uq+iA6JV0PQhaJk=":{"valueMac":{"type":"Buffer","data":"Z5vVpuUNKsQQs4bHJ+OyVHq+LAMf+NFRL9XHqBIkcs0="}},"/I+FNzSN82MRgTQdFlr28q4XTiZUiCbda8WSqGX+YLY=":{"valueMac":{"type":"Buffer","data":"9xFMfhG4pWDtPMGiP+o/MX2tSHTBVtMXZmRtZS/eAFk="}},"/c8kPTixAnI53reRLnnuJbZl4uiGiFNxbaUjVoFHt2Y=":{"valueMac":{"type":"Buffer","data":"+hHBxwEfxC0JZG87Fmp0/HZjNOpEg3FJ/q3ciputJi4="}},"/gbnrcR2FVylPsMw7hKr+higdFtqYb1HodXTrYbdR1s=":{"valueMac":{"type":"Buffer","data":"UHL+yMRZ3vUBNux6KKmMaA84mvAqWSpO8x7Wvykdcts="}},"/9VIN04v+PcFMbKuqckv4vm/aUXOanU42XoEi6tICuk=":{"valueMac":{"type":"Buffer","data":"HASOzwMYJCL5jt6a5GnDhrQUCtGdjNfSagGKePle8vk="}},"//FGk6qP3cC/fFRgSLGxYNQO31ctVLpO7yjbY3v5VwU=":{"valueMac":{"type":"Buffer","data":"nmnMTdRDsoZyUGeae7vH6ft/4X/2upHoFnR2jah/lZw="}},"//kUIQGVGWr0un6pImZi9XboRJDvV2Q70tSDnSsbmv4=":{"valueMac":{"type":"Buffer","data":"NofJzpCWANO821vbRk5o2Ig26w8VnoRLkfZJYHJZ8n8="}},"X4IEbXapOlqS64RTRW4UxCiB0Akm50htvfmRwoT1bf8=":{"valueMac":{"type":"Buffer","data":"bs/YpSL0yluovWdZWN4c8eQ6tYFQT310pXlnXSDndnQ="}},"RJQ75o0jhD8J+aoKAJ8G4tF1/aTKgcmOVY95PS//cI0=":{"valueMac":{"type":"Buffer","data":"EmNEIJxcZROfLig+fy3V5QGv34Z0zAMYqQ/Zqj9w4EI="}},"DVeGGYxFY365bpJ13iE9nODGxZ7uw5pxhrqOY6AmyWE=":{"valueMac":{"type":"Buffer","data":"rwKON/yRxdlaKrWLBKjBWlKkNOgFUiwLH9g50j3sB1M="}},"N3AVW4oUNbK1XiMa3OY+rT7C0EN9jhIBYRCDgzannjM=":{"valueMac":{"type":"Buffer","data":"6FgAjS5nIjF16JakeaUujGeE49b6mX7EDtDayaFFb/c="}},"6zXbt+pY4D5lmZZ1iSk5L8spL+e6VhABoq0vr5gRlVk=":{"valueMac":{"type":"Buffer","data":"BG27ZhAUW6zP1Lxnq/Rv1GNVXIGwATFHu+2rK030XNk="}},"lOeVUPi+7s1H/ReQQHve2liArMV/Z0gh9Pe0q1BMBO4=":{"valueMac":{"type":"Buffer","data":"VnUmYgCKKTXlwuP5iinyHpsRchAnwnV8VOIIHhxEFSg="}},"NRFaQwy8osb363qQQhMJcila5VrrHPlQDgBXUetC7To=":{"valueMac":{"type":"Buffer","data":"GQmUZNqKE40fqbS+KDd3AV4oVtJlRvE9yjsa2T+7BqU="}},"nmKx3YMdSp3YOB3CxvjQI/Qu+yYDgpqvZOIShbLDbUE=":{"valueMac":{"type":"Buffer","data":"MYRZ51ztp1Gyu46XXm5H7MPwQi4fPzv4orW4HGoj/Rg="}},"tWu1IR7T2szpgWIwOkWo5mCU0Ty7mIZWtwVzl8b0wys=":{"valueMac":{"type":"Buffer","data":"wW//QALeUAS6gdlpeolQhz8Gk5QGuWxFH6EP6fOI5cY="}},"ugm7apDAbPIlB4ZUmgBYx6tboa1xcP3MIWOONvZykkA=":{"valueMac":{"type":"Buffer","data":"vMTIwkUN3FldtpD4NrN+GX9ybU7w4RS6tzL6prjuX+I="}},"roghk2avZRU+PmZFietlMwWbxLbrLxPWOAyB2r4eg40=":{"valueMac":{"type":"Buffer","data":"KPywxef9Q+qFOh+UYrUfey8wtn3pb09N7/XPWjsBOCo="}},"bi1qgBOQ+xfulirgfw9wtngn/hoXn11k5boX62zIHEo=":{"valueMac":{"type":"Buffer","data":"qKQfNp38qejTvzYxiQ4mv7pVmuQ98vw3wadSdA6+7FQ="}},"wzIYS42YLWzCK1C+gYtejsQOHTK2ndDc3nnVBnROpgM=":{"valueMac":{"type":"Buffer","data":"+4+CMl6TG2/uJSjBBGhDDjDUXtrBhxm+Y0Ir3PFE06o="}},"DywpWdqCTl0tqtNut4qtiLYOZhBdvtLXRKL1IK+/Pm8=":{"valueMac":{"type":"Buffer","data":"m2S3fo0NcqPqHEaYR1k5is1ZDEyCiqzxdMgc5Vw9VXo="}},"LE9znbOlvLP0IH8kiGakkKsKnzUI5yOEC8gLiaADztY=":{"valueMac":{"type":"Buffer","data":"pldp1bvOtR2+NDD0T61qA9vJHahlhF1zIbSzBkwEiEE="}},"A4TMWrsxKtr0C6hzn0yimyJaLnzCK1MMNAtJc8jTf9o=":{"valueMac":{"type":"Buffer","data":"YIQrDP3CCGAlagBDErCOmvmd7tlhcnmT80zs3DrrNkM="}},"MYP/eheGPcXfROOVmJ4lMmrAwFeSxkfV3LX0OSZP2cA=":{"valueMac":{"type":"Buffer","data":"9ROQnEUjWwDsn9QHsAi95EZt5uExKcQL4Nb3+ULZMaA="}},"Eku7iDRCn0OzkwDEZmmSRt8EKMycBYxfGKp75tQiDkE=":{"valueMac":{"type":"Buffer","data":"BeFO1+0tbI+hzS7MdEMH3aXlpqQvfXY6xEPLd79PLbg="}},"Mg7DB+N2o+rTr6SHClJTigUdT/SQQgO1Y7jVuRUJU8s=":{"valueMac":{"type":"Buffer","data":"p0j94s/8PhN2beOB4F3IjGUq+ToUVL557lFTXP2083Y="}},"aZpqcL3OMSUK5ffwuKXC6VzFGZZCfdar92tXUuM5OUo=":{"valueMac":{"type":"Buffer","data":"tba7r/e4MsRQDbP+5UPLuryWllI7b2UuaHDuVwUFKO0="}},"b+rS1/Ejz3+LWGCA+dc1oA2uIMCPNLrApc1Xk/UgJFs=":{"valueMac":{"type":"Buffer","data":"wfi9mfc5P7AG4+hZgRcBeZavNlGiYnjdiE+se/zBtqY="}},"ZKHA1IgLqtHpeAT35L1Mba1tQdMyajJeqrKi/j5LN+U=":{"valueMac":{"type":"Buffer","data":"kdr5NBD0lty4Ae1wNI5AGUcrEfGQzfpocau6M3SBhqs="}},"B7j0w+M4f3invb3c+5Y3udsXHyC82KnUo0Q9qEP7LMY=":{"valueMac":{"type":"Buffer","data":"gC92AdOmA0L/2HsabFKw8EhJ8pyB4wBCRU/hiAUI90k="}},"yYpfdtYL/jOnCM+9za5Exqh28lqvdjAW5vijoCB97Do=":{"valueMac":{"type":"Buffer","data":"czCTJZz7cTvV9PGLQS+Zv7wnsSsxcj7X9NMwOKBpGAM="}}}}