{"version":15,"hash":{"type":"Buffer","data":"yRqx1CTOQph6sgZ6bF74nJKYFc0f4Rs9TJyRCbShMXi5p5gc2tmByjMc5e8VoqBkeze1Fl9DABhpXYAg5t+WQ2ua39Cfw8Ek1oF/Acz9z99/iTsg4sxpDNg2kH4agdpPlbLvgCLC+KhbfBy0SXDg/uQopIH3mVCSWHmg7SBidzQ="},"indexValueMap":{"F/eTl1iG+A7tdwPb73awwU2Qvy+4WFOPlFPu2TErM10=":{"valueMac":{"type":"Buffer","data":"SsMc3B5zfvpU0LPO3GiEmfWjvv3O7HNmzg6hUnbHEFQ="}},"G5dKZgl3N+sbeChsmBRTs3EHSxGPYcaE7NW+J5bpTc0=":{"valueMac":{"type":"Buffer","data":"s1Qb9Lb8T4+ALD0GWHIyKyMI/7jIrbFXjuZBxzMniyc="}},"UmHrPtYByjyZOG2ixjE42qPfGxiwptv+cwWMkhLoRSo=":{"valueMac":{"type":"Buffer","data":"0qh532lNFo325l6FkIZTmlqyLe+SMEChtHK31Fag/Dk="}},"szfS6hpxw+x/pkoumOpfgyt76Y8RPQTgxvC6KcQylGo=":{"valueMac":{"type":"Buffer","data":"1C4VLer633MpvwBYwC7i0hC2WE3NfwbRwtLbK8pquZY="}},"zTDRIKuqahu4XZtpfDr370CdHYyJfzMZcP+Vtw8TKQ4=":{"valueMac":{"type":"Buffer","data":"0x3wCrMl6WQ7wrHqcIzbqV+/+0FQbD8vH7CY6SPI/dM="}},"18AYRNeFaPABcIbg1G8KT31kRnUO2wtslvnRKG1bxiA=":{"valueMac":{"type":"Buffer","data":"446kkpI9rnRzJJ8lX6TssDuUSnVISG7pyb0/p9BtasY="}},"dJyujzLQrqN/hlV327YqI8fUzrXuawyzCUbcoGo7Rlo=":{"valueMac":{"type":"Buffer","data":"zofbd5EMhW5w5w1Ynw4qI8nBIpJn5J7HrDogRQNfXgM="}},"yPtY9VkjaLZTvvzNhcwgF2WqpCXTod+64piDLb3DFmk=":{"valueMac":{"type":"Buffer","data":"L3A9/QVxZaY5sB61y1aejVpK1ChMOHTNUZLAVsxOLC8="}},"eDNcKlSTnmRUZUQLHYYUdFSeBe0ZiY/7c1JWNzCNgYg=":{"valueMac":{"type":"Buffer","data":"6h/V6fVn1HtmAYzPYvDqWADlD1Lu5n6y0tFdX9kx5eY="}},"tJ+S5ARJ7Z4e3vh1+Hv/xifpgDdSd9iVZEm3Ux0cCfg=":{"valueMac":{"type":"Buffer","data":"LRYbvq6ZjBGvH1uTy7Ns67g0QLcn6FgSjUh/05kCrIM="}},"8Np6ZxokfHJ/Y5/kwlj8UfZLjQ3PyqNnEEn7uoIGfF4=":{"valueMac":{"type":"Buffer","data":"QiLWbMY1vun8ZmqOaYfBSY+DiayVr19lZ9qOZ2kavhY="}},"EyshY6jueq81z+RrPr+dOJTOPOHnRQ3bjCaKXtqKPfc=":{"valueMac":{"type":"Buffer","data":"WlM7wHsG7/aYZ6TV+ZnkBu7TdIlJ2d5N8SpFx1nnMMA="}},"rlPIawXq6N/fJOD+vOfGhZ6zTYV37JxsU6vrRI8wr+8=":{"valueMac":{"type":"Buffer","data":"z8ZseXk2VWM6k/4UhtBiZsOQvK4hxLcx+nVxPNJ2eeI="}},"mhjjgDawBxeRwS6TI9uzRO6e55OSPv9FnZYoyetvnC4=":{"valueMac":{"type":"Buffer","data":"31KcY5RRZZi4zGK3wU4yheixskO889fAC+r22ViucpE="}},"xCU2KbtzfWYybL31bEK3SDltHpiVZADM7gbupeskttk=":{"valueMac":{"type":"Buffer","data":"nXDN+Tw4u+UsRLfwb/7cXPw8uC7o59xQ7RLsCFHpbmM="}},"wb795VzqHInmHe4s5PcdLG061AD+uShVaKTWerX2blI=":{"valueMac":{"type":"Buffer","data":"qWtT9vB+0ZsUa5ALqggg1kXURGKp5KMIzQaVszgR8Gc="}},"2LCgItXXkPSybIT9HgSPmEHfDifCl9Rn44oaDFGu/gA=":{"valueMac":{"type":"Buffer","data":"gvshlMKN+4r94LUgmJ+wQByGMepFtpSyVFUfNe0mg6w="}},"seb+vN4pg/L5asp7iL3urBShNWAQoQjvloeGNgvULvI=":{"valueMac":{"type":"Buffer","data":"XCyG7EWCJwvXzDkqRW9puLNMdcRYzerD3Gz32cmpffY="}},"l6g+3WnWKFFJtJAytMaH71vuMJ5bmmQLw8ypaUFfecI=":{"valueMac":{"type":"Buffer","data":"V1OkuCtpt54CFJ1CqeyTiS/z9dVRwRGWCrP42u6X2SE="}},"VViPnVp369IEwljH7xxKvYOGgMKMXtXTYzx0p/t77vs=":{"valueMac":{"type":"Buffer","data":"DM2Em+kMlqR518Uc+hg/Eez0HvjAoeo5DpYxKc6rAmk="}}}}