{"version":3,"hash":{"type":"Buffer","data":"vXg6Fk+mUJ0N4mUc8wlNPAYKJf8n6dJ23VgECN3IN54Z9HBBWWvqOc/En7HEFUbxXFLCgkGES3g4qBsb1bjPZHq2+tuO93bBU3J4lJ6dronqkImiLZKTGBDnehz3I39aFPFoRj7dQTTzP6NAqpRroN3d9t9tag3AqGqUbWxh+ac="},"indexValueMap":{"BO/ABJyYHbpPs61b4Kns1ALt8jCGtyZwMeOyIyGLE2U=":{"valueMac":{"type":"Buffer","data":"QbfO6olrV11PmzpValDa74j1qptBMnqfYJ0w40utXNs="}},"LCnd7NtGRiN+qCXMlie46DaC2TaKrbsjsWS3BiCFw2w=":{"valueMac":{"type":"Buffer","data":"yJWBYhwnIfCu1MoY6Mxg9GNiTDkO+2dJ1lN4FhNtBaw="}},"TUmuU3Sr1SsKXmLfFkbAQx5QrVJmRz+tEUSA6yZJBqA=":{"valueMac":{"type":"Buffer","data":"CvH6HXTMbwP7fnxLEZvlRE0Y38dCFVgaDKqMSpkvJ+g="}},"W70l5yoNUcDgnq452U4jR1SFu+MWZ8IGHyJgRe7f1iI=":{"valueMac":{"type":"Buffer","data":"NVaZlG8NRsN9FfzEKEzG9dlknH8ugpIUkCDV/B1Be04="}},"YrsOL5NEwi0zmxnXchCwK/IlFz0pDdxQl2x6TU/dyEc=":{"valueMac":{"type":"Buffer","data":"lCS3aPRJgXHLTZOBOAzYxXbd9Vx6F0UiQPMnoX5azE4="}},"atP66MBrwXSmfyQP/31VrnVMR1kRs9ivXzheBUeyopc=":{"valueMac":{"type":"Buffer","data":"TKDntEQAjCx3jDA409h4DNrlKKIiHrsejGJkUqFJmJc="}},"c9MfmJPo4+o6jilJ5IiKlZk2zPlOyOBQLFsHkAhrUqE=":{"valueMac":{"type":"Buffer","data":"S3Eags+HWXhx5UT91O9j4TwDcRPBLA//zFwlY81gQbg="}},"jC4ZghfEpjxrhW2xPs+WAlKmIMe+9TB3r36SZhktjXM=":{"valueMac":{"type":"Buffer","data":"spdTlw171YquaKetgKhoXZZ+rYivDiySfXPImNT1xck="}},"nYfK6i/W9R0SG6Z0ktlEyVxCoLW9UGSLQ1oZFTiIkTU=":{"valueMac":{"type":"Buffer","data":"ZmwFosHeY70ylLdhERrXFRZB6V5li0jtiG+Pw+2kxtE="}},"+DjxndwCN+RMxvKWBF8MhXO/rCHIJKAic/EQ+2AWj+Q=":{"valueMac":{"type":"Buffer","data":"GcpfJlza21vXtcPeJ7+gtmK7YuyLOe3SqcBUcDMpvIQ="}},"awK/QtH0k5bZXC6ZDcXZ42k7gtTadXTEWU6b5NcQWe0=":{"valueMac":{"type":"Buffer","data":"ZdDyG/crKPdS/tjVa7pkKxoii/YSXnzZvMurBms0L6I="}},"DL7fqSblP3VZ00UF+QOtgP9T10tRY0hN/J5RVimmf2A=":{"valueMac":{"type":"Buffer","data":"J5GnDeeq7Hxr0koHElQNQx9gWgIR3IV273EfatBAvCg="}}}}