{"noiseKey":{"private":{"type":"Buffer","data":"IOSDOLsw4NbwLk2dOnmTnCzmDZd7VcVn+8uuDikZ/10="},"public":{"type":"Buffer","data":"DSkkPSymjXtXloCBUP4VtjOmxI1CXGTM74db6T1b8T8="}},"pairingEphemeralKeyPair":{"private":{"type":"Buffer","data":"cFyMflQZ9OVIJfBYRAMfGN2qhyRl1nEIBX5ib5hJV2E="},"public":{"type":"Buffer","data":"4L/3N9PX0maKjLVnmeexHbfiUrAB0DuSWXMp7DWcTTM="}},"signedIdentityKey":{"private":{"type":"Buffer","data":"6KE4pTalLaQ8/trHGvsIY668k2VQoBnzDotWcjHvMFA="},"public":{"type":"Buffer","data":"E4II24rt8TCji8Fcn5uEitULnUfs+H2/nTAxnRc7yxs="}},"signedPreKey":{"keyPair":{"private":{"type":"Buffer","data":"AI783/eJxc1XbOoIEK0kUpczyPW6kO3mxsDe/RaIhHA="},"public":{"type":"Buffer","data":"GdBO+qmjWfSXFLZ9TPNJTEfigeR9gk6YeCF0KsiCV3M="}},"signature":{"type":"Buffer","data":"0WYAQczS3+imRow4SyJJAUhdV3xcwbM0QAal9Ac5kAVNxr1fiw+aTVezLM2fZcGrrR8xY3pa4FghaY3KvSo1BA=="},"keyId":1},"registrationId":167,"advSecretKey":"HxB2lVZzEj0B4kSKSBSEF88H3KQOUcfQDz0Y1R7aZvI=","processedHistoryMessages":[{"key":{"remoteJid":"5350993422@s.whatsapp.net","fromMe":true,"id":"6FE21ED9513A5ECE20DBE520E5212A39"},"messageTimestamp":1742829493},{"key":{"remoteJid":"5350993422@s.whatsapp.net","fromMe":true,"id":"D5C50203920B46E509CA54F93FF1FC3C"},"messageTimestamp":1742829494},{"key":{"remoteJid":"5350993422@s.whatsapp.net","fromMe":true,"id":"16F0A918746560417078BEE3FD2D5E89"},"messageTimestamp":1742829503},{"key":{"remoteJid":"5350993422@s.whatsapp.net","fromMe":true,"id":"D525815571410A8519D307FEE14839CC"},"messageTimestamp":1742829504}],"nextPreKeyId":152,"firstUnuploadedPreKeyId":152,"accountSyncCounter":1,"accountSettings":{"unarchiveChats":false},"registered":false,"account":{"details":"CN+XofwFEKvvhb8GGAYgACgA","accountSignatureKey":"3j9HnRpUonPP1EvhiRZ2YNqMicmukpyiJEepa5+FRy4=","accountSignature":"il7MeV1PIG97uXHAjP/cG5z9YImVaBFR7q4Ej0PZyEww/VnFpLYYXYUN8emg/7yajXvLPCX0qzudacKcz6aqCA==","deviceSignature":"t5vzaHPXj16PK8c/IQoYOFbWRRJVXZaiRmIWZw/FfQzTw5SuTsASh5NYVpVF6NPZwXrhv/mHSMTIwlJ0WpzPBA=="},"me":{"id":"5350993422:6@s.whatsapp.net","name":"Tulatitud","lid":"208302122221717:6@lid"},"signalIdentities":[{"identifier":{"name":"5350993422:6@s.whatsapp.net","deviceId":0},"identifierKey":{"type":"Buffer","data":"Bd4/R50aVKJzz9RL4YkWdmDajInJrpKcoiRHqWufhUcu"}}],"platform":"smba","routingInfo":{"type":"Buffer","data":"CAIIEg=="},"lastAccountSyncTimestamp":1742829763,"myAppStateKeyId":"AAAAAHZY","lastPropHash":"2G4Amu"}