{"5352627399@s.whatsapp.net":true,"5352627399:27@s.whatsapp.net":true,"5356375916@s.whatsapp.net":true,"5355831883@s.whatsapp.net":true,"5356374523@s.whatsapp.net":true,"5356581392@s.whatsapp.net":true,"5351941023@s.whatsapp.net":true,"5358545136@s.whatsapp.net":true,"5359170812@s.whatsapp.net":true,"5359171728@s.whatsapp.net":true,"5355428320@s.whatsapp.net":true,"5355826239@s.whatsapp.net":true,"5363143556@s.whatsapp.net":true,"5350555270@s.whatsapp.net":true,"5356696850@s.whatsapp.net":true,"5355016459@s.whatsapp.net":true,"5356796773@s.whatsapp.net":true,"5358126315@s.whatsapp.net":true,"5351007377@s.whatsapp.net":true,"5358977759@s.whatsapp.net":true,"5359725062@s.whatsapp.net":true,"5358172151@s.whatsapp.net":true,"5358172151:14@s.whatsapp.net":true,"5355275263@s.whatsapp.net":true,"5359112375@s.whatsapp.net":true,"5355163629@s.whatsapp.net":true,"5363151803@s.whatsapp.net":true,"5363151803:15@s.whatsapp.net":true,"5363151803:17@s.whatsapp.net":true,"5363151803:19@s.whatsapp.net":true,"5363151803:20@s.whatsapp.net":true,"5352721532@s.whatsapp.net":true,"5351077610@s.whatsapp.net":true,"5355591409@s.whatsapp.net":true,"5355106924@s.whatsapp.net":true,"5353111863@s.whatsapp.net":true,"5353111863:4@s.whatsapp.net":true,"5351148391@s.whatsapp.net":true,"5356607194@s.whatsapp.net":true,"5356574827@s.whatsapp.net":true,"5353241561@s.whatsapp.net":true,"5353241561:33@s.whatsapp.net":true,"5359680636@s.whatsapp.net":true,"5363683527@s.whatsapp.net":true,"5354462695@s.whatsapp.net":true,"5351285478@s.whatsapp.net":true,"5355396520@s.whatsapp.net":true,"5352558651@s.whatsapp.net":true,"5351610536@s.whatsapp.net":true,"5353998537@s.whatsapp.net":true,"5353998537:32@s.whatsapp.net":true,"5353998537:33@s.whatsapp.net":true,"5353998537:34@s.whatsapp.net":true,"5354538805@s.whatsapp.net":true,"5354538805:9@s.whatsapp.net":true,"5354538805:10@s.whatsapp.net":true,"5355150628@s.whatsapp.net":true,"5358998740@s.whatsapp.net":true,"5358998740:6@s.whatsapp.net":true,"5356860308@s.whatsapp.net":true,"5353257218@s.whatsapp.net":true,"5353257218:8@s.whatsapp.net":true,"5356696418@s.whatsapp.net":true,"5351327224@s.whatsapp.net":true,"5355573218@s.whatsapp.net":true,"5352182724@s.whatsapp.net":true,"5358582200@s.whatsapp.net":true,"5355146258@s.whatsapp.net":true,"5353427175@s.whatsapp.net":true,"5353427175:29@s.whatsapp.net":true,"5354744269@s.whatsapp.net":true,"5358243837@s.whatsapp.net":true,"5354225241@s.whatsapp.net":true,"5353025658@s.whatsapp.net":true,"5356917697@s.whatsapp.net":true,"5355340510@s.whatsapp.net":true,"5353830572@s.whatsapp.net":true,"5363740775@s.whatsapp.net":true,"5359667696@s.whatsapp.net":true,"5358205546@s.whatsapp.net":true,"5358382647@s.whatsapp.net":true,"5351681472@s.whatsapp.net":true,"5351212072@s.whatsapp.net":true,"5356224997@s.whatsapp.net":true,"5354482406@s.whatsapp.net":true,"5355382161@s.whatsapp.net":true,"5354430703@s.whatsapp.net":true,"5358511906@s.whatsapp.net":true,"5350018487@s.whatsapp.net":true,"5352517912@s.whatsapp.net":true,"5356352853@s.whatsapp.net":true,"5354609463@s.whatsapp.net":true,"5363600429@s.whatsapp.net":true,"5356865713@s.whatsapp.net":true,"5353234925@s.whatsapp.net":true,"5350804466@s.whatsapp.net":true,"5351000185@s.whatsapp.net":true,"5356845918@s.whatsapp.net":true,"5354817396@s.whatsapp.net":true,"5354817396:60@s.whatsapp.net":true,"5363431533@s.whatsapp.net":true,"5359160952@s.whatsapp.net":true,"5359066371@s.whatsapp.net":true,"5355092037@s.whatsapp.net":true,"5353867039@s.whatsapp.net":true,"5354831353@s.whatsapp.net":true,"5352959980@s.whatsapp.net":true,"5352072795@s.whatsapp.net":true,"5351120894@s.whatsapp.net":true,"79658866732@s.whatsapp.net":true,"5359678804@s.whatsapp.net":true,"5350993422@s.whatsapp.net":true,"5350993422:5@s.whatsapp.net":true,"5354142613@s.whatsapp.net":true,"5358399386@s.whatsapp.net":true,"5354703347@s.whatsapp.net":true,"5352828002@s.whatsapp.net":true,"5354227868@s.whatsapp.net":true,"5354227868:2@s.whatsapp.net":true,"5355599598@s.whatsapp.net":true,"5352375219@s.whatsapp.net":true,"5353088916@s.whatsapp.net":true,"5351225205@s.whatsapp.net":true,"5355828902@s.whatsapp.net":true,"5356518359@s.whatsapp.net":true,"5358819153@s.whatsapp.net":true,"5353630786@s.whatsapp.net":true,"5358478418@s.whatsapp.net":true,"5355920084@s.whatsapp.net":true,"5351059345@s.whatsapp.net":true,"5355511625@s.whatsapp.net":true,"5351389532@s.whatsapp.net":true,"5354757396@s.whatsapp.net":true,"5359674183@s.whatsapp.net":true,"5354393638@s.whatsapp.net":true,"5359723170@s.whatsapp.net":true,"5354740801@s.whatsapp.net":true,"5354740801:15@s.whatsapp.net":true,"5355338149@s.whatsapp.net":true,"5355111814@s.whatsapp.net":true,"5355817217@s.whatsapp.net":true,"5359220282@s.whatsapp.net":true,"5352558234@s.whatsapp.net":true,"5353811487@s.whatsapp.net":true,"5351549968@s.whatsapp.net":true,"5353824363@s.whatsapp.net":true,"5356830238@s.whatsapp.net":true,"5363970772@s.whatsapp.net":true,"5358468143@s.whatsapp.net":true,"5358468143:4@s.whatsapp.net":true,"5351954819@s.whatsapp.net":true,"5353004406@s.whatsapp.net":true,"5350045176@s.whatsapp.net":true,"5359495537@s.whatsapp.net":true,"5353147121@s.whatsapp.net":true,"5353147121:11@s.whatsapp.net":true,"5353147121:13@s.whatsapp.net":true,"5353147121:14@s.whatsapp.net":true,"5355640479@s.whatsapp.net":true,"5363716430@s.whatsapp.net":true,"5352529615@s.whatsapp.net":true,"5352529615:1@s.whatsapp.net":true,"5352529615:2@s.whatsapp.net":true,"5363141308@s.whatsapp.net":true,"5363141308:19@s.whatsapp.net":true,"5359673855@s.whatsapp.net":true,"5358391399@s.whatsapp.net":true,"5359530308@s.whatsapp.net":true,"5356392259@s.whatsapp.net":true,"5356392259:16@s.whatsapp.net":true,"5351840310@s.whatsapp.net":true,"5356572975@s.whatsapp.net":true,"5355071513@s.whatsapp.net":true,"5356583339@s.whatsapp.net":true,"5359643097@s.whatsapp.net":true,"5363691715@s.whatsapp.net":true,"5353178782@s.whatsapp.net":true,"5353967337@s.whatsapp.net":true,"5359108513@s.whatsapp.net":true,"5350674554@s.whatsapp.net":true,"5359427407@s.whatsapp.net":true,"5359360186@s.whatsapp.net":true,"5354062628@s.whatsapp.net":true,"5358877534@s.whatsapp.net":true,"5356104395@s.whatsapp.net":true,"5356104395:3@s.whatsapp.net":true,"5353830938@s.whatsapp.net":true,"5351822213@s.whatsapp.net":true,"5354758613@s.whatsapp.net":true,"5354758613:6@s.whatsapp.net":true,"5354758613:7@s.whatsapp.net":true,"5354758613:8@s.whatsapp.net":true,"5358853330@s.whatsapp.net":true,"5356070986@s.whatsapp.net":true,"5363696300@s.whatsapp.net":true,"5351281556@s.whatsapp.net":true,"5356858179@s.whatsapp.net":true,"5359432684@s.whatsapp.net":true,"5350753657@s.whatsapp.net":true,"5354811510@s.whatsapp.net":true,"5356463503@s.whatsapp.net":true,"5355846097@s.whatsapp.net":true,"5355985388@s.whatsapp.net":true,"5353852658@s.whatsapp.net":true,"5353852658:5@s.whatsapp.net":true,"5353824042@s.whatsapp.net":true,"5355219192@s.whatsapp.net":true,"5356709224@s.whatsapp.net":true,"5358052886@s.whatsapp.net":true,"5356149280@s.whatsapp.net":true,"5353791971@s.whatsapp.net":true,"5354396512@s.whatsapp.net":true,"5358592302@s.whatsapp.net":true,"5350321125@s.whatsapp.net":true,"5351167190@s.whatsapp.net":true,"5355462489@s.whatsapp.net":true,"5356050605@s.whatsapp.net":true,"5352892528@s.whatsapp.net":true,"5352892528:54@s.whatsapp.net":true,"5355659491@s.whatsapp.net":true,"5355659491:13@s.whatsapp.net":true,"5351126862@s.whatsapp.net":true,"5358204993@s.whatsapp.net":true,"5355731721@s.whatsapp.net":true,"5355731721:7@s.whatsapp.net":true,"5355731721:8@s.whatsapp.net":true,"5355731721:12@s.whatsapp.net":true,"5354102626@s.whatsapp.net":true,"5356424437@s.whatsapp.net":true,"5359735518@s.whatsapp.net":true,"5353416882@s.whatsapp.net":true,"5353416882:4@s.whatsapp.net":true,"5358702083@s.whatsapp.net":true,"5351599352@s.whatsapp.net":true,"5351973330@s.whatsapp.net":true,"5358033301@s.whatsapp.net":true,"5355834922@s.whatsapp.net":true,"5355947224@s.whatsapp.net":true,"5358183718@s.whatsapp.net":true,"5354331007@s.whatsapp.net":true,"5355379307@s.whatsapp.net":true,"5355268477@s.whatsapp.net":true,"5359423870@s.whatsapp.net":true,"5353362498@s.whatsapp.net":true,"5353362498:10@s.whatsapp.net":true,"5353852274@s.whatsapp.net":true,"5358125061@s.whatsapp.net":true,"5355039556@s.whatsapp.net":true,"5353729877@s.whatsapp.net":true,"5350739888@s.whatsapp.net":true,"5358449431@s.whatsapp.net":true,"5355584233@s.whatsapp.net":true,"5355586400@s.whatsapp.net":true,"5353210205@s.whatsapp.net":true,"5352718427@s.whatsapp.net":true,"5358895968@s.whatsapp.net":true,"5356809021@s.whatsapp.net":true,"5358130985@s.whatsapp.net":true,"5355303931@s.whatsapp.net":true,"5353602010@s.whatsapp.net":true,"5353167934@s.whatsapp.net":true,"5363734050@s.whatsapp.net":true,"5363841066@s.whatsapp.net":true,"5351708056@s.whatsapp.net":true,"5358694089@s.whatsapp.net":true,"5356077943@s.whatsapp.net":true,"5356077943:7@s.whatsapp.net":true,"5359529673@s.whatsapp.net":true,"5351240049@s.whatsapp.net":true,"5354750003@s.whatsapp.net":true,"5358411312@s.whatsapp.net":true,"5358419891@s.whatsapp.net":true,"5358419891:24@s.whatsapp.net":true,"5353877296@s.whatsapp.net":true,"5356702561@s.whatsapp.net":true,"5359425637@s.whatsapp.net":true,"5358694608@s.whatsapp.net":true,"5355138624@s.whatsapp.net":true,"5353243272@s.whatsapp.net":true,"5358077163@s.whatsapp.net":true,"5351803707@s.whatsapp.net":true,"5353396902@s.whatsapp.net":true,"5355825824@s.whatsapp.net":true,"5359110337@s.whatsapp.net":true,"5354014449@s.whatsapp.net":true,"5355672989@s.whatsapp.net":true,"5356619710@s.whatsapp.net":true,"5352419244@s.whatsapp.net":true,"5356807681@s.whatsapp.net":true,"5356652033@s.whatsapp.net":true,"5352365898@s.whatsapp.net":true,"5356594059@s.whatsapp.net":true,"5355651566@s.whatsapp.net":true,"5355651566:34@s.whatsapp.net":true,"5355651566:35@s.whatsapp.net":true,"5355651566:37@s.whatsapp.net":true,"5355055604@s.whatsapp.net":true,"5355649026@s.whatsapp.net":true,"5355649026:38@s.whatsapp.net":true,"5356458962@s.whatsapp.net":true,"5363895693@s.whatsapp.net":true,"5356232147@s.whatsapp.net":true,"5356865491@s.whatsapp.net":true,"5351570074@s.whatsapp.net":true,"5359054533@s.whatsapp.net":true,"5356591555@s.whatsapp.net":true,"5354022839@s.whatsapp.net":true,"5355525034@s.whatsapp.net":true,"5353248235@s.whatsapp.net":true,"5354980612@s.whatsapp.net":true,"8618241557660@s.whatsapp.net":true,"5353855401@s.whatsapp.net":true,"5353855401:2@s.whatsapp.net":true,"5358932964@s.whatsapp.net":true,"5353927751@s.whatsapp.net":true,"5351318807@s.whatsapp.net":true,"5363725804@s.whatsapp.net":true,"5351435491@s.whatsapp.net":true,"5355523931@s.whatsapp.net":true,"5363727656@s.whatsapp.net":true,"5351969566@s.whatsapp.net":true,"5352662487@s.whatsapp.net":true,"5352662487:9@s.whatsapp.net":true,"5352363891@s.whatsapp.net":true,"5356795999@s.whatsapp.net":true,"5352057625@s.whatsapp.net":true,"5356696131@s.whatsapp.net":true,"5359224083@s.whatsapp.net":true,"5359224083:3@s.whatsapp.net":true,"5359080298@s.whatsapp.net":true,"5355393396@s.whatsapp.net":true,"5352521946@s.whatsapp.net":true,"5355718430@s.whatsapp.net":true,"5355718430:5@s.whatsapp.net":true,"5353801905@s.whatsapp.net":true,"5354538805:11@s.whatsapp.net":true,"5355731721:13@s.whatsapp.net":true,"5356386122@s.whatsapp.net":true,"5359423466@s.whatsapp.net":true,"5355193431@s.whatsapp.net":true}