[{"senderKeyId":1642031342,"senderChainKey":{"iteration":1,"seed":"Afa9BEktQMjG7gpNeIhapUqfp23I0rjHodi7e6NRZPg="},"senderSigningKey":{"public":"Bc17emDcBzZOYJJUAzWWRS2oypR08+ShD1Vtzujn/op/"},"senderMessageKeys":[]},{"senderKeyId":1362372038,"senderChainKey":{"iteration":2,"seed":"NeCzSYvl7IXA/s/dCoWDKlzRKT0WTnTWgC7g3MwFRRk="},"senderSigningKey":{"public":"Bc8L7/QYcMqv57/yutpY5FtYQI9WEqwqqMIwh7bhcxlY"},"senderMessageKeys":[]},{"senderKeyId":622334203,"senderChainKey":{"iteration":1,"seed":"70LaDL0ttjfWcDJvsJA8rdjIQL9++jItfUCVQ+jYCkM="},"senderSigningKey":{"public":"BaTJMXwNUanuCaUdKczo9Gnr/7jI39/488n1VLGxmhds"},"senderMessageKeys":[]}]