[{"senderKeyId":1112543127,"senderChainKey":{"iteration":1,"seed":"4gMCllk54SruQquJbPX9wD28T267LzMZamGsMBZreFw="},"senderSigningKey":{"public":"BQEwa91XjrTlOuYtVQ0DsjBbyIxc6qMBD7vseeYzf0ti"},"senderMessageKeys":[]},{"senderKeyId":672485242,"senderChainKey":{"iteration":3,"seed":"B80UEyzNQdJpVpNCZfTpsJq58blQgie1ijN1vUPvbf4="},"senderSigningKey":{"public":"BU8Wydwee2nlzHgssZNZdZlEYRjiaV1SheyMlvPXkW0O"},"senderMessageKeys":[]},{"senderKeyId":46384393,"senderChainKey":{"iteration":26,"seed":"ipiU5GT+sXpFTIVBpPmlv2b6qdVUH/YZzJAJVsdyaWo="},"senderSigningKey":{"public":"Ba9PnwWg/+r40vAXuYCBCg+QIhbcNQRTLQWteJnBJYtJ"},"senderMessageKeys":[]}]