{"5350504126@s.whatsapp.net":true,"5356172535@s.whatsapp.net":true,"5352627399@s.whatsapp.net":true,"5352627399:27@s.whatsapp.net":true,"5359093294@s.whatsapp.net":true,"5356375916@s.whatsapp.net":true,"5355831883@s.whatsapp.net":true,"5356374523@s.whatsapp.net":true,"5359763917@s.whatsapp.net":true,"5358532418@s.whatsapp.net":true,"5358532418:20@s.whatsapp.net":true,"5351200134@s.whatsapp.net":true,"5354705262@s.whatsapp.net":true,"5356581392@s.whatsapp.net":true,"5355917916@s.whatsapp.net":true,"5358545136@s.whatsapp.net":true,"5359171728@s.whatsapp.net":true,"5355428320@s.whatsapp.net":true,"5359642948@s.whatsapp.net":true,"5355657714@s.whatsapp.net":true,"5355826239@s.whatsapp.net":true,"5363143556@s.whatsapp.net":true,"5350555270@s.whatsapp.net":true,"5356671636@s.whatsapp.net":true,"5354817383@s.whatsapp.net":true,"5356696850@s.whatsapp.net":true,"5354834309@s.whatsapp.net":true,"5356524462@s.whatsapp.net":true,"5355016459@s.whatsapp.net":true,"5358126315@s.whatsapp.net":true,"5351007377@s.whatsapp.net":true,"5358977759@s.whatsapp.net":true,"5359725062@s.whatsapp.net":true,"5355832172@s.whatsapp.net":true,"5355142738@s.whatsapp.net":true,"5355275263@s.whatsapp.net":true,"5355133093@s.whatsapp.net":true,"5355067678@s.whatsapp.net":true,"5359112375@s.whatsapp.net":true,"5355163629@s.whatsapp.net":true,"5363151803@s.whatsapp.net":true,"5363151803:15@s.whatsapp.net":true,"5363151803:17@s.whatsapp.net":true,"5363151803:19@s.whatsapp.net":true,"5363151803:20@s.whatsapp.net":true,"5356377946@s.whatsapp.net":true,"5356132644@s.whatsapp.net":true,"5352721532@s.whatsapp.net":true,"5355511736@s.whatsapp.net":true,"5351077610@s.whatsapp.net":true,"5355106924@s.whatsapp.net":true,"5359760218@s.whatsapp.net":true,"5359001843@s.whatsapp.net":true,"5351322016@s.whatsapp.net":true,"5359706051@s.whatsapp.net":true,"5353026241@s.whatsapp.net":true,"5353111863@s.whatsapp.net":true,"5353111863:4@s.whatsapp.net":true,"5351148391@s.whatsapp.net":true,"5356607194@s.whatsapp.net":true,"5359772693@s.whatsapp.net":true,"5356861370@s.whatsapp.net":true,"5356696150@s.whatsapp.net":true,"5356696150:6@s.whatsapp.net":true,"5356139878@s.whatsapp.net":true,"5356139878:33@s.whatsapp.net":true,"5356139878:36@s.whatsapp.net":true,"5353241561@s.whatsapp.net":true,"5353241561:33@s.whatsapp.net":true,"5356851507@s.whatsapp.net":true,"5356851507:3@s.whatsapp.net":true,"5359680636@s.whatsapp.net":true,"5363683527@s.whatsapp.net":true,"5355519234@s.whatsapp.net":true,"5359772271@s.whatsapp.net":true,"5354462695@s.whatsapp.net":true,"5355666165@s.whatsapp.net":true,"5351285478@s.whatsapp.net":true,"5355396520@s.whatsapp.net":true,"5352558651@s.whatsapp.net":true,"5351610536@s.whatsapp.net":true,"5355516897@s.whatsapp.net":true,"5353998537@s.whatsapp.net":true,"5353998537:32@s.whatsapp.net":true,"5353998537:33@s.whatsapp.net":true,"5353998537:34@s.whatsapp.net":true,"5353904650@s.whatsapp.net":true,"5354134267@s.whatsapp.net":true,"5350148583@s.whatsapp.net":true,"5355143072@s.whatsapp.net":true,"5355143072:42@s.whatsapp.net":true,"5354538805@s.whatsapp.net":true,"5354538805:9@s.whatsapp.net":true,"5354538805:10@s.whatsapp.net":true,"5355048902@s.whatsapp.net":true,"5356914607@s.whatsapp.net":true,"5352888425@s.whatsapp.net":true,"5356370955@s.whatsapp.net":true,"5358998740@s.whatsapp.net":true,"5358998740:6@s.whatsapp.net":true,"5356696418@s.whatsapp.net":true,"5351327224@s.whatsapp.net":true,"5351611201@s.whatsapp.net":true,"5351649664@s.whatsapp.net":true,"5354360932@s.whatsapp.net":true,"5358878285@s.whatsapp.net":true,"5355098359@s.whatsapp.net":true,"5355573218@s.whatsapp.net":true,"5352182724@s.whatsapp.net":true,"5356578037@s.whatsapp.net":true,"5356578037:25@s.whatsapp.net":true,"5358582200@s.whatsapp.net":true,"5355146258@s.whatsapp.net":true,"5351571687@s.whatsapp.net":true,"5353427175@s.whatsapp.net":true,"5353427175:29@s.whatsapp.net":true,"5354744269@s.whatsapp.net":true,"5356725544@s.whatsapp.net":true,"5356725544:14@s.whatsapp.net":true,"5358243837@s.whatsapp.net":true,"5356053211@s.whatsapp.net":true,"5355776896@s.whatsapp.net":true,"5354395597@s.whatsapp.net":true,"5355165681@s.whatsapp.net":true,"5355165681:30@s.whatsapp.net":true,"5356957846@s.whatsapp.net":true,"5354225241@s.whatsapp.net":true,"5353025658@s.whatsapp.net":true,"5355572156@s.whatsapp.net":true,"5355326763@s.whatsapp.net":true,"5356917697@s.whatsapp.net":true,"5363118884@s.whatsapp.net":true,"5355340510@s.whatsapp.net":true,"5351007107@s.whatsapp.net":true,"5353830572@s.whatsapp.net":true,"5363740775@s.whatsapp.net":true,"5351466948@s.whatsapp.net":true,"5359667696@s.whatsapp.net":true,"5363713709@s.whatsapp.net":true,"5352961506@s.whatsapp.net":true,"5352961506:10@s.whatsapp.net":true,"5358205546@s.whatsapp.net":true,"5358382647@s.whatsapp.net":true,"5351681472@s.whatsapp.net":true,"5351946458@s.whatsapp.net":true,"5350484719@s.whatsapp.net":true,"5351212072@s.whatsapp.net":true,"5350752307@s.whatsapp.net":true,"5356887439@s.whatsapp.net":true,"5356224997@s.whatsapp.net":true,"5354482406@s.whatsapp.net":true,"5356735387@s.whatsapp.net":true,"5355382161@s.whatsapp.net":true,"5354430703@s.whatsapp.net":true,"5354745738@s.whatsapp.net":true,"5350018487@s.whatsapp.net":true,"5352517912@s.whatsapp.net":true,"5356352853@s.whatsapp.net":true,"5354609463@s.whatsapp.net":true,"5356975362@s.whatsapp.net":true,"5356975362:14@s.whatsapp.net":true,"5356975362:15@s.whatsapp.net":true,"5363600429@s.whatsapp.net":true,"5359744109@s.whatsapp.net":true,"5356865713@s.whatsapp.net":true,"5353234925@s.whatsapp.net":true,"5353647376@s.whatsapp.net":true,"5350804466@s.whatsapp.net":true,"5351000185@s.whatsapp.net":true,"5359163955@s.whatsapp.net":true,"5359163955:46@s.whatsapp.net":true,"5359163955:47@s.whatsapp.net":true,"5363431533@s.whatsapp.net":true,"5359160952@s.whatsapp.net":true,"5359066371@s.whatsapp.net":true,"5355092037@s.whatsapp.net":true,"5353867039@s.whatsapp.net":true,"5354831353@s.whatsapp.net":true,"5356249037@s.whatsapp.net":true,"5354261937@s.whatsapp.net":true,"5351418029@s.whatsapp.net":true,"5355820083@s.whatsapp.net":true,"5359435864@s.whatsapp.net":true,"5358895527@s.whatsapp.net":true,"5358895527:33@s.whatsapp.net":true,"5351154951@s.whatsapp.net":true,"5351154951:10@s.whatsapp.net":true,"5350067965@s.whatsapp.net":true,"5358450818@s.whatsapp.net":true,"5363732852@s.whatsapp.net":true,"5352072795@s.whatsapp.net":true,"5351120894@s.whatsapp.net":true,"5359333063@s.whatsapp.net":true,"79658866732@s.whatsapp.net":true,"5352881159@s.whatsapp.net":true,"5353614822@s.whatsapp.net":true,"5350993422@s.whatsapp.net":true,"5350993422:5@s.whatsapp.net":true,"5359768282@s.whatsapp.net":true,"5356043516@s.whatsapp.net":true,"5354744045@s.whatsapp.net":true,"5351074959@s.whatsapp.net":true,"5354142613@s.whatsapp.net":true,"5358399386@s.whatsapp.net":true,"5351234051@s.whatsapp.net":true,"5355668258@s.whatsapp.net":true,"5356224126@s.whatsapp.net":true,"5353133078@s.whatsapp.net":true,"5354703347@s.whatsapp.net":true,"5352652212@s.whatsapp.net":true,"5356784108@s.whatsapp.net":true,"5356784108:25@s.whatsapp.net":true,"5356784108:28@s.whatsapp.net":true,"5352828002@s.whatsapp.net":true,"5353144001@s.whatsapp.net":true,"5354227868@s.whatsapp.net":true,"5354227868:2@s.whatsapp.net":true,"5350705986@s.whatsapp.net":true,"5356382660@s.whatsapp.net":true,"5359678284@s.whatsapp.net":true,"5351202504@s.whatsapp.net":true,"5355599598@s.whatsapp.net":true,"5354663884@s.whatsapp.net":true,"5354663884:4@s.whatsapp.net":true,"5356953647@s.whatsapp.net":true,"5353088916@s.whatsapp.net":true,"5356378393@s.whatsapp.net":true,"5358680034@s.whatsapp.net":true,"5352491192@s.whatsapp.net":true,"5363961598@s.whatsapp.net":true,"5351225205@s.whatsapp.net":true,"5350636729@s.whatsapp.net":true,"5358133026@s.whatsapp.net":true,"5358133026:26@s.whatsapp.net":true,"5359767581@s.whatsapp.net":true,"5355828902@s.whatsapp.net":true,"5355526437@s.whatsapp.net":true,"5356885033@s.whatsapp.net":true,"5356885033:16@s.whatsapp.net":true,"5356518359@s.whatsapp.net":true,"5358240438@s.whatsapp.net":true,"5353630786@s.whatsapp.net":true,"5356578851@s.whatsapp.net":true,"5356578851:10@s.whatsapp.net":true,"5353445693@s.whatsapp.net":true,"5355920084@s.whatsapp.net":true,"5351059345@s.whatsapp.net":true,"5355511625@s.whatsapp.net":true,"5356225500@s.whatsapp.net":true,"5351389532@s.whatsapp.net":true,"5354757396@s.whatsapp.net":true,"5359674183@s.whatsapp.net":true,"5354393638@s.whatsapp.net":true,"5363122583@s.whatsapp.net":true,"5359723170@s.whatsapp.net":true,"5353703241@s.whatsapp.net":true,"5352972285@s.whatsapp.net":true,"5352972285:2@s.whatsapp.net":true,"5354031172@s.whatsapp.net":true,"5354740801@s.whatsapp.net":true,"5354740801:15@s.whatsapp.net":true,"5355338149@s.whatsapp.net":true,"5358731944@s.whatsapp.net":true,"5355360739@s.whatsapp.net":true,"5354931703@s.whatsapp.net":true,"5351948233@s.whatsapp.net":true,"5355111814@s.whatsapp.net":true,"5354492191@s.whatsapp.net":true,"5358453056@s.whatsapp.net":true,"5355817217@s.whatsapp.net":true,"5356144522@s.whatsapp.net":true,"5352558234@s.whatsapp.net":true,"5353811487@s.whatsapp.net":true,"5351549968@s.whatsapp.net":true,"5356697586@s.whatsapp.net":true,"5353824363@s.whatsapp.net":true,"5354895623@s.whatsapp.net":true,"5358270205@s.whatsapp.net":true,"5355804656@s.whatsapp.net":true,"5356830238@s.whatsapp.net":true,"5363970772@s.whatsapp.net":true,"5358468143@s.whatsapp.net":true,"5358468143:4@s.whatsapp.net":true,"5351954819@s.whatsapp.net":true,"5356586087@s.whatsapp.net":true,"5356586087:1@s.whatsapp.net":true,"5353004406@s.whatsapp.net":true,"5350045176@s.whatsapp.net":true,"5359495537@s.whatsapp.net":true,"5353147121@s.whatsapp.net":true,"5353147121:11@s.whatsapp.net":true,"5353147121:13@s.whatsapp.net":true,"5353147121:14@s.whatsapp.net":true,"5352447093@s.whatsapp.net":true,"5355640479@s.whatsapp.net":true,"5352529615@s.whatsapp.net":true,"5352529615:1@s.whatsapp.net":true,"5352529615:2@s.whatsapp.net":true,"5363141308@s.whatsapp.net":true,"5363141308:19@s.whatsapp.net":true,"5359673855@s.whatsapp.net":true,"5355836948@s.whatsapp.net":true,"5359530308@s.whatsapp.net":true,"5358554973@s.whatsapp.net":true,"5356572975@s.whatsapp.net":true,"5358453388@s.whatsapp.net":true,"5358453388:5@s.whatsapp.net":true,"5355071513@s.whatsapp.net":true,"5356583339@s.whatsapp.net":true,"5359643097@s.whatsapp.net":true,"5356995137@s.whatsapp.net":true,"5363691715@s.whatsapp.net":true,"5353178782@s.whatsapp.net":true,"5359179171@s.whatsapp.net":true,"5353967337@s.whatsapp.net":true,"5350674554@s.whatsapp.net":true,"5359427407@s.whatsapp.net":true,"5359360186@s.whatsapp.net":true,"5354062628@s.whatsapp.net":true,"5356539268@s.whatsapp.net":true,"5356239470@s.whatsapp.net":true,"5356104395@s.whatsapp.net":true,"5356104395:3@s.whatsapp.net":true,"5353830938@s.whatsapp.net":true,"5355071385@s.whatsapp.net":true,"5351822213@s.whatsapp.net":true,"5354758613@s.whatsapp.net":true,"5354758613:6@s.whatsapp.net":true,"5354758613:7@s.whatsapp.net":true,"5354758613:8@s.whatsapp.net":true,"5358853330@s.whatsapp.net":true,"5363959412@s.whatsapp.net":true,"5352049994@s.whatsapp.net":true,"5355834375@s.whatsapp.net":true,"5355834375:43@s.whatsapp.net":true,"5355924419@s.whatsapp.net":true,"5355100225@s.whatsapp.net":true,"5363696300@s.whatsapp.net":true,"5355072780@s.whatsapp.net":true,"5350515870@s.whatsapp.net":true,"5356580956@s.whatsapp.net":true,"5355814970@s.whatsapp.net":true,"5356858179@s.whatsapp.net":true,"5353998048@s.whatsapp.net":true,"5359432684@s.whatsapp.net":true,"5354399809@s.whatsapp.net":true,"5354399809:29@s.whatsapp.net":true,"5359567082@s.whatsapp.net":true,"5353465928@s.whatsapp.net":true,"5350753657@s.whatsapp.net":true,"5359185858@s.whatsapp.net":true,"5354811510@s.whatsapp.net":true,"5356463503@s.whatsapp.net":true,"5358778063@s.whatsapp.net":true,"5355846097@s.whatsapp.net":true,"5355357485@s.whatsapp.net":true,"5355985388@s.whatsapp.net":true,"5352585561@s.whatsapp.net":true,"5353852658@s.whatsapp.net":true,"5353852658:5@s.whatsapp.net":true,"5354320122@s.whatsapp.net":true,"5351613880@s.whatsapp.net":true,"5359574184@s.whatsapp.net":true,"5353824042@s.whatsapp.net":true,"5358033410@s.whatsapp.net":true,"5359455666@s.whatsapp.net":true,"5355219192@s.whatsapp.net":true,"5353907059@s.whatsapp.net":true,"5353907059:3@s.whatsapp.net":true,"5356709224@s.whatsapp.net":true,"5358052886@s.whatsapp.net":true,"5354984289@s.whatsapp.net":true,"5353244570@s.whatsapp.net":true,"5359508882@s.whatsapp.net":true,"5359508882:1@s.whatsapp.net":true,"5353791971@s.whatsapp.net":true,"5355847587@s.whatsapp.net":true,"5354396512@s.whatsapp.net":true,"5356081701@s.whatsapp.net":true,"5350321125@s.whatsapp.net":true,"5363722867@s.whatsapp.net":true,"5354748661@s.whatsapp.net":true,"5356050605@s.whatsapp.net":true,"5353813966@s.whatsapp.net":true,"5354697762@s.whatsapp.net":true,"5354697762:3@s.whatsapp.net":true,"5355659491@s.whatsapp.net":true,"5355659491:13@s.whatsapp.net":true,"5355047903@s.whatsapp.net":true,"5351126862@s.whatsapp.net":true,"5355731721@s.whatsapp.net":true,"5355731721:7@s.whatsapp.net":true,"5355731721:8@s.whatsapp.net":true,"5355731721:12@s.whatsapp.net":true,"5356424437@s.whatsapp.net":true,"5359735518@s.whatsapp.net":true,"5358051004@s.whatsapp.net":true,"5354785333@s.whatsapp.net":true,"5363995234@s.whatsapp.net":true,"5363995234:1@s.whatsapp.net":true,"5356586028@s.whatsapp.net":true,"5355431078@s.whatsapp.net":true,"5353416882@s.whatsapp.net":true,"5353416882:4@s.whatsapp.net":true,"5358702083@s.whatsapp.net":true,"5356385066@s.whatsapp.net":true,"5351599352@s.whatsapp.net":true,"5354483079@s.whatsapp.net":true,"5358033301@s.whatsapp.net":true,"5356204645@s.whatsapp.net":true,"5358272271@s.whatsapp.net":true,"5358272271:8@s.whatsapp.net":true,"5358891109@s.whatsapp.net":true,"5355834922@s.whatsapp.net":true,"5355947224@s.whatsapp.net":true,"5358183718@s.whatsapp.net":true,"5354331007@s.whatsapp.net":true,"5359807697@s.whatsapp.net":true,"5353840677@s.whatsapp.net":true,"5355819013@s.whatsapp.net":true,"5355379307@s.whatsapp.net":true,"5358449718@s.whatsapp.net":true,"5358449718:5@s.whatsapp.net":true,"5356600752@s.whatsapp.net":true,"5356461803@s.whatsapp.net":true,"5352060056@s.whatsapp.net":true,"5355268477@s.whatsapp.net":true,"5359732621@s.whatsapp.net":true,"5359732621:8@s.whatsapp.net":true,"5352376875@s.whatsapp.net":true,"5355527982@s.whatsapp.net":true,"5353362498@s.whatsapp.net":true,"5353362498:10@s.whatsapp.net":true,"5353047475@s.whatsapp.net":true,"5359108057@s.whatsapp.net":true,"5358125061@s.whatsapp.net":true,"5356172914@s.whatsapp.net":true,"5353729877@s.whatsapp.net":true,"5350739888@s.whatsapp.net":true,"5350519436@s.whatsapp.net":true,"5355692118@s.whatsapp.net":true,"5358449431@s.whatsapp.net":true,"5358939940@s.whatsapp.net":true,"5355584233@s.whatsapp.net":true,"5355586400@s.whatsapp.net":true,"5353210205@s.whatsapp.net":true,"5352718427@s.whatsapp.net":true,"5358895968@s.whatsapp.net":true,"5358813472@s.whatsapp.net":true,"5356809021@s.whatsapp.net":true,"5356600605@s.whatsapp.net":true,"5358130985@s.whatsapp.net":true,"5355074146@s.whatsapp.net":true,"5358473481@s.whatsapp.net":true,"5353602010@s.whatsapp.net":true,"5353167934@s.whatsapp.net":true,"5363734050@s.whatsapp.net":true,"5358275958@s.whatsapp.net":true,"5363841066@s.whatsapp.net":true,"5352554439@s.whatsapp.net":true,"5363995325@s.whatsapp.net":true,"5359488121@s.whatsapp.net":true,"5354920637@s.whatsapp.net":true,"5354289069@s.whatsapp.net":true,"5356387181@s.whatsapp.net":true,"5356387181:2@s.whatsapp.net":true,"5358473875@s.whatsapp.net":true,"5358473875:23@s.whatsapp.net":true,"5356232827@s.whatsapp.net":true,"5359412951@s.whatsapp.net":true,"5356002414@s.whatsapp.net":true,"5356002414:76@s.whatsapp.net":true,"5351287130@s.whatsapp.net":true,"5351708056@s.whatsapp.net":true,"5358696431@s.whatsapp.net":true,"5358694089@s.whatsapp.net":true,"5358462272@s.whatsapp.net":true,"5356077943@s.whatsapp.net":true,"5356077943:7@s.whatsapp.net":true,"5359529673@s.whatsapp.net":true,"5351240049@s.whatsapp.net":true,"5355644444@s.whatsapp.net":true,"5354750003@s.whatsapp.net":true,"5350751693@s.whatsapp.net":true,"5358411312@s.whatsapp.net":true,"5358419891@s.whatsapp.net":true,"5358419891:24@s.whatsapp.net":true,"5356702561@s.whatsapp.net":true,"5353581357@s.whatsapp.net":true,"5359425637@s.whatsapp.net":true,"5352443597@s.whatsapp.net":true,"5356105028@s.whatsapp.net":true,"5359134103@s.whatsapp.net":true,"5358694608@s.whatsapp.net":true,"5359108155@s.whatsapp.net":true,"5355138624@s.whatsapp.net":true,"5355586674@s.whatsapp.net":true,"5351643359@s.whatsapp.net":true,"5356820598@s.whatsapp.net":true,"5358077163@s.whatsapp.net":true,"5353720216@s.whatsapp.net":true,"5351803707@s.whatsapp.net":true,"5353396902@s.whatsapp.net":true,"5356771702@s.whatsapp.net":true,"5351494187@s.whatsapp.net":true,"5351494187:12@s.whatsapp.net":true,"5355825824@s.whatsapp.net":true,"5355646402@s.whatsapp.net":true,"5351304885@s.whatsapp.net":true,"5356969891@s.whatsapp.net":true,"5356969891:4@s.whatsapp.net":true,"5354014449@s.whatsapp.net":true,"5359221297@s.whatsapp.net":true,"5355840067@s.whatsapp.net":true,"5354273787@s.whatsapp.net":true,"5356807681@s.whatsapp.net":true,"5354972401@s.whatsapp.net":true,"5356534873@s.whatsapp.net":true,"5356652033@s.whatsapp.net":true,"5353166494@s.whatsapp.net":true,"5353971111@s.whatsapp.net":true,"5352905990@s.whatsapp.net":true,"5356594059@s.whatsapp.net":true,"5351587530@s.whatsapp.net":true,"5355732996@s.whatsapp.net":true,"5358228495@s.whatsapp.net":true,"5356138785@s.whatsapp.net":true,"5351675204@s.whatsapp.net":true,"5355651566@s.whatsapp.net":true,"5355651566:34@s.whatsapp.net":true,"5355651566:35@s.whatsapp.net":true,"5355651566:37@s.whatsapp.net":true,"5355055604@s.whatsapp.net":true,"5359160263@s.whatsapp.net":true,"5355511565@s.whatsapp.net":true,"5355511565:10@s.whatsapp.net":true,"5355511565:11@s.whatsapp.net":true,"5356809138@s.whatsapp.net":true,"5351054902@s.whatsapp.net":true,"5356458962@s.whatsapp.net":true,"5363895693@s.whatsapp.net":true,"5350289869@s.whatsapp.net":true,"5359760978@s.whatsapp.net":true,"5356232147@s.whatsapp.net":true,"5356865491@s.whatsapp.net":true,"5351570074@s.whatsapp.net":true,"5359054533@s.whatsapp.net":true,"5353024112@s.whatsapp.net":true,"5354022839@s.whatsapp.net":true,"5355403566@s.whatsapp.net":true,"5355525034@s.whatsapp.net":true,"5359221288@s.whatsapp.net":true,"5355500209@s.whatsapp.net":true,"5355803177@s.whatsapp.net":true,"5353248235@s.whatsapp.net":true,"5355542589@s.whatsapp.net":true,"5358470251@s.whatsapp.net":true,"5354756728@s.whatsapp.net":true,"5354980612@s.whatsapp.net":true,"8618241557660@s.whatsapp.net":true,"5359572202@s.whatsapp.net":true,"5363994025@s.whatsapp.net":true,"5353855401@s.whatsapp.net":true,"5353855401:2@s.whatsapp.net":true,"5354417122@s.whatsapp.net":true,"5358932964@s.whatsapp.net":true,"5353927751@s.whatsapp.net":true,"5351318807@s.whatsapp.net":true,"5363725804@s.whatsapp.net":true,"5355373765@s.whatsapp.net":true,"5351435491@s.whatsapp.net":true,"5354235068@s.whatsapp.net":true,"5355288549@s.whatsapp.net":true,"5351915073@s.whatsapp.net":true,"5351915073:2@s.whatsapp.net":true,"5358710327@s.whatsapp.net":true,"5358710327:2@s.whatsapp.net":true,"5355523931@s.whatsapp.net":true,"5353635828@s.whatsapp.net":true,"5351470885@s.whatsapp.net":true,"5363727656@s.whatsapp.net":true,"5351969566@s.whatsapp.net":true,"5352428035@s.whatsapp.net":true,"5352662487@s.whatsapp.net":true,"5352662487:9@s.whatsapp.net":true,"5352363891@s.whatsapp.net":true,"5352057625@s.whatsapp.net":true,"5356578824@s.whatsapp.net":true,"5359361690@s.whatsapp.net":true,"5359217208@s.whatsapp.net":true,"5355813771@s.whatsapp.net":true,"5356871474@s.whatsapp.net":true,"5359758797@s.whatsapp.net":true,"5363135515@s.whatsapp.net":true,"5355564530@s.whatsapp.net":true,"5355554650@s.whatsapp.net":true,"5353063803@s.whatsapp.net":true,"5359271100@s.whatsapp.net":true,"5359271100:56@s.whatsapp.net":true,"5354324856@s.whatsapp.net":true,"5363155537@s.whatsapp.net":true,"5355702064@s.whatsapp.net":true,"5355702064:19@s.whatsapp.net":true,"5363121803@s.whatsapp.net":true,"5352522158@s.whatsapp.net":true,"5352522158:75@s.whatsapp.net":true,"5358418903@s.whatsapp.net":true,"5355652197@s.whatsapp.net":true,"5359110337@s.whatsapp.net":true,"5350741125@s.whatsapp.net":true,"5358757822@s.whatsapp.net":true,"5352823884@s.whatsapp.net":true,"5358894506@s.whatsapp.net":true,"5356340962@s.whatsapp.net":true,"5356340962:2@s.whatsapp.net":true,"5355610933@s.whatsapp.net":true,"5354388969@s.whatsapp.net":true,"5356079192@s.whatsapp.net":true,"5353121516@s.whatsapp.net":true,"5352972865@s.whatsapp.net":true,"5356843252@s.whatsapp.net":true,"5354604494@s.whatsapp.net":true,"5355831592@s.whatsapp.net":true,"5359046344@s.whatsapp.net":true,"5356637448@s.whatsapp.net":true,"5355091572@s.whatsapp.net":true,"5355091572:7@s.whatsapp.net":true,"5356523039@s.whatsapp.net":true,"5351116151@s.whatsapp.net":true,"5356601267@s.whatsapp.net":true,"5359423870@s.whatsapp.net":true,"5358114345@s.whatsapp.net":true,"5355495093@s.whatsapp.net":true,"5351162844@s.whatsapp.net":true,"5354566898@s.whatsapp.net":true,"5352000787@s.whatsapp.net":true,"5352000787:2@s.whatsapp.net":true,"5352000787:3@s.whatsapp.net":true,"5355370670@s.whatsapp.net":true,"5354966026@s.whatsapp.net":true,"5363960522@s.whatsapp.net":true,"5353247496@s.whatsapp.net":true,"5353247496:15@s.whatsapp.net":true,"5356144433@s.whatsapp.net":true,"5350430105@s.whatsapp.net":true,"5355512010@s.whatsapp.net":true,"5350644897@s.whatsapp.net":true,"5356926532@s.whatsapp.net":true,"5356926532:47@s.whatsapp.net":true,"5354049650@s.whatsapp.net":true,"5354049650:3@s.whatsapp.net":true,"5356866879@s.whatsapp.net":true,"5358128976@s.whatsapp.net":true,"5355151540@s.whatsapp.net":true,"5354635724@s.whatsapp.net":true,"5354501377@s.whatsapp.net":true,"5354825911@s.whatsapp.net":true,"5354825911:45@s.whatsapp.net":true,"5358446823@s.whatsapp.net":true,"5350514817@s.whatsapp.net":true,"5353026504@s.whatsapp.net":true,"5353257626@s.whatsapp.net":true,"5358275696@s.whatsapp.net":true,"5363992905@s.whatsapp.net":true,"5363992905:10@s.whatsapp.net":true,"5363992905:11@s.whatsapp.net":true,"5363716430@s.whatsapp.net":true,"5358068777@s.whatsapp.net":true,"5354605685@s.whatsapp.net":true,"5355518099@s.whatsapp.net":true,"5359518489@s.whatsapp.net":true,"5363160407@s.whatsapp.net":true,"5363160407:5@s.whatsapp.net":true,"5363160407:6@s.whatsapp.net":true,"5363160407:7@s.whatsapp.net":true,"5927487151@s.whatsapp.net":true,"5358276041@s.whatsapp.net":true,"5356225023@s.whatsapp.net":true,"5354449930@s.whatsapp.net":true,"5355921237@s.whatsapp.net":true,"5354317003@s.whatsapp.net":true,"5354317003:79@s.whatsapp.net":true,"5354317003:80@s.whatsapp.net":true,"5354317003:81@s.whatsapp.net":true,"5354317003:82@s.whatsapp.net":true,"5359525872@s.whatsapp.net":true,"5354816369@s.whatsapp.net":true,"5350792493@s.whatsapp.net":true,"5356849248@s.whatsapp.net":true,"5354261051@s.whatsapp.net":true,"5352426751@s.whatsapp.net":true,"5352426751:5@s.whatsapp.net":true,"5352426751:6@s.whatsapp.net":true,"5355091555@s.whatsapp.net":true,"5358600540@s.whatsapp.net":true,"5358600540:2@s.whatsapp.net":true,"5358250321@s.whatsapp.net":true,"5358692631@s.whatsapp.net":true,"5351484759@s.whatsapp.net":true,"5354132503@s.whatsapp.net":true,"5353681596@s.whatsapp.net":true,"5354976802@s.whatsapp.net":true,"5355053887@s.whatsapp.net":true,"5356071739@s.whatsapp.net":true,"5359604923@s.whatsapp.net":true,"5352727460@s.whatsapp.net":true,"5355153042@s.whatsapp.net":true,"5359678804@s.whatsapp.net":true,"5354006253@s.whatsapp.net":true,"5352934360@s.whatsapp.net":true,"5353707904@s.whatsapp.net":true,"5353090353@s.whatsapp.net":true,"5356859621@s.whatsapp.net":true,"5359167731@s.whatsapp.net":true,"5354524366@s.whatsapp.net":true,"5354493505@s.whatsapp.net":true,"5356802055@s.whatsapp.net":true,"5355154314@s.whatsapp.net":true,"5356226410@s.whatsapp.net":true,"5353395880@s.whatsapp.net":true,"5355703984@s.whatsapp.net":true,"5352084122@s.whatsapp.net":true,"5354700939@s.whatsapp.net":true,"5353473536@s.whatsapp.net":true,"5355581270@s.whatsapp.net":true,"5355581270:8@s.whatsapp.net":true,"5359436816@s.whatsapp.net":true,"5353331245@s.whatsapp.net":true,"5354387146@s.whatsapp.net":true,"5353890669@s.whatsapp.net":true,"5353781566@s.whatsapp.net":true,"5354634539@s.whatsapp.net":true,"5351598090@s.whatsapp.net":true,"5356860308@s.whatsapp.net":true,"5356461398@s.whatsapp.net":true,"5358173241@s.whatsapp.net":true,"5351165676@s.whatsapp.net":true,"5350742489@s.whatsapp.net":true,"5350742489:3@s.whatsapp.net":true,"5351165780@s.whatsapp.net":true,"5351002657@s.whatsapp.net":true,"5351972637@s.whatsapp.net":true,"5351972637:7@s.whatsapp.net":true,"5351972637:8@s.whatsapp.net":true,"5359352907@s.whatsapp.net":true,"5351813307@s.whatsapp.net":true,"5356080453@s.whatsapp.net":true,"5354014554@s.whatsapp.net":true,"5354062872@s.whatsapp.net":true,"5354062872:27@s.whatsapp.net":true,"5356803465@s.whatsapp.net":true,"5359666583@s.whatsapp.net":true,"5353499108@s.whatsapp.net":true,"5356796773@s.whatsapp.net":true,"5355808396@s.whatsapp.net":true,"5358562613@s.whatsapp.net":true,"5358425059@s.whatsapp.net":true,"5355718430@s.whatsapp.net":true,"5355718430:5@s.whatsapp.net":true,"5353801905@s.whatsapp.net":true,"5353026241:22@s.whatsapp.net":true,"5354538805:11@s.whatsapp.net":true,"5350409577@s.whatsapp.net":true,"5358453056:39@s.whatsapp.net":true,"5355814970:3@s.whatsapp.net":true,"5355731721:13@s.whatsapp.net":true,"5356386122@s.whatsapp.net":true,"5359423466@s.whatsapp.net":true,"5355193431@s.whatsapp.net":true,"5352972865:42@s.whatsapp.net":true,"5355584453@s.whatsapp.net":true,"5354317003:84@s.whatsapp.net":true,"5354317003:87@s.whatsapp.net":true}