{"5352627399@s.whatsapp.net":true,"5352627399:27@s.whatsapp.net":true,"5356375916@s.whatsapp.net":true,"5355831883@s.whatsapp.net":true,"5356374523@s.whatsapp.net":true,"5351200134@s.whatsapp.net":true,"5356581392@s.whatsapp.net":true,"5351941023@s.whatsapp.net":true,"5355681971@s.whatsapp.net":true,"5358545136@s.whatsapp.net":true,"5358581704@s.whatsapp.net":true,"5363745894@s.whatsapp.net":true,"5363745894:8@s.whatsapp.net":true,"5359171728@s.whatsapp.net":true,"5355428320@s.whatsapp.net":true,"5359642948@s.whatsapp.net":true,"5355826239@s.whatsapp.net":true,"5363143556@s.whatsapp.net":true,"5356225980@s.whatsapp.net":true,"5356696850@s.whatsapp.net":true,"5354834309@s.whatsapp.net":true,"5356524462@s.whatsapp.net":true,"5355016459@s.whatsapp.net":true,"5358126315@s.whatsapp.net":true,"5352007537@s.whatsapp.net":true,"5358977759@s.whatsapp.net":true,"5359725062@s.whatsapp.net":true,"5355275263@s.whatsapp.net":true,"5355067678@s.whatsapp.net":true,"5359112375@s.whatsapp.net":true,"5355163629@s.whatsapp.net":true,"5363151803@s.whatsapp.net":true,"5363151803:15@s.whatsapp.net":true,"5363151803:17@s.whatsapp.net":true,"5363151803:19@s.whatsapp.net":true,"5363151803:20@s.whatsapp.net":true,"5352721532@s.whatsapp.net":true,"5355511736@s.whatsapp.net":true,"5351077610@s.whatsapp.net":true,"5355591409@s.whatsapp.net":true,"5355106924@s.whatsapp.net":true,"5358045280@s.whatsapp.net":true,"5359162008@s.whatsapp.net":true,"5353026241@s.whatsapp.net":true,"5351148391@s.whatsapp.net":true,"5356607194@s.whatsapp.net":true,"5356574827@s.whatsapp.net":true,"5356696150@s.whatsapp.net":true,"5356696150:6@s.whatsapp.net":true,"5356139878@s.whatsapp.net":true,"5356139878:33@s.whatsapp.net":true,"5356139878:36@s.whatsapp.net":true,"5353241561@s.whatsapp.net":true,"5353241561:33@s.whatsapp.net":true,"5359680636@s.whatsapp.net":true,"5363683527@s.whatsapp.net":true,"5359772271@s.whatsapp.net":true,"5354462695@s.whatsapp.net":true,"5351285478@s.whatsapp.net":true,"5355396520@s.whatsapp.net":true,"5352558651@s.whatsapp.net":true,"5351610536@s.whatsapp.net":true,"5355516897@s.whatsapp.net":true,"5353998537@s.whatsapp.net":true,"5353998537:32@s.whatsapp.net":true,"5353998537:33@s.whatsapp.net":true,"5353998537:34@s.whatsapp.net":true,"5353904650@s.whatsapp.net":true,"5354538805@s.whatsapp.net":true,"5354538805:9@s.whatsapp.net":true,"5354538805:10@s.whatsapp.net":true,"5355150628@s.whatsapp.net":true,"5352888425@s.whatsapp.net":true,"5358998740@s.whatsapp.net":true,"5358998740:6@s.whatsapp.net":true,"5353257218@s.whatsapp.net":true,"5353257218:8@s.whatsapp.net":true,"5356696418@s.whatsapp.net":true,"5351327224@s.whatsapp.net":true,"5355573218@s.whatsapp.net":true,"5356578037@s.whatsapp.net":true,"5356578037:25@s.whatsapp.net":true,"5356725544@s.whatsapp.net":true,"5356725544:14@s.whatsapp.net":true,"5358243837@s.whatsapp.net":true,"5355776896@s.whatsapp.net":true,"5354225241@s.whatsapp.net":true,"5358876506@s.whatsapp.net":true,"5353025658@s.whatsapp.net":true,"5356917697@s.whatsapp.net":true,"5363118884@s.whatsapp.net":true,"5355340510@s.whatsapp.net":true,"5358242206@s.whatsapp.net":true,"5363740775@s.whatsapp.net":true,"5359667696@s.whatsapp.net":true,"5358205546@s.whatsapp.net":true,"5358382647@s.whatsapp.net":true,"5351681472@s.whatsapp.net":true,"5351212072@s.whatsapp.net":true,"5356224997@s.whatsapp.net":true,"5354482406@s.whatsapp.net":true,"5354430703@s.whatsapp.net":true,"5350018487@s.whatsapp.net":true,"5352517912@s.whatsapp.net":true,"5356352853@s.whatsapp.net":true,"5354609463@s.whatsapp.net":true,"5363600429@s.whatsapp.net":true,"5356865713@s.whatsapp.net":true,"5353234925@s.whatsapp.net":true,"5350187838@s.whatsapp.net":true,"5354570787@s.whatsapp.net":true,"5350804466@s.whatsapp.net":true,"5359163955@s.whatsapp.net":true,"5359163955:46@s.whatsapp.net":true,"5359163955:47@s.whatsapp.net":true,"5363431533@s.whatsapp.net":true,"5359160952@s.whatsapp.net":true,"5359066371@s.whatsapp.net":true,"5355092037@s.whatsapp.net":true,"5353867039@s.whatsapp.net":true,"5354831353@s.whatsapp.net":true,"5358892179@s.whatsapp.net":true,"5351418029@s.whatsapp.net":true,"5350067965@s.whatsapp.net":true,"5358450818@s.whatsapp.net":true,"5352959980@s.whatsapp.net":true,"5358747867@s.whatsapp.net":true,"5352072795@s.whatsapp.net":true,"5351120894@s.whatsapp.net":true,"5359333063@s.whatsapp.net":true,"79658866732@s.whatsapp.net":true,"5352881159@s.whatsapp.net":true,"5353614822@s.whatsapp.net":true,"5350993422@s.whatsapp.net":true,"5350993422:5@s.whatsapp.net":true,"5358944405@s.whatsapp.net":true,"5356991750@s.whatsapp.net":true,"5356006630@s.whatsapp.net":true,"5351184221@s.whatsapp.net":true,"5354142613@s.whatsapp.net":true,"5358399386@s.whatsapp.net":true,"5355395961@s.whatsapp.net":true,"5356224126@s.whatsapp.net":true,"5352668387@s.whatsapp.net":true,"5354703347@s.whatsapp.net":true,"5352652212@s.whatsapp.net":true,"5354227868@s.whatsapp.net":true,"5354227868:2@s.whatsapp.net":true,"5359678284@s.whatsapp.net":true,"5352375219@s.whatsapp.net":true,"5353088916@s.whatsapp.net":true,"5356378393@s.whatsapp.net":true,"5356683600@s.whatsapp.net":true,"5352491192@s.whatsapp.net":true,"5350169598@s.whatsapp.net":true,"5351225205@s.whatsapp.net":true,"5359767581@s.whatsapp.net":true,"5355828902@s.whatsapp.net":true,"5355827207@s.whatsapp.net":true,"5355667135@s.whatsapp.net":true,"5356518359@s.whatsapp.net":true,"5358819153@s.whatsapp.net":true,"5353630786@s.whatsapp.net":true,"5355920084@s.whatsapp.net":true,"5351059345@s.whatsapp.net":true,"5350780204@s.whatsapp.net":true,"5355511625@s.whatsapp.net":true,"5351389532@s.whatsapp.net":true,"5354757396@s.whatsapp.net":true,"5354393638@s.whatsapp.net":true,"5350533964@s.whatsapp.net":true,"5359723170@s.whatsapp.net":true,"5352972285@s.whatsapp.net":true,"5352972285:2@s.whatsapp.net":true,"5355338149@s.whatsapp.net":true,"5355360739@s.whatsapp.net":true,"5355111814@s.whatsapp.net":true,"5354492191@s.whatsapp.net":true,"5359220282@s.whatsapp.net":true,"5352558234@s.whatsapp.net":true,"5351549968@s.whatsapp.net":true,"5353824363@s.whatsapp.net":true,"5350546817@s.whatsapp.net":true,"5354895623@s.whatsapp.net":true,"5358270205@s.whatsapp.net":true,"5356830238@s.whatsapp.net":true,"5363970772@s.whatsapp.net":true,"5358468143@s.whatsapp.net":true,"5358468143:4@s.whatsapp.net":true,"5351954819@s.whatsapp.net":true,"5350045176@s.whatsapp.net":true,"5359495537@s.whatsapp.net":true,"5353147121@s.whatsapp.net":true,"5353147121:11@s.whatsapp.net":true,"5353147121:13@s.whatsapp.net":true,"5353147121:14@s.whatsapp.net":true,"5355640479@s.whatsapp.net":true,"5363141308@s.whatsapp.net":true,"5363141308:19@s.whatsapp.net":true,"5359673855@s.whatsapp.net":true,"5356376961@s.whatsapp.net":true,"5359530308@s.whatsapp.net":true,"5356392259@s.whatsapp.net":true,"5356392259:16@s.whatsapp.net":true,"5356572975@s.whatsapp.net":true,"5355071513@s.whatsapp.net":true,"5359643097@s.whatsapp.net":true,"5363691715@s.whatsapp.net":true,"5353178782@s.whatsapp.net":true,"5353967337@s.whatsapp.net":true,"5359032748@s.whatsapp.net":true,"5359032748:81@s.whatsapp.net":true,"5350674554@s.whatsapp.net":true,"5359427407@s.whatsapp.net":true,"5359360186@s.whatsapp.net":true,"5354062628@s.whatsapp.net":true,"5359129293@s.whatsapp.net":true,"5356104395@s.whatsapp.net":true,"5356104395:3@s.whatsapp.net":true,"5353830938@s.whatsapp.net":true,"5354758613@s.whatsapp.net":true,"5354758613:6@s.whatsapp.net":true,"5354758613:7@s.whatsapp.net":true,"5354758613:8@s.whatsapp.net":true,"5358853330@s.whatsapp.net":true,"5363959412@s.whatsapp.net":true,"5355834375@s.whatsapp.net":true,"5355834375:43@s.whatsapp.net":true,"5355924419@s.whatsapp.net":true,"5356070986@s.whatsapp.net":true,"5363696300@s.whatsapp.net":true,"5356580956@s.whatsapp.net":true,"5355814970@s.whatsapp.net":true,"5356858179@s.whatsapp.net":true,"5353998048@s.whatsapp.net":true,"5358447206@s.whatsapp.net":true,"5358447206:20@s.whatsapp.net":true,"5359432684@s.whatsapp.net":true,"5350753657@s.whatsapp.net":true,"5354811510@s.whatsapp.net":true,"5356463503@s.whatsapp.net":true,"5355846097@s.whatsapp.net":true,"5355357485@s.whatsapp.net":true,"5354320122@s.whatsapp.net":true,"5351613880@s.whatsapp.net":true,"5359574184@s.whatsapp.net":true,"5353824042@s.whatsapp.net":true,"5356709224@s.whatsapp.net":true,"5354984289@s.whatsapp.net":true,"5356149280@s.whatsapp.net":true,"5359508882@s.whatsapp.net":true,"5359508882:1@s.whatsapp.net":true,"5353791971@s.whatsapp.net":true,"5350321125@s.whatsapp.net":true,"5363722867@s.whatsapp.net":true,"5354748661@s.whatsapp.net":true,"5356050605@s.whatsapp.net":true,"5354697762@s.whatsapp.net":true,"5354697762:3@s.whatsapp.net":true,"5352892528@s.whatsapp.net":true,"5352892528:54@s.whatsapp.net":true,"5355659491@s.whatsapp.net":true,"5355659491:13@s.whatsapp.net":true,"5355047903@s.whatsapp.net":true,"5351126862@s.whatsapp.net":true,"5355731721@s.whatsapp.net":true,"5355731721:7@s.whatsapp.net":true,"5355731721:8@s.whatsapp.net":true,"5355731721:12@s.whatsapp.net":true,"5356424437@s.whatsapp.net":true,"5359735518@s.whatsapp.net":true,"5363995234@s.whatsapp.net":true,"5363995234:1@s.whatsapp.net":true,"5354785253@s.whatsapp.net":true,"5355431078@s.whatsapp.net":true,"5353416882@s.whatsapp.net":true,"5353416882:4@s.whatsapp.net":true,"5358702083@s.whatsapp.net":true,"5356385066@s.whatsapp.net":true,"5351860637@s.whatsapp.net":true,"5351599352@s.whatsapp.net":true,"5358272271@s.whatsapp.net":true,"5358272271:8@s.whatsapp.net":true,"5355834922@s.whatsapp.net":true,"5355947224@s.whatsapp.net":true,"5358183718@s.whatsapp.net":true,"5354331007@s.whatsapp.net":true,"5359108087@s.whatsapp.net":true,"5353840677@s.whatsapp.net":true,"5355819013@s.whatsapp.net":true,"5355379307@s.whatsapp.net":true,"5358449718@s.whatsapp.net":true,"5358449718:5@s.whatsapp.net":true,"5355268477@s.whatsapp.net":true,"5355527982@s.whatsapp.net":true,"5353362498@s.whatsapp.net":true,"5353362498:10@s.whatsapp.net":true,"5352998763@s.whatsapp.net":true,"5353326087@s.whatsapp.net":true,"5353729877@s.whatsapp.net":true,"5350739888@s.whatsapp.net":true,"5350519436@s.whatsapp.net":true,"5355692118@s.whatsapp.net":true,"5358449431@s.whatsapp.net":true,"5355584233@s.whatsapp.net":true,"5355586400@s.whatsapp.net":true,"5353210205@s.whatsapp.net":true,"5352718427@s.whatsapp.net":true,"5358895968@s.whatsapp.net":true,"5356809021@s.whatsapp.net":true,"5353602010@s.whatsapp.net":true,"5353167934@s.whatsapp.net":true,"5363734050@s.whatsapp.net":true,"5363841066@s.whatsapp.net":true,"5352554439@s.whatsapp.net":true,"5354920637@s.whatsapp.net":true,"5354289069@s.whatsapp.net":true,"5359412951@s.whatsapp.net":true,"5351708056@s.whatsapp.net":true,"5358694089@s.whatsapp.net":true,"5355159499@s.whatsapp.net":true,"5358462272@s.whatsapp.net":true,"5356077943@s.whatsapp.net":true,"5356077943:7@s.whatsapp.net":true,"5359529673@s.whatsapp.net":true,"5359675420@s.whatsapp.net":true,"5351240049@s.whatsapp.net":true,"5355644444@s.whatsapp.net":true,"5358411312@s.whatsapp.net":true,"5356702561@s.whatsapp.net":true,"5353581357@s.whatsapp.net":true,"5359425637@s.whatsapp.net":true,"5356105028@s.whatsapp.net":true,"5358694608@s.whatsapp.net":true,"5353243272@s.whatsapp.net":true,"5358077163@s.whatsapp.net":true,"5353396902@s.whatsapp.net":true,"5355646402@s.whatsapp.net":true,"5351304885@s.whatsapp.net":true,"5356969891@s.whatsapp.net":true,"5356969891:4@s.whatsapp.net":true,"5356619710@s.whatsapp.net":true,"5352419244@s.whatsapp.net":true,"5356807681@s.whatsapp.net":true,"5356652033@s.whatsapp.net":true,"5353971111@s.whatsapp.net":true,"5356594059@s.whatsapp.net":true,"5358228495@s.whatsapp.net":true,"5351282111@s.whatsapp.net":true,"5355651566@s.whatsapp.net":true,"5355651566:34@s.whatsapp.net":true,"5355651566:35@s.whatsapp.net":true,"5355651566:37@s.whatsapp.net":true,"5355055604@s.whatsapp.net":true,"5355511565@s.whatsapp.net":true,"5355511565:10@s.whatsapp.net":true,"5355511565:11@s.whatsapp.net":true,"5356809138@s.whatsapp.net":true,"5355649026@s.whatsapp.net":true,"5355649026:38@s.whatsapp.net":true,"5363895693@s.whatsapp.net":true,"5359760978@s.whatsapp.net":true,"5356232147@s.whatsapp.net":true,"5351968604@s.whatsapp.net":true,"5351968604:44@s.whatsapp.net":true,"5356210969@s.whatsapp.net":true,"5352784995@s.whatsapp.net":true,"5356865491@s.whatsapp.net":true,"5351570074@s.whatsapp.net":true,"5359054533@s.whatsapp.net":true,"5353024112@s.whatsapp.net":true,"5354022839@s.whatsapp.net":true,"5355525034@s.whatsapp.net":true,"5355500209@s.whatsapp.net":true,"5353248235@s.whatsapp.net":true,"5358435502@s.whatsapp.net":true,"5354756728@s.whatsapp.net":true,"5354980612@s.whatsapp.net":true,"8618241557660@s.whatsapp.net":true,"5359572202@s.whatsapp.net":true,"5354417122@s.whatsapp.net":true,"5355078849@s.whatsapp.net":true,"5353927751@s.whatsapp.net":true,"5351318807@s.whatsapp.net":true,"5363725804@s.whatsapp.net":true,"5355373765@s.whatsapp.net":true,"5351435491@s.whatsapp.net":true,"5354235068@s.whatsapp.net":true,"5358140374@s.whatsapp.net":true,"5358710327@s.whatsapp.net":true,"5358710327:2@s.whatsapp.net":true,"5355523931@s.whatsapp.net":true,"5363727656@s.whatsapp.net":true,"5352662487@s.whatsapp.net":true,"5352662487:9@s.whatsapp.net":true,"5356795999@s.whatsapp.net":true,"5352057625@s.whatsapp.net":true,"5356578824@s.whatsapp.net":true,"5351915073@s.whatsapp.net":true,"5351915073:2@s.whatsapp.net":true,"5358284987@s.whatsapp.net":true,"5353855401@s.whatsapp.net":true,"5353855401:2@s.whatsapp.net":true,"5353605843@s.whatsapp.net":true,"5355542589@s.whatsapp.net":true,"5353956418@s.whatsapp.net":true,"5356611355@s.whatsapp.net":true,"5358692708@s.whatsapp.net":true,"5356138785@s.whatsapp.net":true,"5350586111@s.whatsapp.net":true,"5354972401@s.whatsapp.net":true,"5355672989@s.whatsapp.net":true,"5354014449@s.whatsapp.net":true,"5356771702@s.whatsapp.net":true,"5355586674@s.whatsapp.net":true,"5354750003@s.whatsapp.net":true,"5355914391@s.whatsapp.net":true,"5355914391:23@s.whatsapp.net":true,"5363995325@s.whatsapp.net":true,"5358130985@s.whatsapp.net":true,"5356600605@s.whatsapp.net":true,"5358125061@s.whatsapp.net":true,"5353852274@s.whatsapp.net":true,"5358891109@s.whatsapp.net":true,"5358052886@s.whatsapp.net":true,"5359185858@s.whatsapp.net":true,"5358570422@s.whatsapp.net":true,"5356239470@s.whatsapp.net":true,"5358134987@s.whatsapp.net":true,"5358134987:35@s.whatsapp.net":true,"5358134987:36@s.whatsapp.net":true,"5358134987:37@s.whatsapp.net":true,"5355836948@s.whatsapp.net":true,"5356586087@s.whatsapp.net":true,"5356586087:1@s.whatsapp.net":true,"5355804656@s.whatsapp.net":true,"5353127667@s.whatsapp.net":true,"5363122583@s.whatsapp.net":true,"5356225500@s.whatsapp.net":true,"5353445693@s.whatsapp.net":true,"5354815486@s.whatsapp.net":true,"5356075192@s.whatsapp.net":true,"5354663884@s.whatsapp.net":true,"5354663884:4@s.whatsapp.net":true,"5355599598@s.whatsapp.net":true,"5356382660@s.whatsapp.net":true,"5353144001@s.whatsapp.net":true,"5354745738@s.whatsapp.net":true,"5356735387@s.whatsapp.net":true,"5350752307@s.whatsapp.net":true,"5351946458@s.whatsapp.net":true,"5351466948@s.whatsapp.net":true,"5351007107@s.whatsapp.net":true,"5355165681@s.whatsapp.net":true,"5355165681:30@s.whatsapp.net":true,"5354744269@s.whatsapp.net":true,"5358878285@s.whatsapp.net":true,"5356370955@s.whatsapp.net":true,"5359748900@s.whatsapp.net":true,"5356851507@s.whatsapp.net":true,"5356851507:3@s.whatsapp.net":true,"5355142738@s.whatsapp.net":true,"5359161570@s.whatsapp.net":true,"5354817383@s.whatsapp.net":true,"5355657714@s.whatsapp.net":true,"5354705262@s.whatsapp.net":true,"5353585388@s.whatsapp.net":true,"5355718430@s.whatsapp.net":true,"5355718430:5@s.whatsapp.net":true,"5353026241:22@s.whatsapp.net":true,"5354538805:11@s.whatsapp.net":true,"5350409577@s.whatsapp.net":true,"5355814970:3@s.whatsapp.net":true,"5355731721:13@s.whatsapp.net":true,"5356386122@s.whatsapp.net":true,"5359423466@s.whatsapp.net":true}