[{"senderKeyId":1702363048,"senderChainKey":{"iteration":2,"seed":"s9NPmGkkFXLMRKWjxdWcywXWvIREgZR6AdTx9OruWls="},"senderSigningKey":{"public":"BWqkVVYMh7Vc1/FLxle0jW4gZoPegIr73Lu5PIDV23A/"}},{"senderKeyId":1837915376,"senderChainKey":{"iteration":3,"seed":"iCpIA/kr8H3srENTFlv5b8PQTwDopQuh3PCfZ7Lvbtc="},"senderSigningKey":{"public":"BVwifSVhpoIyFaxh5HTeLDuy++BN4hpTdOAGC/U1mRoW"}},{"senderKeyId":1821392817,"senderChainKey":{"iteration":1,"seed":"V6gBQIqRYZpBPaiseUQNxcQyETjBIVI95dkHVXHScxo="},"senderSigningKey":{"public":"BfTeafdjWiNnxqrMYVQ4mpHIleCsKDcolmYuMHmojGd1"}}]