{"5351966406@s.whatsapp.net":true,"5356172535@s.whatsapp.net":true,"5352627399@s.whatsapp.net":true,"5352627399:27@s.whatsapp.net":true,"5356375916@s.whatsapp.net":true,"5354019828@s.whatsapp.net":true,"5350501118@s.whatsapp.net":true,"5355831883@s.whatsapp.net":true,"5359763917@s.whatsapp.net":true,"5351973727@s.whatsapp.net":true,"5358532418@s.whatsapp.net":true,"5358532418:20@s.whatsapp.net":true,"5351200134@s.whatsapp.net":true,"5358545136@s.whatsapp.net":true,"5358581704@s.whatsapp.net":true,"5359171728@s.whatsapp.net":true,"5355428320@s.whatsapp.net":true,"5359642948@s.whatsapp.net":true,"5353127261@s.whatsapp.net":true,"5355826239@s.whatsapp.net":true,"5363143556@s.whatsapp.net":true,"5356696850@s.whatsapp.net":true,"5354834309@s.whatsapp.net":true,"5358126315@s.whatsapp.net":true,"5351007377@s.whatsapp.net":true,"5352007537@s.whatsapp.net":true,"5359725062@s.whatsapp.net":true,"5351447993@s.whatsapp.net":true,"5355816486@s.whatsapp.net":true,"5359105321@s.whatsapp.net":true,"5359105321:34@s.whatsapp.net":true,"5358172151@s.whatsapp.net":true,"5358172151:14@s.whatsapp.net":true,"5363979345@s.whatsapp.net":true,"5355275263@s.whatsapp.net":true,"5355133093@s.whatsapp.net":true,"5359112375@s.whatsapp.net":true,"5355163629@s.whatsapp.net":true,"5363151803@s.whatsapp.net":true,"5363151803:15@s.whatsapp.net":true,"5363151803:17@s.whatsapp.net":true,"5363151803:19@s.whatsapp.net":true,"5363151803:20@s.whatsapp.net":true,"5355837174@s.whatsapp.net":true,"5356377946@s.whatsapp.net":true,"5356132644@s.whatsapp.net":true,"5355511736@s.whatsapp.net":true,"5351077610@s.whatsapp.net":true,"5355106924@s.whatsapp.net":true,"5359001843@s.whatsapp.net":true,"5358045280@s.whatsapp.net":true,"5359706051@s.whatsapp.net":true,"5353111863@s.whatsapp.net":true,"5353111863:4@s.whatsapp.net":true,"5351148391@s.whatsapp.net":true,"5356607194@s.whatsapp.net":true,"5359772693@s.whatsapp.net":true,"5356861370@s.whatsapp.net":true,"5356574827@s.whatsapp.net":true,"5356052619@s.whatsapp.net":true,"5356139878@s.whatsapp.net":true,"5356139878:33@s.whatsapp.net":true,"5356139878:36@s.whatsapp.net":true,"5353241561@s.whatsapp.net":true,"5353241561:33@s.whatsapp.net":true,"5359680636@s.whatsapp.net":true,"5354745281@s.whatsapp.net":true,"5363683527@s.whatsapp.net":true,"5355519234@s.whatsapp.net":true,"5359772271@s.whatsapp.net":true,"5351285478@s.whatsapp.net":true,"5355396520@s.whatsapp.net":true,"5351610536@s.whatsapp.net":true,"5355516897@s.whatsapp.net":true,"5353998537@s.whatsapp.net":true,"5353998537:32@s.whatsapp.net":true,"5353998537:33@s.whatsapp.net":true,"5353998537:34@s.whatsapp.net":true,"5354538805@s.whatsapp.net":true,"5354538805:9@s.whatsapp.net":true,"5354538805:10@s.whatsapp.net":true,"5355048902@s.whatsapp.net":true,"5352888425@s.whatsapp.net":true,"5358998740@s.whatsapp.net":true,"5358998740:6@s.whatsapp.net":true,"5353257218@s.whatsapp.net":true,"5353257218:8@s.whatsapp.net":true,"5356696418@s.whatsapp.net":true,"5351327224@s.whatsapp.net":true,"5351649664@s.whatsapp.net":true,"5354360932@s.whatsapp.net":true,"5359426600@s.whatsapp.net":true,"5355573218@s.whatsapp.net":true,"5352182724@s.whatsapp.net":true,"5358582200@s.whatsapp.net":true,"5355146258@s.whatsapp.net":true,"5351571687@s.whatsapp.net":true,"5353427175@s.whatsapp.net":true,"5353427175:29@s.whatsapp.net":true,"5354744269@s.whatsapp.net":true,"5358243837@s.whatsapp.net":true,"5355776896@s.whatsapp.net":true,"5354395597@s.whatsapp.net":true,"5356578961@s.whatsapp.net":true,"5356578961:15@s.whatsapp.net":true,"5356578961:16@s.whatsapp.net":true,"5356957846@s.whatsapp.net":true,"5354225241@s.whatsapp.net":true,"5353025658@s.whatsapp.net":true,"5355326763@s.whatsapp.net":true,"5356917697@s.whatsapp.net":true,"5355340510@s.whatsapp.net":true,"5363740775@s.whatsapp.net":true,"5359667696@s.whatsapp.net":true,"5352961506@s.whatsapp.net":true,"5352961506:10@s.whatsapp.net":true,"5356498035@s.whatsapp.net":true,"5358205546@s.whatsapp.net":true,"5358382647@s.whatsapp.net":true,"5351681472@s.whatsapp.net":true,"5350484719@s.whatsapp.net":true,"5351212072@s.whatsapp.net":true,"5350752307@s.whatsapp.net":true,"5356224997@s.whatsapp.net":true,"5354482406@s.whatsapp.net":true,"5350018487@s.whatsapp.net":true,"5358228496@s.whatsapp.net":true,"5356352853@s.whatsapp.net":true,"5354609463@s.whatsapp.net":true,"5356975362@s.whatsapp.net":true,"5356975362:14@s.whatsapp.net":true,"5356975362:15@s.whatsapp.net":true,"5363600429@s.whatsapp.net":true,"5359744109@s.whatsapp.net":true,"5356865713@s.whatsapp.net":true,"5353234925@s.whatsapp.net":true,"5353647376@s.whatsapp.net":true,"5351000185@s.whatsapp.net":true,"5356845918@s.whatsapp.net":true,"5363431533@s.whatsapp.net":true,"5359066371@s.whatsapp.net":true,"5353867039@s.whatsapp.net":true,"5354831353@s.whatsapp.net":true,"5350986862@s.whatsapp.net":true,"5351418029@s.whatsapp.net":true,"5356802055@s.whatsapp.net":true,"5351154951@s.whatsapp.net":true,"5351154951:10@s.whatsapp.net":true,"5350067965@s.whatsapp.net":true,"5352072795@s.whatsapp.net":true,"5351120894@s.whatsapp.net":true,"5359333063@s.whatsapp.net":true,"79658866732@s.whatsapp.net":true,"5352881159@s.whatsapp.net":true,"5350993422@s.whatsapp.net":true,"5350993422:5@s.whatsapp.net":true,"5356043516@s.whatsapp.net":true,"5359098356@s.whatsapp.net":true,"5358944405@s.whatsapp.net":true,"5355522102@s.whatsapp.net":true,"5351074959@s.whatsapp.net":true,"5351184221@s.whatsapp.net":true,"5354142613@s.whatsapp.net":true,"5358399386@s.whatsapp.net":true,"5355395961@s.whatsapp.net":true,"5352379012@s.whatsapp.net":true,"5353133078@s.whatsapp.net":true,"5354703347@s.whatsapp.net":true,"5351550642@s.whatsapp.net":true,"5350698547@s.whatsapp.net":true,"5352828002@s.whatsapp.net":true,"5354227868@s.whatsapp.net":true,"5354227868:2@s.whatsapp.net":true,"5350705986@s.whatsapp.net":true,"5351336700@s.whatsapp.net":true,"5355599598@s.whatsapp.net":true,"5355681149@s.whatsapp.net":true,"5352375219@s.whatsapp.net":true,"5353088916@s.whatsapp.net":true,"5356378393@s.whatsapp.net":true,"5352491192@s.whatsapp.net":true,"5363961598@s.whatsapp.net":true,"5351225205@s.whatsapp.net":true,"5358133026@s.whatsapp.net":true,"5358133026:26@s.whatsapp.net":true,"5359767581@s.whatsapp.net":true,"5355526437@s.whatsapp.net":true,"5356885033@s.whatsapp.net":true,"5356885033:16@s.whatsapp.net":true,"5356518359@s.whatsapp.net":true,"5358240438@s.whatsapp.net":true,"5358819153@s.whatsapp.net":true,"5353630786@s.whatsapp.net":true,"5356578851@s.whatsapp.net":true,"5356578851:10@s.whatsapp.net":true,"5355920084@s.whatsapp.net":true,"5358702114@s.whatsapp.net":true,"5355511625@s.whatsapp.net":true,"5351389532@s.whatsapp.net":true,"5354757396@s.whatsapp.net":true,"5353705466@s.whatsapp.net":true,"5511943086904@s.whatsapp.net":true,"5359723170@s.whatsapp.net":true,"5352972285@s.whatsapp.net":true,"5352972285:2@s.whatsapp.net":true,"5355338149@s.whatsapp.net":true,"5350741655@s.whatsapp.net":true,"5358731944@s.whatsapp.net":true,"5355360739@s.whatsapp.net":true,"5355111814@s.whatsapp.net":true,"5356144522@s.whatsapp.net":true,"5352558234@s.whatsapp.net":true,"5353811487@s.whatsapp.net":true,"5351549968@s.whatsapp.net":true,"5356697586@s.whatsapp.net":true,"5353824363@s.whatsapp.net":true,"5351323195@s.whatsapp.net":true,"5358270205@s.whatsapp.net":true,"5355394861@s.whatsapp.net":true,"5356830238@s.whatsapp.net":true,"5363970772@s.whatsapp.net":true,"5358468143@s.whatsapp.net":true,"5358468143:4@s.whatsapp.net":true,"5351954819@s.whatsapp.net":true,"5351451246@s.whatsapp.net":true,"5350045176@s.whatsapp.net":true,"5359495537@s.whatsapp.net":true,"5352009802@s.whatsapp.net":true,"5352009802:5@s.whatsapp.net":true,"5353147121@s.whatsapp.net":true,"5353147121:11@s.whatsapp.net":true,"5353147121:13@s.whatsapp.net":true,"5353147121:14@s.whatsapp.net":true,"5352447093@s.whatsapp.net":true,"5355640479@s.whatsapp.net":true,"5363141308@s.whatsapp.net":true,"5363141308:19@s.whatsapp.net":true,"5359673855@s.whatsapp.net":true,"5354952565@s.whatsapp.net":true,"5356376961@s.whatsapp.net":true,"5359530308@s.whatsapp.net":true,"5356392259@s.whatsapp.net":true,"5356392259:16@s.whatsapp.net":true,"5358554973@s.whatsapp.net":true,"5351840310@s.whatsapp.net":true,"5356572975@s.whatsapp.net":true,"5355071513@s.whatsapp.net":true,"5355653656@s.whatsapp.net":true,"5359643097@s.whatsapp.net":true,"5363691715@s.whatsapp.net":true,"5353178782@s.whatsapp.net":true,"5353967337@s.whatsapp.net":true,"5351549418@s.whatsapp.net":true,"5359108513@s.whatsapp.net":true,"5355267615@s.whatsapp.net":true,"5358979121@s.whatsapp.net":true,"5350674554@s.whatsapp.net":true,"5359427407@s.whatsapp.net":true,"5359360186@s.whatsapp.net":true,"5354062628@s.whatsapp.net":true,"5358877534@s.whatsapp.net":true,"5359152988@s.whatsapp.net":true,"5356104395@s.whatsapp.net":true,"5356104395:3@s.whatsapp.net":true,"5351822213@s.whatsapp.net":true,"5354758613@s.whatsapp.net":true,"5354758613:6@s.whatsapp.net":true,"5354758613:7@s.whatsapp.net":true,"5354758613:8@s.whatsapp.net":true,"5352049994@s.whatsapp.net":true,"5363696300@s.whatsapp.net":true,"5350515870@s.whatsapp.net":true,"5356580956@s.whatsapp.net":true,"5356858179@s.whatsapp.net":true,"5353998048@s.whatsapp.net":true,"5359432684@s.whatsapp.net":true,"5354399809@s.whatsapp.net":true,"5354399809:29@s.whatsapp.net":true,"5359567082@s.whatsapp.net":true,"5350753657@s.whatsapp.net":true,"5354811510@s.whatsapp.net":true,"5356463503@s.whatsapp.net":true,"5355357485@s.whatsapp.net":true,"5355985388@s.whatsapp.net":true,"5353852658@s.whatsapp.net":true,"5353852658:5@s.whatsapp.net":true,"5354320122@s.whatsapp.net":true,"5353824042@s.whatsapp.net":true,"5351419845@s.whatsapp.net":true,"5355219192@s.whatsapp.net":true,"5356709224@s.whatsapp.net":true,"5353342649@s.whatsapp.net":true,"5356868285@s.whatsapp.net":true,"5353244570@s.whatsapp.net":true,"5355076545@s.whatsapp.net":true,"5355447306@s.whatsapp.net":true,"5354267191@s.whatsapp.net":true,"5353791971@s.whatsapp.net":true,"5350321125@s.whatsapp.net":true,"5354748661@s.whatsapp.net":true,"5355462489@s.whatsapp.net":true,"5356050605@s.whatsapp.net":true,"5352892528@s.whatsapp.net":true,"5352892528:54@s.whatsapp.net":true,"5355659491@s.whatsapp.net":true,"5355659491:13@s.whatsapp.net":true,"5355047903@s.whatsapp.net":true,"5351126862@s.whatsapp.net":true,"5355731721@s.whatsapp.net":true,"5355731721:7@s.whatsapp.net":true,"5355731721:8@s.whatsapp.net":true,"5355731721:12@s.whatsapp.net":true,"5354102626@s.whatsapp.net":true,"5356424437@s.whatsapp.net":true,"5359735518@s.whatsapp.net":true,"5351529803@s.whatsapp.net":true,"5363995234@s.whatsapp.net":true,"5363995234:1@s.whatsapp.net":true,"5354785253@s.whatsapp.net":true,"5356586028@s.whatsapp.net":true,"5355431078@s.whatsapp.net":true,"5353416882@s.whatsapp.net":true,"5353416882:4@s.whatsapp.net":true,"5358702083@s.whatsapp.net":true,"5356385066@s.whatsapp.net":true,"5351599352@s.whatsapp.net":true,"5354483079@s.whatsapp.net":true,"5351973330@s.whatsapp.net":true,"5358033301@s.whatsapp.net":true,"5355834922@s.whatsapp.net":true,"5355947224@s.whatsapp.net":true,"5358183718@s.whatsapp.net":true,"5354331007@s.whatsapp.net":true,"15128456504@s.whatsapp.net":true,"5353840677@s.whatsapp.net":true,"5351162844@s.whatsapp.net":true,"5355819013@s.whatsapp.net":true,"5355379307@s.whatsapp.net":true,"5358449718@s.whatsapp.net":true,"5358449718:5@s.whatsapp.net":true,"5359732621@s.whatsapp.net":true,"5359732621:8@s.whatsapp.net":true,"5352376875@s.whatsapp.net":true,"5355527982@s.whatsapp.net":true,"5353362498@s.whatsapp.net":true,"5353362498:10@s.whatsapp.net":true,"5353047475@s.whatsapp.net":true,"5359108057@s.whatsapp.net":true,"5353852274@s.whatsapp.net":true,"5356373156@s.whatsapp.net":true,"5353729877@s.whatsapp.net":true,"5350739888@s.whatsapp.net":true,"5355692118@s.whatsapp.net":true,"5355586400@s.whatsapp.net":true,"5351158621@s.whatsapp.net":true,"5353210205@s.whatsapp.net":true,"5352718427@s.whatsapp.net":true,"5358895968@s.whatsapp.net":true,"5353685681@s.whatsapp.net":true,"5358813472@s.whatsapp.net":true,"5356809021@s.whatsapp.net":true,"5356600605@s.whatsapp.net":true,"5353602010@s.whatsapp.net":true,"5353167934@s.whatsapp.net":true,"5363734050@s.whatsapp.net":true,"5363841066@s.whatsapp.net":true,"5358508341@s.whatsapp.net":true,"5359488121@s.whatsapp.net":true,"5354920637@s.whatsapp.net":true,"5358473875@s.whatsapp.net":true,"5358473875:23@s.whatsapp.net":true,"5359412951@s.whatsapp.net":true,"5351287130@s.whatsapp.net":true,"5351708056@s.whatsapp.net":true,"5358696431@s.whatsapp.net":true,"5358694089@s.whatsapp.net":true,"5358462272@s.whatsapp.net":true,"5359529673@s.whatsapp.net":true,"5351240049@s.whatsapp.net":true,"5355644444@s.whatsapp.net":true,"5354750003@s.whatsapp.net":true,"5358411312@s.whatsapp.net":true,"5358419891@s.whatsapp.net":true,"5358419891:24@s.whatsapp.net":true,"5353177102@s.whatsapp.net":true,"5353581357@s.whatsapp.net":true,"5359425637@s.whatsapp.net":true,"5356105028@s.whatsapp.net":true,"5359134103@s.whatsapp.net":true,"5353883407@s.whatsapp.net":true,"5359745373@s.whatsapp.net":true,"5359108155@s.whatsapp.net":true,"5359289995@s.whatsapp.net":true,"5355138624@s.whatsapp.net":true,"5356104381@s.whatsapp.net":true,"5358077163@s.whatsapp.net":true,"5351803707@s.whatsapp.net":true,"5353396902@s.whatsapp.net":true,"5355825824@s.whatsapp.net":true,"5355646402@s.whatsapp.net":true,"5351304885@s.whatsapp.net":true,"5356969891@s.whatsapp.net":true,"5356969891:4@s.whatsapp.net":true,"5359221297@s.whatsapp.net":true,"5355672989@s.whatsapp.net":true,"5352419244@s.whatsapp.net":true,"5356807681@s.whatsapp.net":true,"5356534873@s.whatsapp.net":true,"5352365898@s.whatsapp.net":true,"5353971111@s.whatsapp.net":true,"5352905990@s.whatsapp.net":true,"5356594059@s.whatsapp.net":true,"5355732996@s.whatsapp.net":true,"5358228495@s.whatsapp.net":true,"5351675204@s.whatsapp.net":true,"5355651566@s.whatsapp.net":true,"5355651566:34@s.whatsapp.net":true,"5355651566:35@s.whatsapp.net":true,"5355651566:37@s.whatsapp.net":true,"5355055604@s.whatsapp.net":true,"5356809138@s.whatsapp.net":true,"5356458962@s.whatsapp.net":true,"5363895693@s.whatsapp.net":true,"5355651289@s.whatsapp.net":true,"5353063803@s.whatsapp.net":true,"5356232147@s.whatsapp.net":true,"5356210969@s.whatsapp.net":true,"5356865491@s.whatsapp.net":true,"5351570074@s.whatsapp.net":true,"5356342868@s.whatsapp.net":true,"5359054533@s.whatsapp.net":true,"5351075961@s.whatsapp.net":true,"5353024112@s.whatsapp.net":true,"5354022839@s.whatsapp.net":true,"5355525034@s.whatsapp.net":true,"5355605015@s.whatsapp.net":true,"5355500209@s.whatsapp.net":true,"5358478834@s.whatsapp.net":true,"5355803177@s.whatsapp.net":true,"5354662608@s.whatsapp.net":true,"5355564530@s.whatsapp.net":true,"5358435502@s.whatsapp.net":true,"5354980612@s.whatsapp.net":true,"5353605843@s.whatsapp.net":true,"8618241557660@s.whatsapp.net":true,"5351174546@s.whatsapp.net":true,"5353927751@s.whatsapp.net":true,"5351318807@s.whatsapp.net":true,"5363725804@s.whatsapp.net":true,"5355373765@s.whatsapp.net":true,"5351435491@s.whatsapp.net":true,"5354235068@s.whatsapp.net":true,"5355155135@s.whatsapp.net":true,"5355288549@s.whatsapp.net":true,"5358710327@s.whatsapp.net":true,"5358710327:2@s.whatsapp.net":true,"5355523931@s.whatsapp.net":true,"5353635828@s.whatsapp.net":true,"5351470885@s.whatsapp.net":true,"5363727656@s.whatsapp.net":true,"5352428035@s.whatsapp.net":true,"5352662487@s.whatsapp.net":true,"5352662487:9@s.whatsapp.net":true,"5352057625@s.whatsapp.net":true,"5358146547@s.whatsapp.net":true,"5355097950@s.whatsapp.net":true,"5355822084@s.whatsapp.net":true,"5350071070@s.whatsapp.net":true,"5356955779@s.whatsapp.net":true,"5358463107@s.whatsapp.net":true,"5351468440@s.whatsapp.net":true,"5356387633@s.whatsapp.net":true,"5353064779@s.whatsapp.net":true,"5359310919@s.whatsapp.net":true,"5359034421@s.whatsapp.net":true,"5358884941@s.whatsapp.net":true,"5353684531@s.whatsapp.net":true,"5354561186@s.whatsapp.net":true,"5358437044@s.whatsapp.net":true,"5351251459@s.whatsapp.net":true,"5354797811@s.whatsapp.net":true,"5356532881@s.whatsapp.net":true,"5353894659@s.whatsapp.net":true,"5353012637@s.whatsapp.net":true,"5359387794@s.whatsapp.net":true,"5355709908@s.whatsapp.net":true,"5351141936@s.whatsapp.net":true,"5358640314@s.whatsapp.net":true,"5354829148@s.whatsapp.net":true,"5363755104@s.whatsapp.net":true,"18636576366@s.whatsapp.net":true,"5353913487@s.whatsapp.net":true,"5363986130@s.whatsapp.net":true,"5356081628@s.whatsapp.net":true,"5355051318@s.whatsapp.net":true,"5358757464@s.whatsapp.net":true,"5355060448@s.whatsapp.net":true,"5356740058@s.whatsapp.net":true,"5353175441@s.whatsapp.net":true,"5350804382@s.whatsapp.net":true,"5358812028@s.whatsapp.net":true,"5353876648@s.whatsapp.net":true,"5356145149@s.whatsapp.net":true,"5353466050@s.whatsapp.net":true,"5355358669@s.whatsapp.net":true,"5356006919@s.whatsapp.net":true,"5359154877@s.whatsapp.net":true,"5353448412@s.whatsapp.net":true,"5350543410@s.whatsapp.net":true,"5354387516@s.whatsapp.net":true,"5355109659@s.whatsapp.net":true,"5356180499@s.whatsapp.net":true,"5351273844@s.whatsapp.net":true,"5359687244@s.whatsapp.net":true,"5351596340@s.whatsapp.net":true,"5359040122@s.whatsapp.net":true,"5350740326@s.whatsapp.net":true,"5355148665@s.whatsapp.net":true,"5355718430@s.whatsapp.net":true,"5355718430:5@s.whatsapp.net":true,"5353801905@s.whatsapp.net":true,"5354538805:11@s.whatsapp.net":true,"5355731721:13@s.whatsapp.net":true,"5356386122@s.whatsapp.net":true,"5359423466@s.whatsapp.net":true,"5354310790@s.whatsapp.net":true,"5354310790:17@s.whatsapp.net":true}