{"5356578824@s.whatsapp.net":true,"5352662487@s.whatsapp.net":true,"5352662487:9@s.whatsapp.net":true,"5363727656@s.whatsapp.net":true,"5352507573@s.whatsapp.net":true,"5351470885@s.whatsapp.net":true,"5353635828@s.whatsapp.net":true,"5355523931@s.whatsapp.net":true,"5351915073@s.whatsapp.net":true,"5351915073:2@s.whatsapp.net":true,"5359217208@s.whatsapp.net":true,"5358005747@s.whatsapp.net":true,"5354235068@s.whatsapp.net":true,"5351435491@s.whatsapp.net":true,"5363725804@s.whatsapp.net":true,"5353927751@s.whatsapp.net":true,"5355078849@s.whatsapp.net":true,"5355813771@s.whatsapp.net":true,"8618241557660@s.whatsapp.net":true,"5353605843@s.whatsapp.net":true,"5354980612@s.whatsapp.net":true,"5355542589@s.whatsapp.net":true,"5353248235@s.whatsapp.net":true,"5355564530@s.whatsapp.net":true,"5355803177@s.whatsapp.net":true,"5358478834@s.whatsapp.net":true,"5355500209@s.whatsapp.net":true,"5355525034@s.whatsapp.net":true,"5353024112@s.whatsapp.net":true,"5359054533@s.whatsapp.net":true,"5351570074@s.whatsapp.net":true,"5356865491@s.whatsapp.net":true,"5352784995@s.whatsapp.net":true,"5356232147@s.whatsapp.net":true,"5353063803@s.whatsapp.net":true,"5354981749@s.whatsapp.net":true,"5355651289@s.whatsapp.net":true,"5350289869@s.whatsapp.net":true,"5363895693@s.whatsapp.net":true,"5355649026@s.whatsapp.net":true,"5355649026:38@s.whatsapp.net":true,"5356809138@s.whatsapp.net":true,"5355511565@s.whatsapp.net":true,"5355511565:10@s.whatsapp.net":true,"5355511565:11@s.whatsapp.net":true,"5354324856@s.whatsapp.net":true,"5358317228@s.whatsapp.net":true,"5355651566@s.whatsapp.net":true,"5355651566:34@s.whatsapp.net":true,"5355651566:35@s.whatsapp.net":true,"5355651566:37@s.whatsapp.net":true,"5351675204@s.whatsapp.net":true,"5356138785@s.whatsapp.net":true,"5358228495@s.whatsapp.net":true,"5356594059@s.whatsapp.net":true,"5350586111@s.whatsapp.net":true,"5355702064@s.whatsapp.net":true,"5355702064:19@s.whatsapp.net":true,"5353971111@s.whatsapp.net":true,"5353166494@s.whatsapp.net":true,"5352365898@s.whatsapp.net":true,"5356534873@s.whatsapp.net":true,"5354972401@s.whatsapp.net":true,"5352419244@s.whatsapp.net":true,"5352522158@s.whatsapp.net":true,"5352522158:75@s.whatsapp.net":true,"5355652197@s.whatsapp.net":true,"5356969891@s.whatsapp.net":true,"5356969891:4@s.whatsapp.net":true,"5351304885@s.whatsapp.net":true,"5355646402@s.whatsapp.net":true,"5359110337@s.whatsapp.net":true,"5355825824@s.whatsapp.net":true,"5351494187@s.whatsapp.net":true,"5351494187:12@s.whatsapp.net":true,"5356771702@s.whatsapp.net":true,"5353720216@s.whatsapp.net":true,"5350640954@s.whatsapp.net":true,"5358077163@s.whatsapp.net":true,"5356807506@s.whatsapp.net":true,"5356104381@s.whatsapp.net":true,"5358894506@s.whatsapp.net":true,"5354565937@s.whatsapp.net":true,"5358694608@s.whatsapp.net":true,"5356340962@s.whatsapp.net":true,"5356340962:2@s.whatsapp.net":true,"5352443597@s.whatsapp.net":true,"5359425637@s.whatsapp.net":true,"5358411312@s.whatsapp.net":true,"5355644444@s.whatsapp.net":true,"5351240049@s.whatsapp.net":true,"5359529673@s.whatsapp.net":true,"5353121516@s.whatsapp.net":true,"5356077943@s.whatsapp.net":true,"5356077943:7@s.whatsapp.net":true,"5358462272@s.whatsapp.net":true,"5355159499@s.whatsapp.net":true,"5358694089@s.whatsapp.net":true,"5351708056@s.whatsapp.net":true,"5359412951@s.whatsapp.net":true,"5356299774@s.whatsapp.net":true,"5354920637@s.whatsapp.net":true,"5355831592@s.whatsapp.net":true,"5363841066@s.whatsapp.net":true,"5353908526@s.whatsapp.net":true,"5353167934@s.whatsapp.net":true,"5353602010@s.whatsapp.net":true,"5358130985@s.whatsapp.net":true,"5356600605@s.whatsapp.net":true,"5356809021@s.whatsapp.net":true,"5358813472@s.whatsapp.net":true,"5358895968@s.whatsapp.net":true,"5352718427@s.whatsapp.net":true,"5356523039@s.whatsapp.net":true,"5353210205@s.whatsapp.net":true,"5350739888@s.whatsapp.net":true,"5353729877@s.whatsapp.net":true,"5356172914@s.whatsapp.net":true,"5358125061@s.whatsapp.net":true,"5356601267@s.whatsapp.net":true,"5353852274@s.whatsapp.net":true,"5353362498@s.whatsapp.net":true,"5353362498:10@s.whatsapp.net":true,"5355527982@s.whatsapp.net":true,"5359423870@s.whatsapp.net":true,"5358114345@s.whatsapp.net":true,"5352376875@s.whatsapp.net":true,"5355495093@s.whatsapp.net":true,"5352060056@s.whatsapp.net":true,"5356600752@s.whatsapp.net":true,"5355379307@s.whatsapp.net":true,"5355819013@s.whatsapp.net":true,"5355506354@s.whatsapp.net":true,"5354566898@s.whatsapp.net":true,"5358761891@s.whatsapp.net":true,"5351009075@s.whatsapp.net":true,"5359505379@s.whatsapp.net":true,"5354331007@s.whatsapp.net":true,"5358183718@s.whatsapp.net":true,"5355947224@s.whatsapp.net":true,"5355834922@s.whatsapp.net":true,"5356204645@s.whatsapp.net":true,"5351973330@s.whatsapp.net":true,"5354483079@s.whatsapp.net":true,"5356385066@s.whatsapp.net":true,"5358702083@s.whatsapp.net":true,"5353416882@s.whatsapp.net":true,"5353416882:4@s.whatsapp.net":true,"5355431078@s.whatsapp.net":true,"5356808989@s.whatsapp.net":true,"5354785253@s.whatsapp.net":true,"5363995234@s.whatsapp.net":true,"5363995234:1@s.whatsapp.net":true,"5359735518@s.whatsapp.net":true,"5356424437@s.whatsapp.net":true,"5355717224@s.whatsapp.net":true,"5355731721@s.whatsapp.net":true,"5355731721:7@s.whatsapp.net":true,"5355731721:8@s.whatsapp.net":true,"5355731721:12@s.whatsapp.net":true,"5358204993@s.whatsapp.net":true,"5355047903@s.whatsapp.net":true,"5355659491@s.whatsapp.net":true,"5355659491:13@s.whatsapp.net":true,"5356050605@s.whatsapp.net":true,"5354748661@s.whatsapp.net":true,"5354966026@s.whatsapp.net":true,"5350321125@s.whatsapp.net":true,"5356081701@s.whatsapp.net":true,"5355847587@s.whatsapp.net":true,"5353791971@s.whatsapp.net":true,"5363960522@s.whatsapp.net":true,"5354984289@s.whatsapp.net":true,"5353827065@s.whatsapp.net":true,"5356709224@s.whatsapp.net":true,"5358033410@s.whatsapp.net":true,"5353824042@s.whatsapp.net":true,"5351613880@s.whatsapp.net":true,"5354320122@s.whatsapp.net":true,"5352585561@s.whatsapp.net":true,"5359682445@s.whatsapp.net":true,"5356144433@s.whatsapp.net":true,"5355985388@s.whatsapp.net":true,"5355512010@s.whatsapp.net":true,"5356463503@s.whatsapp.net":true,"5354811510@s.whatsapp.net":true,"5350753657@s.whatsapp.net":true,"5353465928@s.whatsapp.net":true,"5359567082@s.whatsapp.net":true,"5359432684@s.whatsapp.net":true,"5353998048@s.whatsapp.net":true,"5350515870@s.whatsapp.net":true,"5363696300@s.whatsapp.net":true,"5356070986@s.whatsapp.net":true,"5352009949@s.whatsapp.net":true,"5356926532@s.whatsapp.net":true,"5356926532:47@s.whatsapp.net":true,"5358570422@s.whatsapp.net":true,"5363959412@s.whatsapp.net":true,"5354049650@s.whatsapp.net":true,"5354049650:3@s.whatsapp.net":true,"5356866879@s.whatsapp.net":true,"5358128976@s.whatsapp.net":true,"5355151540@s.whatsapp.net":true,"5353830938@s.whatsapp.net":true,"5356104395@s.whatsapp.net":true,"5356104395:3@s.whatsapp.net":true,"5356239470@s.whatsapp.net":true,"5355842089@s.whatsapp.net":true,"5358055779@s.whatsapp.net":true,"5354972464@s.whatsapp.net":true,"5356539268@s.whatsapp.net":true,"5358877534@s.whatsapp.net":true,"5354062628@s.whatsapp.net":true,"5354825911@s.whatsapp.net":true,"5354825911:45@s.whatsapp.net":true,"5359360186@s.whatsapp.net":true,"5359427407@s.whatsapp.net":true,"5350674554@s.whatsapp.net":true,"5358446823@s.whatsapp.net":true,"5353178782@s.whatsapp.net":true,"5363691715@s.whatsapp.net":true,"5359643097@s.whatsapp.net":true,"5356583339@s.whatsapp.net":true,"5355071513@s.whatsapp.net":true,"5356572975@s.whatsapp.net":true,"5351840310@s.whatsapp.net":true,"5358554973@s.whatsapp.net":true,"5356392259@s.whatsapp.net":true,"5356392259:16@s.whatsapp.net":true,"5355836948@s.whatsapp.net":true,"5356376961@s.whatsapp.net":true,"5354749325@s.whatsapp.net":true,"5359673855@s.whatsapp.net":true,"5363141308@s.whatsapp.net":true,"5363141308:19@s.whatsapp.net":true,"5363716430@s.whatsapp.net":true,"5355640479@s.whatsapp.net":true,"5353147121@s.whatsapp.net":true,"5353147121:11@s.whatsapp.net":true,"5353147121:13@s.whatsapp.net":true,"5353147121:14@s.whatsapp.net":true,"5359495537@s.whatsapp.net":true,"5350045176@s.whatsapp.net":true,"5358068777@s.whatsapp.net":true,"5351954819@s.whatsapp.net":true,"5363970772@s.whatsapp.net":true,"5356830238@s.whatsapp.net":true,"5354895623@s.whatsapp.net":true,"5353824363@s.whatsapp.net":true,"5351549968@s.whatsapp.net":true,"5353811487@s.whatsapp.net":true,"5354829148@s.whatsapp.net":true,"5355817217@s.whatsapp.net":true,"5358453056@s.whatsapp.net":true,"5354492191@s.whatsapp.net":true,"5355111814@s.whatsapp.net":true,"5355360739@s.whatsapp.net":true,"5355338149@s.whatsapp.net":true,"5356239068@s.whatsapp.net":true,"5353703241@s.whatsapp.net":true,"5354449930@s.whatsapp.net":true,"5359723170@s.whatsapp.net":true,"5511943086904@s.whatsapp.net":true,"5363122583@s.whatsapp.net":true,"5354393638@s.whatsapp.net":true,"5354757396@s.whatsapp.net":true,"5351389532@s.whatsapp.net":true,"5356225500@s.whatsapp.net":true,"5355511625@s.whatsapp.net":true,"5353445693@s.whatsapp.net":true,"5356578851@s.whatsapp.net":true,"5356578851:10@s.whatsapp.net":true,"5353630786@s.whatsapp.net":true,"5351207471@s.whatsapp.net":true,"5356366470@s.whatsapp.net":true,"5358240438@s.whatsapp.net":true,"5359525872@s.whatsapp.net":true,"5356518359@s.whatsapp.net":true,"5355667135@s.whatsapp.net":true,"5356885033@s.whatsapp.net":true,"5356885033:16@s.whatsapp.net":true,"5355827207@s.whatsapp.net":true,"5350792493@s.whatsapp.net":true,"5355828902@s.whatsapp.net":true,"5359767581@s.whatsapp.net":true,"5352410751@s.whatsapp.net":true,"5351225205@s.whatsapp.net":true,"5356382974@s.whatsapp.net":true,"5353734320@s.whatsapp.net":true,"5353088916@s.whatsapp.net":true,"5354261051@s.whatsapp.net":true,"5356572705@s.whatsapp.net":true,"5352426751@s.whatsapp.net":true,"5352426751:5@s.whatsapp.net":true,"5352426751:6@s.whatsapp.net":true,"5358250321@s.whatsapp.net":true,"5359678284@s.whatsapp.net":true,"5351484759@s.whatsapp.net":true,"5356382660@s.whatsapp.net":true,"5354227868@s.whatsapp.net":true,"5354227868:2@s.whatsapp.net":true,"5355194001@s.whatsapp.net":true,"5352828002@s.whatsapp.net":true,"5354132503@s.whatsapp.net":true,"5355597453@s.whatsapp.net":true,"5354703347@s.whatsapp.net":true,"5352379012@s.whatsapp.net":true,"5356224126@s.whatsapp.net":true,"5355053887@s.whatsapp.net":true,"5358399386@s.whatsapp.net":true,"5355522102@s.whatsapp.net":true,"5358944405@s.whatsapp.net":true,"5356071739@s.whatsapp.net":true,"5359604923@s.whatsapp.net":true,"5356043516@s.whatsapp.net":true,"5350993422@s.whatsapp.net":true,"5350993422:5@s.whatsapp.net":true,"5359678804@s.whatsapp.net":true,"5353614822@s.whatsapp.net":true,"5352881159@s.whatsapp.net":true,"79658866732@s.whatsapp.net":true,"5359333063@s.whatsapp.net":true,"5352072795@s.whatsapp.net":true,"5354006253@s.whatsapp.net":true,"5353090353@s.whatsapp.net":true,"5350067965@s.whatsapp.net":true,"5359435864@s.whatsapp.net":true,"5356802055@s.whatsapp.net":true,"5351418029@s.whatsapp.net":true,"5354261937@s.whatsapp.net":true,"5354831353@s.whatsapp.net":true,"5355092037@s.whatsapp.net":true,"5359066371@s.whatsapp.net":true,"5363431533@s.whatsapp.net":true,"5359887194@s.whatsapp.net":true,"5359163955@s.whatsapp.net":true,"5359163955:46@s.whatsapp.net":true,"5359163955:47@s.whatsapp.net":true,"5351000185@s.whatsapp.net":true,"5350804466@s.whatsapp.net":true,"5356865713@s.whatsapp.net":true,"5354008044@s.whatsapp.net":true,"5356352853@s.whatsapp.net":true,"5353395880@s.whatsapp.net":true,"5350018487@s.whatsapp.net":true,"5354745738@s.whatsapp.net":true,"5356735387@s.whatsapp.net":true,"5354482406@s.whatsapp.net":true,"5356224997@s.whatsapp.net":true,"5350752307@s.whatsapp.net":true,"5351212072@s.whatsapp.net":true,"5350484719@s.whatsapp.net":true,"5351946458@s.whatsapp.net":true,"5358382647@s.whatsapp.net":true,"5352084122@s.whatsapp.net":true,"5358205546@s.whatsapp.net":true,"5359667696@s.whatsapp.net":true,"5354700939@s.whatsapp.net":true,"5353473536@s.whatsapp.net":true,"5351466948@s.whatsapp.net":true,"5353830572@s.whatsapp.net":true,"5355581270@s.whatsapp.net":true,"5355581270:8@s.whatsapp.net":true,"5358242206@s.whatsapp.net":true,"5355921573@s.whatsapp.net":true,"5363118884@s.whatsapp.net":true,"5356917697@s.whatsapp.net":true,"5355326763@s.whatsapp.net":true,"5354225241@s.whatsapp.net":true,"5355165681@s.whatsapp.net":true,"5355165681:30@s.whatsapp.net":true,"5355776896@s.whatsapp.net":true,"5356725544@s.whatsapp.net":true,"5356725544:14@s.whatsapp.net":true,"5354744269@s.whatsapp.net":true,"5353427175@s.whatsapp.net":true,"5353427175:29@s.whatsapp.net":true,"5351571687@s.whatsapp.net":true,"5358582200@s.whatsapp.net":true,"5352182724@s.whatsapp.net":true,"5354133552@s.whatsapp.net":true,"5353781566@s.whatsapp.net":true,"5355573218@s.whatsapp.net":true,"5355098359@s.whatsapp.net":true,"5358878285@s.whatsapp.net":true,"5351327224@s.whatsapp.net":true,"5351598090@s.whatsapp.net":true,"5356696418@s.whatsapp.net":true,"5356860308@s.whatsapp.net":true,"5358998740@s.whatsapp.net":true,"5358998740:6@s.whatsapp.net":true,"5356370955@s.whatsapp.net":true,"5352888425@s.whatsapp.net":true,"5358173241@s.whatsapp.net":true,"5351033735@s.whatsapp.net":true,"5355143072@s.whatsapp.net":true,"5355143072:42@s.whatsapp.net":true,"5353998537@s.whatsapp.net":true,"5353998537:32@s.whatsapp.net":true,"5353998537:33@s.whatsapp.net":true,"5353998537:34@s.whatsapp.net":true,"5350742489@s.whatsapp.net":true,"5350742489:3@s.whatsapp.net":true,"5350536414@s.whatsapp.net":true,"5355396520@s.whatsapp.net":true,"5351285478@s.whatsapp.net":true,"5354462695@s.whatsapp.net":true,"5363683527@s.whatsapp.net":true,"5354190901@s.whatsapp.net":true,"5351002657@s.whatsapp.net":true,"5359680636@s.whatsapp.net":true,"5356851507@s.whatsapp.net":true,"5356851507:3@s.whatsapp.net":true,"5353241561@s.whatsapp.net":true,"5353241561:33@s.whatsapp.net":true,"5356607194@s.whatsapp.net":true,"5351148391@s.whatsapp.net":true,"5351972637@s.whatsapp.net":true,"5351972637:7@s.whatsapp.net":true,"5351972637:8@s.whatsapp.net":true,"5351813307@s.whatsapp.net":true,"5358045280@s.whatsapp.net":true,"5355106924@s.whatsapp.net":true,"5354062872@s.whatsapp.net":true,"5354062872:27@s.whatsapp.net":true,"5355511736@s.whatsapp.net":true,"5363151803@s.whatsapp.net":true,"5363151803:15@s.whatsapp.net":true,"5363151803:17@s.whatsapp.net":true,"5363151803:19@s.whatsapp.net":true,"5363151803:20@s.whatsapp.net":true,"5355163629@s.whatsapp.net":true,"5359112375@s.whatsapp.net":true,"5358482241@s.whatsapp.net":true,"5358894873@s.whatsapp.net":true,"5358894873:2@s.whatsapp.net":true,"5358894873:3@s.whatsapp.net":true,"5355067678@s.whatsapp.net":true,"5355133093@s.whatsapp.net":true,"5355142738@s.whatsapp.net":true,"5358237185@s.whatsapp.net":true,"5354292824@s.whatsapp.net":true,"5359725062@s.whatsapp.net":true,"5358977759@s.whatsapp.net":true,"5352007537@s.whatsapp.net":true,"5351007377@s.whatsapp.net":true,"5356796773@s.whatsapp.net":true,"5355808396@s.whatsapp.net":true,"5356524462@s.whatsapp.net":true,"5354834309@s.whatsapp.net":true,"5356696850@s.whatsapp.net":true,"5354817383@s.whatsapp.net":true,"5363143556@s.whatsapp.net":true,"5355657714@s.whatsapp.net":true,"5359642948@s.whatsapp.net":true,"5355428320@s.whatsapp.net":true,"5359164927@s.whatsapp.net":true,"5359171728@s.whatsapp.net":true,"5351596340@s.whatsapp.net":true,"5358545136@s.whatsapp.net":true,"5359567983@s.whatsapp.net":true,"5354322733@s.whatsapp.net":true,"5355163941@s.whatsapp.net":true,"5359542896@s.whatsapp.net":true,"5356581392@s.whatsapp.net":true,"5354705262@s.whatsapp.net":true,"5358425059@s.whatsapp.net":true,"5358532418@s.whatsapp.net":true,"5358532418:20@s.whatsapp.net":true,"5359763917@s.whatsapp.net":true,"5356374523@s.whatsapp.net":true,"5355831883@s.whatsapp.net":true,"5350501118@s.whatsapp.net":true,"5356375916@s.whatsapp.net":true,"5352627399@s.whatsapp.net":true,"5352627399:27@s.whatsapp.net":true,"5353585388@s.whatsapp.net":true,"5355154526@s.whatsapp.net":true,"5355718430@s.whatsapp.net":true,"5355718430:5@s.whatsapp.net":true,"5351318807@s.whatsapp.net":true,"5359423466@s.whatsapp.net":true,"5355731721:13@s.whatsapp.net":true,"5358453056:39@s.whatsapp.net":true,"5354310790@s.whatsapp.net":true,"5354310790:17@s.whatsapp.net":true,"5353801905@s.whatsapp.net":true,"5356386122@s.whatsapp.net":true}