{"5356172535@s.whatsapp.net":true,"5352627399@s.whatsapp.net":true,"5352627399:27@s.whatsapp.net":true,"5359093294@s.whatsapp.net":true,"5356375916@s.whatsapp.net":true,"5354019828@s.whatsapp.net":true,"5355831883@s.whatsapp.net":true,"5359763917@s.whatsapp.net":true,"5358532418@s.whatsapp.net":true,"5358532418:20@s.whatsapp.net":true,"5351200134@s.whatsapp.net":true,"5356581392@s.whatsapp.net":true,"5350265961@s.whatsapp.net":true,"5353325174@s.whatsapp.net":true,"5358545136@s.whatsapp.net":true,"5359171728@s.whatsapp.net":true,"5355428320@s.whatsapp.net":true,"5359642948@s.whatsapp.net":true,"5353127261@s.whatsapp.net":true,"5355826239@s.whatsapp.net":true,"5363143556@s.whatsapp.net":true,"5354637985@s.whatsapp.net":true,"5356696850@s.whatsapp.net":true,"5354834309@s.whatsapp.net":true,"5356524462@s.whatsapp.net":true,"5358126315@s.whatsapp.net":true,"5350023838@s.whatsapp.net":true,"5351007377@s.whatsapp.net":true,"5352007537@s.whatsapp.net":true,"5358977759@s.whatsapp.net":true,"5359725062@s.whatsapp.net":true,"5351447993@s.whatsapp.net":true,"5359105321@s.whatsapp.net":true,"5359105321:34@s.whatsapp.net":true,"5355275263@s.whatsapp.net":true,"5355133093@s.whatsapp.net":true,"5355067678@s.whatsapp.net":true,"5359112375@s.whatsapp.net":true,"5355163629@s.whatsapp.net":true,"5363151803@s.whatsapp.net":true,"5363151803:15@s.whatsapp.net":true,"5363151803:17@s.whatsapp.net":true,"5363151803:19@s.whatsapp.net":true,"5363151803:20@s.whatsapp.net":true,"5353176686@s.whatsapp.net":true,"5356377946@s.whatsapp.net":true,"5352721532@s.whatsapp.net":true,"5355511736@s.whatsapp.net":true,"5355106924@s.whatsapp.net":true,"5359001843@s.whatsapp.net":true,"5351882705@s.whatsapp.net":true,"5359706051@s.whatsapp.net":true,"5353111863@s.whatsapp.net":true,"5353111863:4@s.whatsapp.net":true,"5351148391@s.whatsapp.net":true,"5356607194@s.whatsapp.net":true,"5359772693@s.whatsapp.net":true,"5356861370@s.whatsapp.net":true,"5356574827@s.whatsapp.net":true,"5356052619@s.whatsapp.net":true,"5356139878@s.whatsapp.net":true,"5356139878:33@s.whatsapp.net":true,"5356139878:36@s.whatsapp.net":true,"5353241561@s.whatsapp.net":true,"5353241561:33@s.whatsapp.net":true,"5359680636@s.whatsapp.net":true,"5363683527@s.whatsapp.net":true,"5355519234@s.whatsapp.net":true,"5359772271@s.whatsapp.net":true,"5354462695@s.whatsapp.net":true,"5351285478@s.whatsapp.net":true,"5355396520@s.whatsapp.net":true,"5352558651@s.whatsapp.net":true,"5351610536@s.whatsapp.net":true,"5355516897@s.whatsapp.net":true,"5353998537@s.whatsapp.net":true,"5353998537:32@s.whatsapp.net":true,"5353998537:33@s.whatsapp.net":true,"5353998537:34@s.whatsapp.net":true,"5351033735@s.whatsapp.net":true,"5354538805@s.whatsapp.net":true,"5354538805:9@s.whatsapp.net":true,"5354538805:10@s.whatsapp.net":true,"5350824697@s.whatsapp.net":true,"5355048902@s.whatsapp.net":true,"5352888425@s.whatsapp.net":true,"5358998740@s.whatsapp.net":true,"5358998740:6@s.whatsapp.net":true,"5353257218@s.whatsapp.net":true,"5353257218:8@s.whatsapp.net":true,"5356696418@s.whatsapp.net":true,"5351327224@s.whatsapp.net":true,"5351649664@s.whatsapp.net":true,"5359426600@s.whatsapp.net":true,"5355573218@s.whatsapp.net":true,"5352182724@s.whatsapp.net":true,"5355146258@s.whatsapp.net":true,"5351571687@s.whatsapp.net":true,"5353427175@s.whatsapp.net":true,"5353427175:29@s.whatsapp.net":true,"5355823281@s.whatsapp.net":true,"5358243837@s.whatsapp.net":true,"5356053211@s.whatsapp.net":true,"5355776896@s.whatsapp.net":true,"5354395597@s.whatsapp.net":true,"5356957846@s.whatsapp.net":true,"5354225241@s.whatsapp.net":true,"5353025658@s.whatsapp.net":true,"5355572156@s.whatsapp.net":true,"5355326763@s.whatsapp.net":true,"5356917697@s.whatsapp.net":true,"5363118884@s.whatsapp.net":true,"5355340510@s.whatsapp.net":true,"5353830572@s.whatsapp.net":true,"5363740775@s.whatsapp.net":true,"5359667696@s.whatsapp.net":true,"5363713709@s.whatsapp.net":true,"5352961506@s.whatsapp.net":true,"5352961506:10@s.whatsapp.net":true,"5356498035@s.whatsapp.net":true,"5358205546@s.whatsapp.net":true,"5355004714@s.whatsapp.net":true,"5355004714:49@s.whatsapp.net":true,"5359091959@s.whatsapp.net":true,"5358382647@s.whatsapp.net":true,"5351681472@s.whatsapp.net":true,"5363746665@s.whatsapp.net":true,"5355574004@s.whatsapp.net":true,"5350484719@s.whatsapp.net":true,"5351212072@s.whatsapp.net":true,"5356224997@s.whatsapp.net":true,"5354482406@s.whatsapp.net":true,"5350018487@s.whatsapp.net":true,"5358228496@s.whatsapp.net":true,"5356352853@s.whatsapp.net":true,"5354069939@s.whatsapp.net":true,"5354609463@s.whatsapp.net":true,"5356975362@s.whatsapp.net":true,"5356975362:14@s.whatsapp.net":true,"5356975362:15@s.whatsapp.net":true,"5363600429@s.whatsapp.net":true,"5359744109@s.whatsapp.net":true,"5356865713@s.whatsapp.net":true,"5353234925@s.whatsapp.net":true,"5353647376@s.whatsapp.net":true,"5351000185@s.whatsapp.net":true,"5356845918@s.whatsapp.net":true,"5363431533@s.whatsapp.net":true,"5359160952@s.whatsapp.net":true,"5359066371@s.whatsapp.net":true,"5355092037@s.whatsapp.net":true,"5353867039@s.whatsapp.net":true,"5354831353@s.whatsapp.net":true,"5359682109@s.whatsapp.net":true,"5358892179@s.whatsapp.net":true,"5351418029@s.whatsapp.net":true,"5355820083@s.whatsapp.net":true,"5359435864@s.whatsapp.net":true,"5358895527@s.whatsapp.net":true,"5358895527:33@s.whatsapp.net":true,"5351154951@s.whatsapp.net":true,"5351154951:10@s.whatsapp.net":true,"5350067965@s.whatsapp.net":true,"5355735182@s.whatsapp.net":true,"5356352099@s.whatsapp.net":true,"5352072795@s.whatsapp.net":true,"5351120894@s.whatsapp.net":true,"5359333063@s.whatsapp.net":true,"79658866732@s.whatsapp.net":true,"5356389114@s.whatsapp.net":true,"5352881159@s.whatsapp.net":true,"5353614822@s.whatsapp.net":true,"5350993422@s.whatsapp.net":true,"5350993422:5@s.whatsapp.net":true,"5356043516@s.whatsapp.net":true,"5358944405@s.whatsapp.net":true,"5356991750@s.whatsapp.net":true,"5355509899@s.whatsapp.net":true,"5355522102@s.whatsapp.net":true,"5351074959@s.whatsapp.net":true,"5354142613@s.whatsapp.net":true,"5358399386@s.whatsapp.net":true,"5355668258@s.whatsapp.net":true,"5355395961@s.whatsapp.net":true,"5353133078@s.whatsapp.net":true,"5354703347@s.whatsapp.net":true,"5351550642@s.whatsapp.net":true,"5352652212@s.whatsapp.net":true,"5352828002@s.whatsapp.net":true,"5354227868@s.whatsapp.net":true,"5354227868:2@s.whatsapp.net":true,"5350705986@s.whatsapp.net":true,"5355510537@s.whatsapp.net":true,"5353088916@s.whatsapp.net":true,"5356378393@s.whatsapp.net":true,"5358680034@s.whatsapp.net":true,"5356683600@s.whatsapp.net":true,"5352491192@s.whatsapp.net":true,"5363961598@s.whatsapp.net":true,"5351225205@s.whatsapp.net":true,"5358133026@s.whatsapp.net":true,"5358133026:26@s.whatsapp.net":true,"5359767581@s.whatsapp.net":true,"5355828902@s.whatsapp.net":true,"5355526437@s.whatsapp.net":true,"5355827207@s.whatsapp.net":true,"5356518359@s.whatsapp.net":true,"5358240438@s.whatsapp.net":true,"5358819153@s.whatsapp.net":true,"5353630786@s.whatsapp.net":true,"5356578851@s.whatsapp.net":true,"5356578851:10@s.whatsapp.net":true,"5358478418@s.whatsapp.net":true,"5355920084@s.whatsapp.net":true,"5358702114@s.whatsapp.net":true,"5363961967@s.whatsapp.net":true,"5351059345@s.whatsapp.net":true,"5358134552@s.whatsapp.net":true,"5350780204@s.whatsapp.net":true,"5355511625@s.whatsapp.net":true,"5351389532@s.whatsapp.net":true,"5354757396@s.whatsapp.net":true,"5359674183@s.whatsapp.net":true,"5353705466@s.whatsapp.net":true,"5354393638@s.whatsapp.net":true,"5359723170@s.whatsapp.net":true,"5352972285@s.whatsapp.net":true,"5352972285:2@s.whatsapp.net":true,"5355338149@s.whatsapp.net":true,"5350741655@s.whatsapp.net":true,"5358731944@s.whatsapp.net":true,"5355360739@s.whatsapp.net":true,"5354931703@s.whatsapp.net":true,"5351948233@s.whatsapp.net":true,"5355111814@s.whatsapp.net":true,"5350169395@s.whatsapp.net":true,"5356144522@s.whatsapp.net":true,"5352558234@s.whatsapp.net":true,"5353811487@s.whatsapp.net":true,"5351549968@s.whatsapp.net":true,"5356697586@s.whatsapp.net":true,"5353824363@s.whatsapp.net":true,"5356286069@s.whatsapp.net":true,"5350546817@s.whatsapp.net":true,"5351323195@s.whatsapp.net":true,"5351486375@s.whatsapp.net":true,"5354895623@s.whatsapp.net":true,"5353973091@s.whatsapp.net":true,"5359240091@s.whatsapp.net":true,"5356830238@s.whatsapp.net":true,"5363970772@s.whatsapp.net":true,"5358468143@s.whatsapp.net":true,"5358468143:4@s.whatsapp.net":true,"5351954819@s.whatsapp.net":true,"5351451246@s.whatsapp.net":true,"5353004406@s.whatsapp.net":true,"5350045176@s.whatsapp.net":true,"5359495537@s.whatsapp.net":true,"5353147121@s.whatsapp.net":true,"5353147121:11@s.whatsapp.net":true,"5353147121:13@s.whatsapp.net":true,"5353147121:14@s.whatsapp.net":true,"5352447093@s.whatsapp.net":true,"5355640479@s.whatsapp.net":true,"5363141308@s.whatsapp.net":true,"5363141308:19@s.whatsapp.net":true,"5359673855@s.whatsapp.net":true,"5356376961@s.whatsapp.net":true,"5352360216@s.whatsapp.net":true,"5359530308@s.whatsapp.net":true,"5356392259@s.whatsapp.net":true,"5356392259:16@s.whatsapp.net":true,"5358554973@s.whatsapp.net":true,"5351840310@s.whatsapp.net":true,"5356572975@s.whatsapp.net":true,"5355071513@s.whatsapp.net":true,"5359643097@s.whatsapp.net":true,"5363691715@s.whatsapp.net":true,"5353178782@s.whatsapp.net":true,"5358935333@s.whatsapp.net":true,"5353967337@s.whatsapp.net":true,"5358475764@s.whatsapp.net":true,"5358475764:16@s.whatsapp.net":true,"5358475764:17@s.whatsapp.net":true,"5359032748@s.whatsapp.net":true,"5359032748:81@s.whatsapp.net":true,"5358979121@s.whatsapp.net":true,"5350674554@s.whatsapp.net":true,"5359427407@s.whatsapp.net":true,"5359360186@s.whatsapp.net":true,"5354062628@s.whatsapp.net":true,"5356104395@s.whatsapp.net":true,"5356104395:3@s.whatsapp.net":true,"5353830938@s.whatsapp.net":true,"5355071385@s.whatsapp.net":true,"5351822213@s.whatsapp.net":true,"5354758613@s.whatsapp.net":true,"5354758613:6@s.whatsapp.net":true,"5354758613:7@s.whatsapp.net":true,"5354758613:8@s.whatsapp.net":true,"5356369035@s.whatsapp.net":true,"5356369035:31@s.whatsapp.net":true,"5363959412@s.whatsapp.net":true,"5352049994@s.whatsapp.net":true,"5355834375@s.whatsapp.net":true,"5355834375:43@s.whatsapp.net":true,"5355924419@s.whatsapp.net":true,"5355100225@s.whatsapp.net":true,"5351215107@s.whatsapp.net":true,"5356070986@s.whatsapp.net":true,"5363696300@s.whatsapp.net":true,"5355072780@s.whatsapp.net":true,"5351281556@s.whatsapp.net":true,"5350515870@s.whatsapp.net":true,"5356580956@s.whatsapp.net":true,"5356858179@s.whatsapp.net":true,"5353998048@s.whatsapp.net":true,"5354399809@s.whatsapp.net":true,"5354399809:29@s.whatsapp.net":true,"5359567082@s.whatsapp.net":true,"5353465928@s.whatsapp.net":true,"5350753657@s.whatsapp.net":true,"5354811510@s.whatsapp.net":true,"5356463503@s.whatsapp.net":true,"5355846097@s.whatsapp.net":true,"5355357485@s.whatsapp.net":true,"5355985388@s.whatsapp.net":true,"5353852658@s.whatsapp.net":true,"5353852658:5@s.whatsapp.net":true,"5354320122@s.whatsapp.net":true,"5351613880@s.whatsapp.net":true,"5353824042@s.whatsapp.net":true,"5358033410@s.whatsapp.net":true,"5355219192@s.whatsapp.net":true,"5353907059@s.whatsapp.net":true,"5353907059:3@s.whatsapp.net":true,"5356709224@s.whatsapp.net":true,"5356149280@s.whatsapp.net":true,"5353342649@s.whatsapp.net":true,"5356868285@s.whatsapp.net":true,"5353244570@s.whatsapp.net":true,"5355447306@s.whatsapp.net":true,"5359508882@s.whatsapp.net":true,"5359508882:1@s.whatsapp.net":true,"5354267191@s.whatsapp.net":true,"5353791971@s.whatsapp.net":true,"5355847587@s.whatsapp.net":true,"5359181001@s.whatsapp.net":true,"5350321125@s.whatsapp.net":true,"5359421661@s.whatsapp.net":true,"5363722867@s.whatsapp.net":true,"5354748661@s.whatsapp.net":true,"5355462489@s.whatsapp.net":true,"5356050605@s.whatsapp.net":true,"5353813966@s.whatsapp.net":true,"5355659491@s.whatsapp.net":true,"5355659491:13@s.whatsapp.net":true,"5355047903@s.whatsapp.net":true,"5351126862@s.whatsapp.net":true,"5355731721@s.whatsapp.net":true,"5355731721:7@s.whatsapp.net":true,"5355731721:8@s.whatsapp.net":true,"5355731721:12@s.whatsapp.net":true,"5354102626@s.whatsapp.net":true,"5356424437@s.whatsapp.net":true,"5359735518@s.whatsapp.net":true,"5358051004@s.whatsapp.net":true,"5354785333@s.whatsapp.net":true,"5363995234@s.whatsapp.net":true,"5363995234:1@s.whatsapp.net":true,"5354785253@s.whatsapp.net":true,"5356586028@s.whatsapp.net":true,"5355431078@s.whatsapp.net":true,"5353416882@s.whatsapp.net":true,"5353416882:4@s.whatsapp.net":true,"5358702083@s.whatsapp.net":true,"5356385066@s.whatsapp.net":true,"5354483079@s.whatsapp.net":true,"5351973330@s.whatsapp.net":true,"5358033301@s.whatsapp.net":true,"5356410709@s.whatsapp.net":true,"5355834922@s.whatsapp.net":true,"5355947224@s.whatsapp.net":true,"5358183718@s.whatsapp.net":true,"5354331007@s.whatsapp.net":true,"5356342568@s.whatsapp.net":true,"5355506354@s.whatsapp.net":true,"15128456504@s.whatsapp.net":true,"5353840677@s.whatsapp.net":true,"5355819013@s.whatsapp.net":true,"5355379307@s.whatsapp.net":true,"5358449718@s.whatsapp.net":true,"5358449718:5@s.whatsapp.net":true,"5352060056@s.whatsapp.net":true,"5355268477@s.whatsapp.net":true,"5359732621@s.whatsapp.net":true,"5359732621:8@s.whatsapp.net":true,"5352376875@s.whatsapp.net":true,"5355378926@s.whatsapp.net":true,"5355527982@s.whatsapp.net":true,"5353362498@s.whatsapp.net":true,"5353362498:10@s.whatsapp.net":true,"5351482949@s.whatsapp.net":true,"5351482949:1@s.whatsapp.net":true,"5353047475@s.whatsapp.net":true,"5358740377@s.whatsapp.net":true,"5356825814@s.whatsapp.net":true,"5356373156@s.whatsapp.net":true,"5359160461@s.whatsapp.net":true,"5353729877@s.whatsapp.net":true,"5350739888@s.whatsapp.net":true,"5350519436@s.whatsapp.net":true,"5355692118@s.whatsapp.net":true,"5358449431@s.whatsapp.net":true,"5355584233@s.whatsapp.net":true,"5355586400@s.whatsapp.net":true,"5358463095@s.whatsapp.net":true,"5353210205@s.whatsapp.net":true,"5352718427@s.whatsapp.net":true,"5358895968@s.whatsapp.net":true,"5356809021@s.whatsapp.net":true,"5355074146@s.whatsapp.net":true,"5353602010@s.whatsapp.net":true,"5353167934@s.whatsapp.net":true,"5363734050@s.whatsapp.net":true,"5363841066@s.whatsapp.net":true,"5358508341@s.whatsapp.net":true,"5352554439@s.whatsapp.net":true,"5359488121@s.whatsapp.net":true,"5354920637@s.whatsapp.net":true,"5354289069@s.whatsapp.net":true,"5358473875@s.whatsapp.net":true,"5358473875:23@s.whatsapp.net":true,"5359412951@s.whatsapp.net":true,"5351287130@s.whatsapp.net":true,"5351708056@s.whatsapp.net":true,"5358696431@s.whatsapp.net":true,"5358694089@s.whatsapp.net":true,"5355159499@s.whatsapp.net":true,"5358462272@s.whatsapp.net":true,"5356077943@s.whatsapp.net":true,"5356077943:7@s.whatsapp.net":true,"5359529673@s.whatsapp.net":true,"5351240049@s.whatsapp.net":true,"5355644444@s.whatsapp.net":true,"5356385067@s.whatsapp.net":true,"5358411312@s.whatsapp.net":true,"5358419891@s.whatsapp.net":true,"5358419891:24@s.whatsapp.net":true,"5356702561@s.whatsapp.net":true,"5353581357@s.whatsapp.net":true,"5359425637@s.whatsapp.net":true,"5351478865@s.whatsapp.net":true,"5356105028@s.whatsapp.net":true,"5359134103@s.whatsapp.net":true,"5352459366@s.whatsapp.net":true,"5354565937@s.whatsapp.net":true,"5355138624@s.whatsapp.net":true,"5356343346@s.whatsapp.net":true,"5356343346:94@s.whatsapp.net":true,"5356343346:95@s.whatsapp.net":true,"5356104381@s.whatsapp.net":true,"5356807506@s.whatsapp.net":true,"5351643359@s.whatsapp.net":true,"5358077163@s.whatsapp.net":true,"5351803707@s.whatsapp.net":true,"5353396902@s.whatsapp.net":true,"5351494187@s.whatsapp.net":true,"5351494187:12@s.whatsapp.net":true,"5355646402@s.whatsapp.net":true,"5351304885@s.whatsapp.net":true,"5356969891@s.whatsapp.net":true,"5356969891:4@s.whatsapp.net":true,"5355204212@s.whatsapp.net":true,"5359221297@s.whatsapp.net":true,"5355839454@s.whatsapp.net":true,"5353903547@s.whatsapp.net":true,"5356807681@s.whatsapp.net":true,"5356534873@s.whatsapp.net":true,"5356652033@s.whatsapp.net":true,"5353971111@s.whatsapp.net":true,"5352513953@s.whatsapp.net":true,"5352905990@s.whatsapp.net":true,"5356594059@s.whatsapp.net":true,"5355732996@s.whatsapp.net":true,"5358228495@s.whatsapp.net":true,"5351282111@s.whatsapp.net":true,"5351675204@s.whatsapp.net":true,"5355651566@s.whatsapp.net":true,"5355651566:34@s.whatsapp.net":true,"5355651566:35@s.whatsapp.net":true,"5355651566:37@s.whatsapp.net":true,"5355055604@s.whatsapp.net":true,"5359160263@s.whatsapp.net":true,"5359152952@s.whatsapp.net":true,"5356809138@s.whatsapp.net":true,"5355649026@s.whatsapp.net":true,"5355649026:38@s.whatsapp.net":true,"5355985727@s.whatsapp.net":true,"5351054902@s.whatsapp.net":true,"5356458962@s.whatsapp.net":true,"5363895693@s.whatsapp.net":true,"5355651289@s.whatsapp.net":true,"5354981749@s.whatsapp.net":true,"5352414455@s.whatsapp.net":true,"5359760978@s.whatsapp.net":true,"5356767562@s.whatsapp.net":true,"5356232147@s.whatsapp.net":true,"5358312837@s.whatsapp.net":true,"5358312837:39@s.whatsapp.net":true,"5358312837:40@s.whatsapp.net":true,"5351968604@s.whatsapp.net":true,"5351968604:44@s.whatsapp.net":true,"5356210969@s.whatsapp.net":true,"5356865491@s.whatsapp.net":true,"5351570074@s.whatsapp.net":true,"5359054533@s.whatsapp.net":true,"5351075961@s.whatsapp.net":true,"5356591555@s.whatsapp.net":true,"5354022839@s.whatsapp.net":true,"5359762043@s.whatsapp.net":true,"5355500209@s.whatsapp.net":true,"5354669778@s.whatsapp.net":true,"5355803177@s.whatsapp.net":true,"5358435502@s.whatsapp.net":true,"5356461687@s.whatsapp.net":true,"5354980612@s.whatsapp.net":true,"8618241557660@s.whatsapp.net":true,"5359432612@s.whatsapp.net":true,"5354417122@s.whatsapp.net":true,"5353853843@s.whatsapp.net":true,"5353927751@s.whatsapp.net":true,"5363725804@s.whatsapp.net":true,"5355094238@s.whatsapp.net":true,"5355373765@s.whatsapp.net":true,"5351435491@s.whatsapp.net":true,"5354235068@s.whatsapp.net":true,"5355155135@s.whatsapp.net":true,"5350322316@s.whatsapp.net":true,"5355288549@s.whatsapp.net":true,"5358710327@s.whatsapp.net":true,"5358710327:2@s.whatsapp.net":true,"5355523931@s.whatsapp.net":true,"5353635828@s.whatsapp.net":true,"5351470885@s.whatsapp.net":true,"5363727656@s.whatsapp.net":true,"5351969566@s.whatsapp.net":true,"5352428035@s.whatsapp.net":true,"5352662487@s.whatsapp.net":true,"5352662487:9@s.whatsapp.net":true,"5352363891@s.whatsapp.net":true,"5352057625@s.whatsapp.net":true,"5356532916@s.whatsapp.net":true,"5351083416@s.whatsapp.net":true,"5354268250@s.whatsapp.net":true,"5359315101@s.whatsapp.net":true,"5358140374@s.whatsapp.net":true,"5353918193@s.whatsapp.net":true,"5359758114@s.whatsapp.net":true,"5353705582@s.whatsapp.net":true,"5354237664@s.whatsapp.net":true,"5359006644@s.whatsapp.net":true,"5359006644:7@s.whatsapp.net":true,"5355958946@s.whatsapp.net":true,"5355958946:18@s.whatsapp.net":true,"5355958946:19@s.whatsapp.net":true,"5355393192@s.whatsapp.net":true,"5355393192:6@s.whatsapp.net":true,"5351286051@s.whatsapp.net":true,"5354393908@s.whatsapp.net":true,"5354393908:5@s.whatsapp.net":true,"5350329769@s.whatsapp.net":true,"5350829181@s.whatsapp.net":true,"5350209683@s.whatsapp.net":true,"5355329683@s.whatsapp.net":true,"5358321484@s.whatsapp.net":true,"5354273787@s.whatsapp.net":true,"5359568635@s.whatsapp.net":true,"5356690271@s.whatsapp.net":true,"5355666801@s.whatsapp.net":true,"5350642028@s.whatsapp.net":true,"5354481059@s.whatsapp.net":true,"5358869219@s.whatsapp.net":true,"5363795012@s.whatsapp.net":true,"5359725638@s.whatsapp.net":true,"5358297555@s.whatsapp.net":true,"5356718034@s.whatsapp.net":true,"5356864050@s.whatsapp.net":true,"5353961694@s.whatsapp.net":true,"5351430130@s.whatsapp.net":true,"5356888769@s.whatsapp.net":true,"5359367024@s.whatsapp.net":true,"5359367024:3@s.whatsapp.net":true,"5363738856@s.whatsapp.net":true,"5354334585@s.whatsapp.net":true,"5353685681@s.whatsapp.net":true,"5356643776@s.whatsapp.net":true,"5351281975@s.whatsapp.net":true,"5354526264@s.whatsapp.net":true,"5351328520@s.whatsapp.net":true,"5359802941@s.whatsapp.net":true,"5353326087@s.whatsapp.net":true,"5351192778@s.whatsapp.net":true,"5359108057@s.whatsapp.net":true,"5359108087@s.whatsapp.net":true,"5358197292@s.whatsapp.net":true,"5359447536@s.whatsapp.net":true,"5359447536:32@s.whatsapp.net":true,"5355836513@s.whatsapp.net":true,"5351611378@s.whatsapp.net":true,"5355840569@s.whatsapp.net":true,"5352824003@s.whatsapp.net":true,"5352824003:2@s.whatsapp.net":true,"5352824003:3@s.whatsapp.net":true,"5352824003:4@s.whatsapp.net":true,"5356053253@s.whatsapp.net":true,"5356232301@s.whatsapp.net":true,"5351283808@s.whatsapp.net":true,"5353251126@s.whatsapp.net":true,"5350794958@s.whatsapp.net":true,"5355076545@s.whatsapp.net":true,"5354593031@s.whatsapp.net":true,"5354593031:55@s.whatsapp.net":true,"5354593031:57@s.whatsapp.net":true,"5356397166@s.whatsapp.net":true,"5353630553@s.whatsapp.net":true,"5353630553:1@s.whatsapp.net":true,"5353926647@s.whatsapp.net":true,"5353926647:18@s.whatsapp.net":true,"5353926647:19@s.whatsapp.net":true,"5351419845@s.whatsapp.net":true,"5358271466@s.whatsapp.net":true,"5355106353@s.whatsapp.net":true,"5356570751@s.whatsapp.net":true,"5354965336@s.whatsapp.net":true,"5358912089@s.whatsapp.net":true,"5350527006@s.whatsapp.net":true,"5356145787@s.whatsapp.net":true,"5351549418@s.whatsapp.net":true,"5359179171@s.whatsapp.net":true,"5355584453@s.whatsapp.net":true,"5350686867@s.whatsapp.net":true,"5354952565@s.whatsapp.net":true,"5354692644@s.whatsapp.net":true,"5352009802@s.whatsapp.net":true,"5352009802:5@s.whatsapp.net":true,"5355819421@s.whatsapp.net":true,"5355819421:12@s.whatsapp.net":true,"5355819421:14@s.whatsapp.net":true,"5358851760@s.whatsapp.net":true,"5359684674@s.whatsapp.net":true,"5351143127@s.whatsapp.net":true,"5351281355@s.whatsapp.net":true,"5354898269@s.whatsapp.net":true,"5359173756@s.whatsapp.net":true,"5351443422@s.whatsapp.net":true,"5350416702@s.whatsapp.net":true,"5359529451@s.whatsapp.net":true,"5359344774@s.whatsapp.net":true,"5363809477@s.whatsapp.net":true,"5356252730@s.whatsapp.net":true,"5355098772@s.whatsapp.net":true,"5352375219@s.whatsapp.net":true,"5355681149@s.whatsapp.net":true,"5352824543@s.whatsapp.net":true,"5359755173@s.whatsapp.net":true,"5350698547@s.whatsapp.net":true,"5358249170@s.whatsapp.net":true,"5351903385@s.whatsapp.net":true,"5355487368@s.whatsapp.net":true,"5351234051@s.whatsapp.net":true,"5356224819@s.whatsapp.net":true,"5356941193@s.whatsapp.net":true,"5352959980@s.whatsapp.net":true,"5359677469@s.whatsapp.net":true,"5353059163@s.whatsapp.net":true,"5353059163:39@s.whatsapp.net":true,"5350963333@s.whatsapp.net":true,"5350542430@s.whatsapp.net":true,"5355807606@s.whatsapp.net":true,"5350057653@s.whatsapp.net":true,"5354570787@s.whatsapp.net":true,"5350187838@s.whatsapp.net":true,"5355162593@s.whatsapp.net":true,"5353702354@s.whatsapp.net":true,"5358511906@s.whatsapp.net":true,"5363971051@s.whatsapp.net":true,"5358876506@s.whatsapp.net":true,"5359394894@s.whatsapp.net":true,"5356248789@s.whatsapp.net":true,"5356248789:2@s.whatsapp.net":true,"5351611201@s.whatsapp.net":true,"5354822812@s.whatsapp.net":true,"5354073809@s.whatsapp.net":true,"5350148583@s.whatsapp.net":true,"5359487758@s.whatsapp.net":true,"5353962907@s.whatsapp.net":true,"5355144267@s.whatsapp.net":true,"5358317783@s.whatsapp.net":true,"5351645596@s.whatsapp.net":true,"5355591409@s.whatsapp.net":true,"5355837174@s.whatsapp.net":true,"5353161890@s.whatsapp.net":true,"5358451775@s.whatsapp.net":true,"5356239036@s.whatsapp.net":true,"5356239036:3@s.whatsapp.net":true,"5356239036:4@s.whatsapp.net":true,"5355816486@s.whatsapp.net":true,"5352018955@s.whatsapp.net":true,"5352018955:48@s.whatsapp.net":true,"5352018955:49@s.whatsapp.net":true,"5351179190@s.whatsapp.net":true,"5356757489@s.whatsapp.net":true,"5352378718@s.whatsapp.net":true,"5356225980@s.whatsapp.net":true,"5350555270@s.whatsapp.net":true,"5352666216@s.whatsapp.net":true,"5352666216:3@s.whatsapp.net":true,"5352666216:4@s.whatsapp.net":true,"5350741540@s.whatsapp.net":true,"5363745894@s.whatsapp.net":true,"5363745894:8@s.whatsapp.net":true,"5355681971@s.whatsapp.net":true,"5355336851@s.whatsapp.net":true,"5356819446@s.whatsapp.net":true,"5351973727@s.whatsapp.net":true,"5355960673@s.whatsapp.net":true,"5355718430@s.whatsapp.net":true,"5355718430:5@s.whatsapp.net":true,"5351318807@s.whatsapp.net":true,"5355658313@s.whatsapp.net":true,"5358895130@s.whatsapp.net":true}