{"5356696131@s.whatsapp.net":true,"5355371218@s.whatsapp.net":true,"5356578824@s.whatsapp.net":true,"5356004110@s.whatsapp.net":true,"5352057625@s.whatsapp.net":true,"5356795999@s.whatsapp.net":true,"5352363891@s.whatsapp.net":true,"5352662487@s.whatsapp.net":true,"5352662487:9@s.whatsapp.net":true,"5352428035@s.whatsapp.net":true,"5351969566@s.whatsapp.net":true,"5363727656@s.whatsapp.net":true,"5351470885@s.whatsapp.net":true,"5351346572@s.whatsapp.net":true,"5353635828@s.whatsapp.net":true,"5355523931@s.whatsapp.net":true,"5358710327@s.whatsapp.net":true,"5358710327:2@s.whatsapp.net":true,"5352087059@s.whatsapp.net":true,"5356239516@s.whatsapp.net":true,"5355288549@s.whatsapp.net":true,"5355362865@s.whatsapp.net":true,"5350322316@s.whatsapp.net":true,"5355155135@s.whatsapp.net":true,"5354235068@s.whatsapp.net":true,"5353888350@s.whatsapp.net":true,"5351435491@s.whatsapp.net":true,"5355373765@s.whatsapp.net":true,"5355094238@s.whatsapp.net":true,"5363725804@s.whatsapp.net":true,"5353927751@s.whatsapp.net":true,"5355078849@s.whatsapp.net":true,"5353853843@s.whatsapp.net":true,"5354115234@s.whatsapp.net":true,"5354115234:24@s.whatsapp.net":true,"5354115234:25@s.whatsapp.net":true,"5354226421@s.whatsapp.net":true,"5358932964@s.whatsapp.net":true,"5356461809@s.whatsapp.net":true,"5356461809:10@s.whatsapp.net":true,"5351174546@s.whatsapp.net":true,"5354417122@s.whatsapp.net":true,"5363994025@s.whatsapp.net":true,"5353339814@s.whatsapp.net":true,"5353339814:80@s.whatsapp.net":true,"5358110362@s.whatsapp.net":true,"5359432612@s.whatsapp.net":true,"5359572202@s.whatsapp.net":true,"8618241557660@s.whatsapp.net":true,"5350008445@s.whatsapp.net":true,"5363726344@s.whatsapp.net":true,"5354980612@s.whatsapp.net":true,"5355822625@s.whatsapp.net":true,"5356461687@s.whatsapp.net":true,"5354756728@s.whatsapp.net":true,"5356188193@s.whatsapp.net":true,"5358965596@s.whatsapp.net":true,"5356065491@s.whatsapp.net":true,"5358470251@s.whatsapp.net":true,"5358435502@s.whatsapp.net":true,"5353248235@s.whatsapp.net":true,"5355664750@s.whatsapp.net":true,"5354662608@s.whatsapp.net":true,"5355803177@s.whatsapp.net":true,"5354669778@s.whatsapp.net":true,"5358478834@s.whatsapp.net":true,"5355500209@s.whatsapp.net":true,"5359762043@s.whatsapp.net":true,"5359221288@s.whatsapp.net":true,"5355605015@s.whatsapp.net":true,"5355525034@s.whatsapp.net":true,"5358411542@s.whatsapp.net":true,"5355403566@s.whatsapp.net":true,"5354022839@s.whatsapp.net":true,"5356591555@s.whatsapp.net":true,"5353707563@s.whatsapp.net":true,"5353024112@s.whatsapp.net":true,"5351075961@s.whatsapp.net":true,"5359054533@s.whatsapp.net":true,"5356342868@s.whatsapp.net":true,"5351570074@s.whatsapp.net":true,"5359359699@s.whatsapp.net":true,"5356865491@s.whatsapp.net":true,"5352784995@s.whatsapp.net":true,"5356210969@s.whatsapp.net":true,"5351968604@s.whatsapp.net":true,"5351968604:44@s.whatsapp.net":true,"5358312837@s.whatsapp.net":true,"5358312837:39@s.whatsapp.net":true,"5358312837:40@s.whatsapp.net":true,"5356232147@s.whatsapp.net":true,"5355391390@s.whatsapp.net":true,"5356767562@s.whatsapp.net":true,"5359760978@s.whatsapp.net":true,"5352414455@s.whatsapp.net":true,"5354394713@s.whatsapp.net":true,"5358710026@s.whatsapp.net":true,"5354981749@s.whatsapp.net":true,"5354755335@s.whatsapp.net":true,"5355651289@s.whatsapp.net":true,"5350289869@s.whatsapp.net":true,"5363895693@s.whatsapp.net":true,"5356458962@s.whatsapp.net":true,"5351054902@s.whatsapp.net":true,"5355985727@s.whatsapp.net":true,"5359114002@s.whatsapp.net":true,"5356809138@s.whatsapp.net":true,"5359152952@s.whatsapp.net":true,"5359553738@s.whatsapp.net":true,"5355511565@s.whatsapp.net":true,"5355511565:10@s.whatsapp.net":true,"5355511565:11@s.whatsapp.net":true,"5359160263@s.whatsapp.net":true,"5358317228@s.whatsapp.net":true,"5355055604@s.whatsapp.net":true,"5350127370@s.whatsapp.net":true,"5355651566@s.whatsapp.net":true,"5355651566:34@s.whatsapp.net":true,"5355651566:35@s.whatsapp.net":true,"5355651566:37@s.whatsapp.net":true,"5351675204@s.whatsapp.net":true,"5351282111@s.whatsapp.net":true,"5358228495@s.whatsapp.net":true,"5355732996@s.whatsapp.net":true,"5351587530@s.whatsapp.net":true,"5356594059@s.whatsapp.net":true,"5352905990@s.whatsapp.net":true,"5352513953@s.whatsapp.net":true,"5354299596@s.whatsapp.net":true,"5354299596:39@s.whatsapp.net":true,"5353971111@s.whatsapp.net":true,"5353166494@s.whatsapp.net":true,"5352365898@s.whatsapp.net":true,"5356652033@s.whatsapp.net":true,"5356534873@s.whatsapp.net":true,"5356807681@s.whatsapp.net":true,"5352419244@s.whatsapp.net":true,"5356423433@s.whatsapp.net":true,"5356423433:5@s.whatsapp.net":true,"5353903547@s.whatsapp.net":true,"5351232383@s.whatsapp.net":true,"5355839454@s.whatsapp.net":true,"5356619710@s.whatsapp.net":true,"5353056581@s.whatsapp.net":true,"5353238916@s.whatsapp.net":true,"5353238916:2@s.whatsapp.net":true,"5355840067@s.whatsapp.net":true,"5351825702@s.whatsapp.net":true,"5359221297@s.whatsapp.net":true,"5355204212@s.whatsapp.net":true,"5356969891@s.whatsapp.net":true,"5356969891:4@s.whatsapp.net":true,"5359217924@s.whatsapp.net":true,"5351304885@s.whatsapp.net":true,"5358114631@s.whatsapp.net":true,"5355646402@s.whatsapp.net":true,"5350292334@s.whatsapp.net":true,"5356066005@s.whatsapp.net":true,"5354523500@s.whatsapp.net":true,"5352965027@s.whatsapp.net":true,"5355825824@s.whatsapp.net":true,"5351494187@s.whatsapp.net":true,"5351494187:12@s.whatsapp.net":true,"5353396902@s.whatsapp.net":true,"5351803707@s.whatsapp.net":true,"5359284332@s.whatsapp.net":true,"5359284332:3@s.whatsapp.net":true,"5358438384@s.whatsapp.net":true,"5353720216@s.whatsapp.net":true,"5358077163@s.whatsapp.net":true,"5356820598@s.whatsapp.net":true,"5351643359@s.whatsapp.net":true,"5353243272@s.whatsapp.net":true,"5356343346@s.whatsapp.net":true,"5356343346:94@s.whatsapp.net":true,"5356343346:95@s.whatsapp.net":true,"5355138624@s.whatsapp.net":true,"5359289995@s.whatsapp.net":true,"5359108155@s.whatsapp.net":true,"5359745373@s.whatsapp.net":true,"5353883407@s.whatsapp.net":true,"5354565937@s.whatsapp.net":true,"5358694608@s.whatsapp.net":true,"5352459366@s.whatsapp.net":true,"5359134103@s.whatsapp.net":true,"5356105028@s.whatsapp.net":true,"5353791908@s.whatsapp.net":true,"5352443597@s.whatsapp.net":true,"5351478865@s.whatsapp.net":true,"5351599662@s.whatsapp.net":true,"5359425637@s.whatsapp.net":true,"5353581357@s.whatsapp.net":true,"5356702561@s.whatsapp.net":true,"5355840907@s.whatsapp.net":true,"5355840907:23@s.whatsapp.net":true,"5355840907:25@s.whatsapp.net":true,"5353177102@s.whatsapp.net":true,"5355059239@s.whatsapp.net":true,"5355059239:55@s.whatsapp.net":true,"5353877296@s.whatsapp.net":true,"5350693676@s.whatsapp.net":true,"5358419891@s.whatsapp.net":true,"5358419891:24@s.whatsapp.net":true,"5358941962@s.whatsapp.net":true,"5358411312@s.whatsapp.net":true,"5350751693@s.whatsapp.net":true,"5358245129@s.whatsapp.net":true,"5358245129:27@s.whatsapp.net":true,"5359758264@s.whatsapp.net":true,"5356385067@s.whatsapp.net":true,"5359222228@s.whatsapp.net":true,"5355644444@s.whatsapp.net":true,"5351240049@s.whatsapp.net":true,"5351796428@s.whatsapp.net":true,"5359675420@s.whatsapp.net":true,"5359529673@s.whatsapp.net":true,"5356077943@s.whatsapp.net":true,"5356077943:7@s.whatsapp.net":true,"5358462272@s.whatsapp.net":true,"5355159499@s.whatsapp.net":true,"5358694089@s.whatsapp.net":true,"5358696431@s.whatsapp.net":true,"5351708056@s.whatsapp.net":true,"5351287130@s.whatsapp.net":true,"5356002414@s.whatsapp.net":true,"5356002414:76@s.whatsapp.net":true,"5359412951@s.whatsapp.net":true,"5356232827@s.whatsapp.net":true,"5355365891@s.whatsapp.net":true,"5358473875@s.whatsapp.net":true,"5358473875:23@s.whatsapp.net":true,"5356387181@s.whatsapp.net":true,"5356387181:2@s.whatsapp.net":true,"5354289069@s.whatsapp.net":true,"5353730443@s.whatsapp.net":true,"5354920637@s.whatsapp.net":true,"5359488121@s.whatsapp.net":true,"5352554439@s.whatsapp.net":true,"5358508341@s.whatsapp.net":true,"5363841066@s.whatsapp.net":true,"5363734050@s.whatsapp.net":true,"5350739812@s.whatsapp.net":true,"5355162312@s.whatsapp.net":true,"5358826943@s.whatsapp.net":true,"5356384831@s.whatsapp.net":true,"5353167934@s.whatsapp.net":true,"5353602010@s.whatsapp.net":true,"5355303931@s.whatsapp.net":true,"5358473481@s.whatsapp.net":true,"5355074146@s.whatsapp.net":true,"5353500401@s.whatsapp.net":true,"5359182579@s.whatsapp.net":true,"5356809021@s.whatsapp.net":true,"5352820723@s.whatsapp.net":true,"5359745830@s.whatsapp.net":true,"5359745830:6@s.whatsapp.net":true,"5358895968@s.whatsapp.net":true,"5358077067@s.whatsapp.net":true,"5352718427@s.whatsapp.net":true,"5353210205@s.whatsapp.net":true,"5358868303@s.whatsapp.net":true,"5358463095@s.whatsapp.net":true,"5351158621@s.whatsapp.net":true,"5355586400@s.whatsapp.net":true,"5355584233@s.whatsapp.net":true,"5358939940@s.whatsapp.net":true,"5358449431@s.whatsapp.net":true,"5355692118@s.whatsapp.net":true,"5353056139@s.whatsapp.net":true,"5350012530@s.whatsapp.net":true,"5350519436@s.whatsapp.net":true,"5350739888@s.whatsapp.net":true,"5356238167@s.whatsapp.net":true,"5356238167:20@s.whatsapp.net":true,"5353729877@s.whatsapp.net":true,"5354964899@s.whatsapp.net":true,"5355039556@s.whatsapp.net":true,"5356172914@s.whatsapp.net":true,"5359160461@s.whatsapp.net":true,"5356373156@s.whatsapp.net":true,"5356357321@s.whatsapp.net":true,"5356535531@s.whatsapp.net":true,"5356825814@s.whatsapp.net":true,"5358740377@s.whatsapp.net":true,"5354703694@s.whatsapp.net":true,"5353047475@s.whatsapp.net":true,"5352998763@s.whatsapp.net":true,"5353441189@s.whatsapp.net":true,"5351482949@s.whatsapp.net":true,"5351482949:1@s.whatsapp.net":true,"5353362498@s.whatsapp.net":true,"5353362498:10@s.whatsapp.net":true,"5355527982@s.whatsapp.net":true,"5355378926@s.whatsapp.net":true,"5353257973@s.whatsapp.net":true,"5352376875@s.whatsapp.net":true,"5359732621@s.whatsapp.net":true,"5359732621:8@s.whatsapp.net":true,"50686077771@s.whatsapp.net":true,"5355268477@s.whatsapp.net":true,"5352060056@s.whatsapp.net":true,"5356461803@s.whatsapp.net":true,"5354137139@s.whatsapp.net":true,"5356600752@s.whatsapp.net":true,"5358449718@s.whatsapp.net":true,"5358449718:5@s.whatsapp.net":true,"5351471284@s.whatsapp.net":true,"5355379307@s.whatsapp.net":true,"5355819013@s.whatsapp.net":true,"5353840677@s.whatsapp.net":true,"15128456504@s.whatsapp.net":true,"5355506354@s.whatsapp.net":true,"5356342568@s.whatsapp.net":true,"5359807697@s.whatsapp.net":true,"5351484018@s.whatsapp.net":true,"5354525216@s.whatsapp.net":true,"5359527977@s.whatsapp.net":true,"5354331007@s.whatsapp.net":true,"5358183718@s.whatsapp.net":true,"5355947224@s.whatsapp.net":true,"5355834922@s.whatsapp.net":true,"5358272271@s.whatsapp.net":true,"5358272271:8@s.whatsapp.net":true,"5359038971@s.whatsapp.net":true,"5356410709@s.whatsapp.net":true,"5356649832@s.whatsapp.net":true,"5356649832:25@s.whatsapp.net":true,"5354046434@s.whatsapp.net":true,"5358033301@s.whatsapp.net":true,"5351973330@s.whatsapp.net":true,"5354483079@s.whatsapp.net":true,"5351860637@s.whatsapp.net":true,"5354691863@s.whatsapp.net":true,"5356385066@s.whatsapp.net":true,"5352657989@s.whatsapp.net":true,"5363719942@s.whatsapp.net":true,"5358702083@s.whatsapp.net":true,"5353416882@s.whatsapp.net":true,"5353416882:4@s.whatsapp.net":true,"5355431078@s.whatsapp.net":true,"5356586028@s.whatsapp.net":true,"5358969275@s.whatsapp.net":true,"5356530886@s.whatsapp.net":true,"5355666957@s.whatsapp.net":true,"5354785253@s.whatsapp.net":true,"5363995234@s.whatsapp.net":true,"5363995234:1@s.whatsapp.net":true,"5350669810@s.whatsapp.net":true,"5355386209@s.whatsapp.net":true,"5354785333@s.whatsapp.net":true,"5356709891@s.whatsapp.net":true,"5351529803@s.whatsapp.net":true,"5358051004@s.whatsapp.net":true,"5359735518@s.whatsapp.net":true,"5356424437@s.whatsapp.net":true,"5354102626@s.whatsapp.net":true,"5355717224@s.whatsapp.net":true,"5352390621@s.whatsapp.net":true,"5355731721@s.whatsapp.net":true,"5355731721:7@s.whatsapp.net":true,"5355731721:8@s.whatsapp.net":true,"5355731721:12@s.whatsapp.net":true,"5351126862@s.whatsapp.net":true,"5355047903@s.whatsapp.net":true,"5355659491@s.whatsapp.net":true,"5355659491:13@s.whatsapp.net":true,"5352892528@s.whatsapp.net":true,"5352892528:54@s.whatsapp.net":true,"5355756521@s.whatsapp.net":true,"5354697762@s.whatsapp.net":true,"5354697762:3@s.whatsapp.net":true,"5353813966@s.whatsapp.net":true,"5359387158@s.whatsapp.net":true,"5356050605@s.whatsapp.net":true,"5353601184@s.whatsapp.net":true,"5355462489@s.whatsapp.net":true,"5354748661@s.whatsapp.net":true,"5351167190@s.whatsapp.net":true,"5358162924@s.whatsapp.net":true,"5363722867@s.whatsapp.net":true,"5359421661@s.whatsapp.net":true,"5355707919@s.whatsapp.net":true,"5350321125@s.whatsapp.net":true,"5353324272@s.whatsapp.net":true,"5359181001@s.whatsapp.net":true,"5358592302@s.whatsapp.net":true,"5354396512@s.whatsapp.net":true,"5355847587@s.whatsapp.net":true,"5353791971@s.whatsapp.net":true,"5354022517@s.whatsapp.net":true,"5354267191@s.whatsapp.net":true,"5354631797@s.whatsapp.net":true,"5359508882@s.whatsapp.net":true,"5359508882:1@s.whatsapp.net":true,"5355447306@s.whatsapp.net":true,"5353244570@s.whatsapp.net":true,"5356868285@s.whatsapp.net":true,"5353342649@s.whatsapp.net":true,"5359219576@s.whatsapp.net":true,"5356149280@s.whatsapp.net":true,"5354984289@s.whatsapp.net":true,"5358139782@s.whatsapp.net":true,"5351361665@s.whatsapp.net":true,"5356709224@s.whatsapp.net":true,"5353907059@s.whatsapp.net":true,"5353907059:3@s.whatsapp.net":true,"5351977644@s.whatsapp.net":true,"5355219192@s.whatsapp.net":true,"5353829783@s.whatsapp.net":true,"5356733787@s.whatsapp.net":true,"5358033410@s.whatsapp.net":true,"5353824042@s.whatsapp.net":true,"5355921527@s.whatsapp.net":true,"5359574184@s.whatsapp.net":true,"5355737945@s.whatsapp.net":true,"5358966446@s.whatsapp.net":true,"5358434767@s.whatsapp.net":true,"5353017868@s.whatsapp.net":true,"5359030437@s.whatsapp.net":true,"5352083970@s.whatsapp.net":true,"5355639471@s.whatsapp.net":true,"5354320122@s.whatsapp.net":true,"5353852658@s.whatsapp.net":true,"5353852658:5@s.whatsapp.net":true,"5355439467@s.whatsapp.net":true,"5359682445@s.whatsapp.net":true,"5355357485@s.whatsapp.net":true,"5355846097@s.whatsapp.net":true,"5358778063@s.whatsapp.net":true,"5356463503@s.whatsapp.net":true,"5353124686@s.whatsapp.net":true,"5353124686:7@s.whatsapp.net":true,"5354811510@s.whatsapp.net":true,"5350589550@s.whatsapp.net":true,"5350589550:21@s.whatsapp.net":true,"5351240026@s.whatsapp.net":true,"5350753657@s.whatsapp.net":true,"5353062833@s.whatsapp.net":true,"5353858646@s.whatsapp.net":true,"5353465928@s.whatsapp.net":true,"5359567082@s.whatsapp.net":true,"5354399809@s.whatsapp.net":true,"5354399809:29@s.whatsapp.net":true,"5358447206@s.whatsapp.net":true,"5358447206:20@s.whatsapp.net":true,"5353998048@s.whatsapp.net":true,"5353406999@s.whatsapp.net":true,"5356858179@s.whatsapp.net":true,"5359756784@s.whatsapp.net":true,"5355814970@s.whatsapp.net":true,"5356580956@s.whatsapp.net":true,"5350515870@s.whatsapp.net":true,"5351281556@s.whatsapp.net":true,"5355072780@s.whatsapp.net":true,"5363696300@s.whatsapp.net":true,"5351215107@s.whatsapp.net":true,"5355100225@s.whatsapp.net":true,"5353965395@s.whatsapp.net":true,"5352009949@s.whatsapp.net":true,"5356521535@s.whatsapp.net":true,"5354841162@s.whatsapp.net":true,"5356844139@s.whatsapp.net":true,"5355924419@s.whatsapp.net":true,"5355834375@s.whatsapp.net":true,"5355834375:43@s.whatsapp.net":true,"5356704873@s.whatsapp.net":true,"5352365374@s.whatsapp.net":true,"5355402864@s.whatsapp.net":true,"5352049994@s.whatsapp.net":true,"5363959412@s.whatsapp.net":true,"5358853330@s.whatsapp.net":true,"5356369035@s.whatsapp.net":true,"5356369035:31@s.whatsapp.net":true,"5354758613@s.whatsapp.net":true,"5354758613:6@s.whatsapp.net":true,"5354758613:7@s.whatsapp.net":true,"5354758613:8@s.whatsapp.net":true,"5356379150@s.whatsapp.net":true,"5356973089@s.whatsapp.net":true,"5351822213@s.whatsapp.net":true,"5355071385@s.whatsapp.net":true,"5353830938@s.whatsapp.net":true,"5356104395@s.whatsapp.net":true,"5356104395:3@s.whatsapp.net":true,"5355315088@s.whatsapp.net":true,"5355705147@s.whatsapp.net":true,"5359129293@s.whatsapp.net":true,"5359672467@s.whatsapp.net":true,"5351097480@s.whatsapp.net":true,"5358877534@s.whatsapp.net":true,"5354062628@s.whatsapp.net":true,"5353718603@s.whatsapp.net":true,"5359360186@s.whatsapp.net":true,"5359427407@s.whatsapp.net":true,"5356561396@s.whatsapp.net":true,"5350674554@s.whatsapp.net":true,"5358979121@s.whatsapp.net":true,"5356837812@s.whatsapp.net":true,"5356837812:30@s.whatsapp.net":true,"5355467789@s.whatsapp.net":true,"5359032748@s.whatsapp.net":true,"5359032748:81@s.whatsapp.net":true,"5355267615@s.whatsapp.net":true,"5358475764@s.whatsapp.net":true,"5358475764:16@s.whatsapp.net":true,"5358475764:17@s.whatsapp.net":true,"5359108513@s.whatsapp.net":true,"5353967337@s.whatsapp.net":true,"5358935333@s.whatsapp.net":true,"5353178782@s.whatsapp.net":true,"5363691715@s.whatsapp.net":true,"5356995137@s.whatsapp.net":true,"5359643097@s.whatsapp.net":true,"5355653656@s.whatsapp.net":true,"5356583339@s.whatsapp.net":true,"5352483236@s.whatsapp.net":true,"5352483236:45@s.whatsapp.net":true,"5355071513@s.whatsapp.net":true,"5358453388@s.whatsapp.net":true,"5358453388:5@s.whatsapp.net":true,"5356572975@s.whatsapp.net":true,"5351840310@s.whatsapp.net":true,"5356225543@s.whatsapp.net":true,"5358554973@s.whatsapp.net":true,"5356392259@s.whatsapp.net":true,"5356392259:16@s.whatsapp.net":true,"5359530308@s.whatsapp.net":true,"5358391399@s.whatsapp.net":true,"5358264086@s.whatsapp.net":true,"5352360216@s.whatsapp.net":true,"5358022146@s.whatsapp.net":true,"5356376961@s.whatsapp.net":true,"5359673855@s.whatsapp.net":true,"5363141308@s.whatsapp.net":true,"5363141308:19@s.whatsapp.net":true,"5352529615@s.whatsapp.net":true,"5352529615:1@s.whatsapp.net":true,"5352529615:2@s.whatsapp.net":true,"5355640479@s.whatsapp.net":true,"5352447093@s.whatsapp.net":true,"5353147121@s.whatsapp.net":true,"5353147121:11@s.whatsapp.net":true,"5353147121:13@s.whatsapp.net":true,"5353147121:14@s.whatsapp.net":true,"5355443794@s.whatsapp.net":true,"5355644980@s.whatsapp.net":true,"5358511794@s.whatsapp.net":true,"5359495537@s.whatsapp.net":true,"5350045176@s.whatsapp.net":true,"5363181002@s.whatsapp.net":true,"5353004406@s.whatsapp.net":true,"5359186495@s.whatsapp.net":true,"5351451246@s.whatsapp.net":true,"5351954819@s.whatsapp.net":true,"5358468143@s.whatsapp.net":true,"5358468143:4@s.whatsapp.net":true,"5363970772@s.whatsapp.net":true,"5356830238@s.whatsapp.net":true,"5354698152@s.whatsapp.net":true,"5355394861@s.whatsapp.net":true,"5351523264@s.whatsapp.net":true,"5359240091@s.whatsapp.net":true,"5358270205@s.whatsapp.net":true,"5356717715@s.whatsapp.net":true,"5356717715:3@s.whatsapp.net":true,"5353973091@s.whatsapp.net":true,"5354895623@s.whatsapp.net":true,"5351486375@s.whatsapp.net":true,"5351323195@s.whatsapp.net":true,"5350546817@s.whatsapp.net":true,"5358174934@s.whatsapp.net":true,"5356286069@s.whatsapp.net":true,"5353824363@s.whatsapp.net":true,"5356697586@s.whatsapp.net":true,"5351549968@s.whatsapp.net":true,"5353811487@s.whatsapp.net":true,"5352558234@s.whatsapp.net":true,"5352572969@s.whatsapp.net":true,"5356144522@s.whatsapp.net":true,"5359220282@s.whatsapp.net":true,"5350169395@s.whatsapp.net":true,"5355817217@s.whatsapp.net":true,"5358453056@s.whatsapp.net":true,"5354492191@s.whatsapp.net":true,"5356949864@s.whatsapp.net":true,"5355111814@s.whatsapp.net":true,"5351948233@s.whatsapp.net":true,"5359182196@s.whatsapp.net":true,"5354931703@s.whatsapp.net":true,"5355360739@s.whatsapp.net":true,"5358731944@s.whatsapp.net":true,"5350741655@s.whatsapp.net":true,"5359353003@s.whatsapp.net":true,"5355338149@s.whatsapp.net":true,"5356346900@s.whatsapp.net":true,"5356346900:32@s.whatsapp.net":true,"5353329202@s.whatsapp.net":true,"5353329202:3@s.whatsapp.net":true,"5354740801@s.whatsapp.net":true,"5354740801:15@s.whatsapp.net":true,"5350064302@s.whatsapp.net":true,"5354031172@s.whatsapp.net":true,"5353476611@s.whatsapp.net":true,"5356541482@s.whatsapp.net":true,"5352972285@s.whatsapp.net":true,"5352972285:2@s.whatsapp.net":true,"5353344144@s.whatsapp.net":true,"5359723170@s.whatsapp.net":true,"5355361898@s.whatsapp.net":true,"5350533964@s.whatsapp.net":true,"5355354389@s.whatsapp.net":true,"5354787416@s.whatsapp.net":true,"5356083388@s.whatsapp.net":true,"5511943086904@s.whatsapp.net":true,"5363607840@s.whatsapp.net":true,"5352437160@s.whatsapp.net":true,"5358877836@s.whatsapp.net":true,"5353705466@s.whatsapp.net":true,"5353834631@s.whatsapp.net":true,"5359674183@s.whatsapp.net":true,"5354757396@s.whatsapp.net":true,"5351389532@s.whatsapp.net":true,"5355511625@s.whatsapp.net":true,"5350780204@s.whatsapp.net":true,"5350068562@s.whatsapp.net":true,"5354333753@s.whatsapp.net":true,"5358134552@s.whatsapp.net":true,"5356123514@s.whatsapp.net":true,"5351059345@s.whatsapp.net":true,"5363961967@s.whatsapp.net":true,"5358702114@s.whatsapp.net":true,"5355920084@s.whatsapp.net":true,"5358756178@s.whatsapp.net":true,"5358756178:20@s.whatsapp.net":true,"5358478418@s.whatsapp.net":true,"5356578851@s.whatsapp.net":true,"5356578851:10@s.whatsapp.net":true,"5359160802@s.whatsapp.net":true,"5353630786@s.whatsapp.net":true,"5356981780@s.whatsapp.net":true,"5351564898@s.whatsapp.net":true,"5358819153@s.whatsapp.net":true,"5355529884@s.whatsapp.net":true,"5356366470@s.whatsapp.net":true,"5358240438@s.whatsapp.net":true,"5356518359@s.whatsapp.net":true,"5355832273@s.whatsapp.net":true,"5355667135@s.whatsapp.net":true,"5356885033@s.whatsapp.net":true,"5356885033:16@s.whatsapp.net":true,"5356251348@s.whatsapp.net":true,"5355526437@s.whatsapp.net":true,"5352932645@s.whatsapp.net":true,"5355828902@s.whatsapp.net":true,"5359767581@s.whatsapp.net":true,"5358133026@s.whatsapp.net":true,"5358133026:26@s.whatsapp.net":true,"5350636729@s.whatsapp.net":true,"5351225205@s.whatsapp.net":true,"5350169598@s.whatsapp.net":true,"5363961598@s.whatsapp.net":true,"5358273401@s.whatsapp.net":true,"5356225538@s.whatsapp.net":true,"5352491192@s.whatsapp.net":true,"5356683600@s.whatsapp.net":true,"5358680034@s.whatsapp.net":true,"5356378393@s.whatsapp.net":true,"5353088916@s.whatsapp.net":true,"5353056586@s.whatsapp.net":true,"5355510537@s.whatsapp.net":true,"5356953647@s.whatsapp.net":true,"5359516816@s.whatsapp.net":true,"5355435004@s.whatsapp.net":true,"5350543134@s.whatsapp.net":true,"5351202504@s.whatsapp.net":true,"5351336700@s.whatsapp.net":true,"5359678284@s.whatsapp.net":true,"5350705986@s.whatsapp.net":true,"5354227868@s.whatsapp.net":true,"5354227868:2@s.whatsapp.net":true,"5359807865@s.whatsapp.net":true,"5359807865:20@s.whatsapp.net":true,"5355194001@s.whatsapp.net":true,"5358909343@s.whatsapp.net":true,"5358909343:21@s.whatsapp.net":true,"5352828002@s.whatsapp.net":true,"5356784108@s.whatsapp.net":true,"5356784108:25@s.whatsapp.net":true,"5356784108:28@s.whatsapp.net":true,"5352652212@s.whatsapp.net":true,"5351550642@s.whatsapp.net":true,"5356927523@s.whatsapp.net":true,"5356927523:6@s.whatsapp.net":true,"5351198516@s.whatsapp.net":true,"5359401062@s.whatsapp.net":true,"5356223948@s.whatsapp.net":true,"5356223948:1@s.whatsapp.net":true,"5354703347@s.whatsapp.net":true,"5353133078@s.whatsapp.net":true,"5352711206@s.whatsapp.net":true,"5355126928@s.whatsapp.net":true,"5352379012@s.whatsapp.net":true,"5352668387@s.whatsapp.net":true,"5356224126@s.whatsapp.net":true,"5358528984@s.whatsapp.net":true,"5355395961@s.whatsapp.net":true,"5355668258@s.whatsapp.net":true,"5358399386@s.whatsapp.net":true,"5354142613@s.whatsapp.net":true,"5351184221@s.whatsapp.net":true,"5351074959@s.whatsapp.net":true,"5355522102@s.whatsapp.net":true,"5355509899@s.whatsapp.net":true,"5356006630@s.whatsapp.net":true,"5354744045@s.whatsapp.net":true,"5352361099@s.whatsapp.net":true,"5356991750@s.whatsapp.net":true,"5358944405@s.whatsapp.net":true,"5356043516@s.whatsapp.net":true,"5359768282@s.whatsapp.net":true,"5350993422@s.whatsapp.net":true,"5350993422:5@s.whatsapp.net":true,"5358003725@s.whatsapp.net":true,"5358003725:6@s.whatsapp.net":true,"5353614822@s.whatsapp.net":true,"5352881159@s.whatsapp.net":true,"5356389114@s.whatsapp.net":true,"79658866732@s.whatsapp.net":true,"5359333063@s.whatsapp.net":true,"5351120894@s.whatsapp.net":true,"5352072795@s.whatsapp.net":true,"5358747867@s.whatsapp.net":true,"5359446797@s.whatsapp.net":true,"5359747692@s.whatsapp.net":true,"5356352099@s.whatsapp.net":true,"5355524913@s.whatsapp.net":true,"5355524913:12@s.whatsapp.net":true,"5355524913:27@s.whatsapp.net":true,"5355735182@s.whatsapp.net":true,"5363732852@s.whatsapp.net":true,"5359491161@s.whatsapp.net":true,"5358427082@s.whatsapp.net":true,"5350067965@s.whatsapp.net":true,"5351154951@s.whatsapp.net":true,"5351154951:10@s.whatsapp.net":true,"5358895527@s.whatsapp.net":true,"5358895527:33@s.whatsapp.net":true,"5359435864@s.whatsapp.net":true,"5355820083@s.whatsapp.net":true,"5351418029@s.whatsapp.net":true,"5351299776@s.whatsapp.net":true,"5355807516@s.whatsapp.net":true,"5354261937@s.whatsapp.net":true,"5356249037@s.whatsapp.net":true,"5358892179@s.whatsapp.net":true,"5359682109@s.whatsapp.net":true,"5350986862@s.whatsapp.net":true,"5355555835@s.whatsapp.net":true,"5363977142@s.whatsapp.net":true,"5354831353@s.whatsapp.net":true,"5353867039@s.whatsapp.net":true,"5355092037@s.whatsapp.net":true,"5359066371@s.whatsapp.net":true,"5359160952@s.whatsapp.net":true,"5363431533@s.whatsapp.net":true,"5359163955@s.whatsapp.net":true,"5359163955:46@s.whatsapp.net":true,"5359163955:47@s.whatsapp.net":true,"5354817396@s.whatsapp.net":true,"5354817396:60@s.whatsapp.net":true,"5356845918@s.whatsapp.net":true,"5351000185@s.whatsapp.net":true,"5350804466@s.whatsapp.net":true,"5350047261@s.whatsapp.net":true,"5350047261:5@s.whatsapp.net":true,"5356199050@s.whatsapp.net":true,"5356199050:11@s.whatsapp.net":true,"5353647376@s.whatsapp.net":true,"5353234925@s.whatsapp.net":true,"5359487434@s.whatsapp.net":true,"5356865713@s.whatsapp.net":true,"5359744109@s.whatsapp.net":true,"5363600429@s.whatsapp.net":true,"5356505783@s.whatsapp.net":true,"5356975362@s.whatsapp.net":true,"5356975362:14@s.whatsapp.net":true,"5356975362:15@s.whatsapp.net":true,"5354609463@s.whatsapp.net":true,"5354069939@s.whatsapp.net":true,"5356352853@s.whatsapp.net":true,"5358228496@s.whatsapp.net":true,"5352517912@s.whatsapp.net":true,"5216141337742@s.whatsapp.net":true,"5359700316@s.whatsapp.net":true,"5351380859@s.whatsapp.net":true,"5355757344@s.whatsapp.net":true,"5350018487@s.whatsapp.net":true,"5354430703@s.whatsapp.net":true,"5355382161@s.whatsapp.net":true,"5356692761@s.whatsapp.net":true,"5354482406@s.whatsapp.net":true,"5356224997@s.whatsapp.net":true,"5356887439@s.whatsapp.net":true,"5351212072@s.whatsapp.net":true,"5355574004@s.whatsapp.net":true,"5363746665@s.whatsapp.net":true,"5351681472@s.whatsapp.net":true,"5358382647@s.whatsapp.net":true,"5359091959@s.whatsapp.net":true,"5355004714@s.whatsapp.net":true,"5355004714:49@s.whatsapp.net":true,"5356842556@s.whatsapp.net":true,"5358205546@s.whatsapp.net":true,"5359754080@s.whatsapp.net":true,"5356498035@s.whatsapp.net":true,"5352961506@s.whatsapp.net":true,"5352961506:10@s.whatsapp.net":true,"5363713709@s.whatsapp.net":true,"5356075260@s.whatsapp.net":true,"5359667696@s.whatsapp.net":true,"5358750499@s.whatsapp.net":true,"5363740775@s.whatsapp.net":true,"5353830572@s.whatsapp.net":true,"5359431580@s.whatsapp.net":true,"5353972268@s.whatsapp.net":true,"5359327750@s.whatsapp.net":true,"5359327750:32@s.whatsapp.net":true,"5355340510@s.whatsapp.net":true,"5363118884@s.whatsapp.net":true,"5356917697@s.whatsapp.net":true,"5355326763@s.whatsapp.net":true,"5353341234@s.whatsapp.net":true,"5355572156@s.whatsapp.net":true,"5353025658@s.whatsapp.net":true,"5354225241@s.whatsapp.net":true,"5356957846@s.whatsapp.net":true,"5356578961@s.whatsapp.net":true,"5356578961:15@s.whatsapp.net":true,"5356578961:16@s.whatsapp.net":true,"5354395597@s.whatsapp.net":true,"5355776896@s.whatsapp.net":true,"5356053211@s.whatsapp.net":true,"5358243837@s.whatsapp.net":true,"5355823281@s.whatsapp.net":true,"5356725544@s.whatsapp.net":true,"5356725544:14@s.whatsapp.net":true,"5353427175@s.whatsapp.net":true,"5353427175:29@s.whatsapp.net":true,"5355001408@s.whatsapp.net":true,"5351571687@s.whatsapp.net":true,"5355146258@s.whatsapp.net":true,"5358582200@s.whatsapp.net":true,"5356578037@s.whatsapp.net":true,"5356578037:25@s.whatsapp.net":true,"5352182724@s.whatsapp.net":true,"5355573218@s.whatsapp.net":true,"5359426600@s.whatsapp.net":true,"5356342526@s.whatsapp.net":true,"5355098359@s.whatsapp.net":true,"5354360932@s.whatsapp.net":true,"5351649664@s.whatsapp.net":true,"5351327224@s.whatsapp.net":true,"5356696418@s.whatsapp.net":true,"5351965458@s.whatsapp.net":true,"5353257218@s.whatsapp.net":true,"5353257218:8@s.whatsapp.net":true,"5358998740@s.whatsapp.net":true,"5358998740:6@s.whatsapp.net":true,"5352888425@s.whatsapp.net":true,"5356914607@s.whatsapp.net":true,"5355150628@s.whatsapp.net":true,"5355048902@s.whatsapp.net":true,"5355661950@s.whatsapp.net":true,"5350824697@s.whatsapp.net":true,"5356119195@s.whatsapp.net":true,"5354538805@s.whatsapp.net":true,"5354538805:9@s.whatsapp.net":true,"5354538805:10@s.whatsapp.net":true,"5350411991@s.whatsapp.net":true,"5352077459@s.whatsapp.net":true,"5355143072@s.whatsapp.net":true,"5355143072:42@s.whatsapp.net":true,"5354134267@s.whatsapp.net":true,"5353904650@s.whatsapp.net":true,"5353998537@s.whatsapp.net":true,"5353998537:32@s.whatsapp.net":true,"5353998537:33@s.whatsapp.net":true,"5353998537:34@s.whatsapp.net":true,"5355516897@s.whatsapp.net":true,"5351610536@s.whatsapp.net":true,"5352558651@s.whatsapp.net":true,"79932961659@s.whatsapp.net":true,"79932961659:2@s.whatsapp.net":true,"5355396520@s.whatsapp.net":true,"5351285478@s.whatsapp.net":true,"5354011923@s.whatsapp.net":true,"5355666165@s.whatsapp.net":true,"5354462695@s.whatsapp.net":true,"5353147031@s.whatsapp.net":true,"5359772271@s.whatsapp.net":true,"5351189887@s.whatsapp.net":true,"5355519234@s.whatsapp.net":true,"5363683527@s.whatsapp.net":true,"5354745281@s.whatsapp.net":true,"5359680636@s.whatsapp.net":true,"5356042728@s.whatsapp.net":true,"5353241561@s.whatsapp.net":true,"5353241561:33@s.whatsapp.net":true,"5355056665@s.whatsapp.net":true,"5356139878@s.whatsapp.net":true,"5356139878:33@s.whatsapp.net":true,"5356139878:36@s.whatsapp.net":true,"5356696150@s.whatsapp.net":true,"5356696150:6@s.whatsapp.net":true,"5352970715@s.whatsapp.net":true,"5356052619@s.whatsapp.net":true,"5356574827@s.whatsapp.net":true,"5355333012@s.whatsapp.net":true,"5356861370@s.whatsapp.net":true,"5359772693@s.whatsapp.net":true,"5356607194@s.whatsapp.net":true,"5351148391@s.whatsapp.net":true,"5363733302@s.whatsapp.net":true,"5355511526@s.whatsapp.net":true,"5352009073@s.whatsapp.net":true,"5353111863@s.whatsapp.net":true,"5353111863:4@s.whatsapp.net":true,"5353026241@s.whatsapp.net":true,"5359706051@s.whatsapp.net":true,"5351882705@s.whatsapp.net":true,"5359162008@s.whatsapp.net":true,"5351322016@s.whatsapp.net":true,"5359001843@s.whatsapp.net":true,"5359760218@s.whatsapp.net":true,"5355106924@s.whatsapp.net":true,"5351077610@s.whatsapp.net":true,"5355511736@s.whatsapp.net":true,"5352721532@s.whatsapp.net":true,"5356132644@s.whatsapp.net":true,"5356377946@s.whatsapp.net":true,"5353176686@s.whatsapp.net":true,"5363151803@s.whatsapp.net":true,"5363151803:15@s.whatsapp.net":true,"5363151803:17@s.whatsapp.net":true,"5363151803:19@s.whatsapp.net":true,"5363151803:20@s.whatsapp.net":true,"5355163629@s.whatsapp.net":true,"5359112375@s.whatsapp.net":true,"5358482241@s.whatsapp.net":true,"5355067678@s.whatsapp.net":true,"5355133093@s.whatsapp.net":true,"5359667474@s.whatsapp.net":true,"5355275263@s.whatsapp.net":true,"5351399926@s.whatsapp.net":true,"5359176362@s.whatsapp.net":true,"5363979345@s.whatsapp.net":true,"5358172151@s.whatsapp.net":true,"5358172151:14@s.whatsapp.net":true,"5359105321@s.whatsapp.net":true,"5359105321:34@s.whatsapp.net":true,"5355646061@s.whatsapp.net":true,"5353460313@s.whatsapp.net":true,"5353460313:21@s.whatsapp.net":true,"5355832172@s.whatsapp.net":true,"5351447993@s.whatsapp.net":true,"5353171928@s.whatsapp.net":true,"5359725062@s.whatsapp.net":true,"5353234296@s.whatsapp.net":true,"5353234296:18@s.whatsapp.net":true,"5358977759@s.whatsapp.net":true,"5352007537@s.whatsapp.net":true,"5351007377@s.whatsapp.net":true,"5359309684@s.whatsapp.net":true,"5350023838@s.whatsapp.net":true,"5355141104@s.whatsapp.net":true,"5356071094@s.whatsapp.net":true,"5356071094:9@s.whatsapp.net":true,"5358126315@s.whatsapp.net":true,"5355016459@s.whatsapp.net":true,"5356524462@s.whatsapp.net":true,"5354834309@s.whatsapp.net":true,"5356696850@s.whatsapp.net":true,"5353298473@s.whatsapp.net":true,"5358717319@s.whatsapp.net":true,"5359456743@s.whatsapp.net":true,"5356671636@s.whatsapp.net":true,"5356543772@s.whatsapp.net":true,"5363692675@s.whatsapp.net":true,"5359093632@s.whatsapp.net":true,"5363972481@s.whatsapp.net":true,"5351672259@s.whatsapp.net":true,"5354637985@s.whatsapp.net":true,"5363143556@s.whatsapp.net":true,"5355826239@s.whatsapp.net":true,"5353127261@s.whatsapp.net":true,"5359642948@s.whatsapp.net":true,"5355428320@s.whatsapp.net":true,"5359164927@s.whatsapp.net":true,"5359171728@s.whatsapp.net":true,"5359170812@s.whatsapp.net":true,"5358581704@s.whatsapp.net":true,"5358545136@s.whatsapp.net":true,"5353325174@s.whatsapp.net":true,"5350265961@s.whatsapp.net":true,"5359567983@s.whatsapp.net":true,"5356375029@s.whatsapp.net":true,"5351941023@s.whatsapp.net":true,"5354322733@s.whatsapp.net":true,"5354667479@s.whatsapp.net":true,"5356581392@s.whatsapp.net":true,"5351200134@s.whatsapp.net":true,"5353544369@s.whatsapp.net":true,"5358532418@s.whatsapp.net":true,"5358532418:20@s.whatsapp.net":true,"5359763917@s.whatsapp.net":true,"5356374523@s.whatsapp.net":true,"5355831883@s.whatsapp.net":true,"5354000236@s.whatsapp.net":true,"5358999637@s.whatsapp.net":true,"5350501118@s.whatsapp.net":true,"5356870382@s.whatsapp.net":true,"5352412934@s.whatsapp.net":true,"5354741004@s.whatsapp.net":true,"5354019828@s.whatsapp.net":true,"5359181729@s.whatsapp.net":true,"5355388321@s.whatsapp.net":true,"5356375916@s.whatsapp.net":true,"5359093294@s.whatsapp.net":true,"5352627399@s.whatsapp.net":true,"5352627399:27@s.whatsapp.net":true,"5356172535@s.whatsapp.net":true,"5351966406@s.whatsapp.net":true,"5350504126@s.whatsapp.net":true,"5355154526@s.whatsapp.net":true,"5355718430@s.whatsapp.net":true,"5355718430:5@s.whatsapp.net":true,"5351318807@s.whatsapp.net":true,"5359423466@s.whatsapp.net":true,"5355731721:13@s.whatsapp.net":true,"5355814970:3@s.whatsapp.net":true,"5350409577@s.whatsapp.net":true,"5354538805:11@s.whatsapp.net":true,"5353026241:22@s.whatsapp.net":true,"5353801905@s.whatsapp.net":true,"5356386122@s.whatsapp.net":true,"5358453056:39@s.whatsapp.net":true}