{"_sessions":{"BSGNhS7VDatwZJRbYu8X3QIB09HGLkxx2kNsNQ1kBS9S":{"registrationId":769922392,"currentRatchet":{"ephemeralKeyPair":{"pubKey":"BYL5lJy9AlhHb/oRIxQ7GDBzbmjbmz3ItEeglgVoOmoE","privKey":"sI6zZrhg1jRwts6HBiGq80P2kgb4acuBPDs03COKvnU="},"lastRemoteEphemeralKey":"BTqKE6/+B0WgTLkA/2d6bHIYKqdhYWFHxJ/wvAHJQHpb","previousCounter":0,"rootKey":"0zFPi6H8Y3PNZNiDkxGGoa2Z/Ja2kZ3JBLRBUpLtESQ="},"indexInfo":{"baseKey":"BSGNhS7VDatwZJRbYu8X3QIB09HGLkxx2kNsNQ1kBS9S","baseKeyType":1,"closed":-1,"used":1742840852004,"created":1742840852004,"remoteIdentityKey":"BV72/JXYKORxIhvXsNAomRgH3YHgqbQSb9poA5KMS2Nh"},"_chains":{"BYL5lJy9AlhHb/oRIxQ7GDBzbmjbmz3ItEeglgVoOmoE":{"chainKey":{"counter":0,"key":"uQgbdCDGaMjhwT3Bv2Upw9qWIz/FCI6SnLk6Q/4zWoM="},"chainType":1,"messageKeys":{}}},"pendingPreKey":{"signedKeyId":2,"baseKey":"BSGNhS7VDatwZJRbYu8X3QIB09HGLkxx2kNsNQ1kBS9S"}}},"version":"v1"}