{"_sessions":{"BUNYXXp6rYVCU0bRlVVnEXuKeYtn7BvCqgFlB/LyN45t":{"registrationId":540627447,"currentRatchet":{"ephemeralKeyPair":{"pubKey":"BUomrARUxV3yPiN4mbuZVCBIosVr0Ex7rzoKQlMHdVFn","privKey":"YLid3LoNjAXpqb0Ql/SMnM6Elp/XAzqUWqo2anIfCXk="},"lastRemoteEphemeralKey":"BSI9jJFJbt8wplAyUN0t7eU2jnEZCnhWA0EjmccIkcoQ","previousCounter":0,"rootKey":"+/w4WaXcGipUvVrySp4a8f22eWktd6A0hdCRCbD2AJg="},"indexInfo":{"baseKey":"BUNYXXp6rYVCU0bRlVVnEXuKeYtn7BvCqgFlB/LyN45t","baseKeyType":1,"closed":-1,"used":1742842541384,"created":1742842541384,"remoteIdentityKey":"BY09KB0cSkQ+B8QEgfmAIdRpV6xFmOK7MBxrAztlKINU"},"_chains":{"BUomrARUxV3yPiN4mbuZVCBIosVr0Ex7rzoKQlMHdVFn":{"chainKey":{"counter":0,"key":"gcedL6kKX2rXe+grrCQzzD7dmCCSNxHYlaxCbT4aKQY="},"chainType":1,"messageKeys":{}}},"pendingPreKey":{"signedKeyId":35,"baseKey":"BUNYXXp6rYVCU0bRlVVnEXuKeYtn7BvCqgFlB/LyN45t","preKeyId":5358825}}},"version":"v1"}