{"_sessions":{"BU7lvEMmHTviawNhViMlmWblaTzJShwhjpG9NS/IgYEZ":{"registrationId":1766504652,"currentRatchet":{"ephemeralKeyPair":{"pubKey":"BV89DCOvwD34Yf1R/4neFve3eOX9JkyotzmIbrkBmixN","privKey":"IDxLYU/UqXpaq+i27JKb66EeKDbA+9MuHTGc5WTIsH4="},"lastRemoteEphemeralKey":"BW0B66CViJ7Fr9k5d8aV0jmmR5fPu12vgmmiccIUkWQC","previousCounter":0,"rootKey":"ATUjZNM0iPXBFDte/YbuMpC13Gx+uvQ7ZD/V0kqXEec="},"indexInfo":{"baseKey":"BU7lvEMmHTviawNhViMlmWblaTzJShwhjpG9NS/IgYEZ","baseKeyType":1,"closed":-1,"used":1742840851955,"created":1742840851955,"remoteIdentityKey":"BVcr0phFq1AY8vFimhR8FLt8YJVJ795gJ6FYdm5L06Js"},"_chains":{"BV89DCOvwD34Yf1R/4neFve3eOX9JkyotzmIbrkBmixN":{"chainKey":{"counter":0,"key":"cFUYRorUweMm57JysvX4hk1A6W8zNnXUq78TMIAxUiA="},"chainType":1,"messageKeys":{}}},"pendingPreKey":{"signedKeyId":6,"baseKey":"BU7lvEMmHTviawNhViMlmWblaTzJShwhjpG9NS/IgYEZ","preKeyId":2373713}}},"version":"v1"}