{"_sessions":{"BU8UPRsVY6LDjtHAYgCSRmzJs+ciOMKCRQkMFmkDe9ZH":{"registrationId":2027570147,"currentRatchet":{"ephemeralKeyPair":{"pubKey":"BVQioCXr7n3uYXAGin8+LkRh7UG+lNlypUk21XcjNAgi","privKey":"SMR17p/ePZofCFW4pgwbDLFfqyEZx1dB8PpdWqxyVXA="},"lastRemoteEphemeralKey":"BZemFR+eP0h8YHJ17M/jWR0et8YNv7VO2RQfit6EslVO","previousCounter":0,"rootKey":"xyhR2+x/GPQf4Ws6kC3wbmQ+ci+Xp8YcPicNVjHAy/k="},"indexInfo":{"baseKey":"BU8UPRsVY6LDjtHAYgCSRmzJs+ciOMKCRQkMFmkDe9ZH","baseKeyType":1,"closed":-1,"used":1742842594900,"created":1742842594900,"remoteIdentityKey":"BU3xhxB5ncxwpaLD1JB1xVHrNznQw7XoLU8AnPmysNNm"},"_chains":{"BVQioCXr7n3uYXAGin8+LkRh7UG+lNlypUk21XcjNAgi":{"chainKey":{"counter":0,"key":"BZZzpWnjQVNJyCJJAttT+dx21jPBpuGkgSv7HP1OEUY="},"chainType":1,"messageKeys":{}}},"pendingPreKey":{"signedKeyId":3,"baseKey":"BU8UPRsVY6LDjtHAYgCSRmzJs+ciOMKCRQkMFmkDe9ZH","preKeyId":15372375}}},"version":"v1"}