{"_sessions":{"Bey2ZuLNOz4Rr4c2Vf3dBcVrn6olm08sTaLNnGratZA8":{"registrationId":1173322177,"currentRatchet":{"ephemeralKeyPair":{"pubKey":"BSP4S9JVwB07Mr4jo8G6J1IpLSiXDePorPfLZyq/05FJ","privKey":"AGUJl9e1Fsjd2CHAHy4lNG+BTevG1F0KiP2lRfWNBEU="},"lastRemoteEphemeralKey":"BY9ODk27MBNHABCeIwl8eykL9bboMzysv6XjJ5iNbLA4","previousCounter":0,"rootKey":"uv9/J8qFtccMZcJoJCi5E/Ntvv9QG+hhJ09Kd9kxFgw="},"indexInfo":{"baseKey":"Bey2ZuLNOz4Rr4c2Vf3dBcVrn6olm08sTaLNnGratZA8","baseKeyType":1,"closed":-1,"used":1742842541455,"created":1742842541455,"remoteIdentityKey":"BfTYGPUq1xYtJ7Wknjq4VmvWySLsKnG32r/PF8NKPORq"},"_chains":{"BSP4S9JVwB07Mr4jo8G6J1IpLSiXDePorPfLZyq/05FJ":{"chainKey":{"counter":0,"key":"E4XKQ8YErjfw42TRiVKizcbwpFwjCMtfVYhtXWku0+M="},"chainType":1,"messageKeys":{}}},"pendingPreKey":{"signedKeyId":16350343,"baseKey":"Bey2ZuLNOz4Rr4c2Vf3dBcVrn6olm08sTaLNnGratZA8","preKeyId":18556}}},"version":"v1"}