{"_sessions":{"BfZzvS2N2a0lU9yLDYUjWi5V1wZe9pw2UjemLKLRg50L":{"registrationId":502789623,"currentRatchet":{"ephemeralKeyPair":{"pubKey":"BV7/axLeyROVGCgLg7FCkVBonM9OytQsykO8b2kabc8x","privKey":"yBEr0x86oAYlBtwcCU3iXSoN/SM6oCGGPRN5ntH/NG8="},"lastRemoteEphemeralKey":"BUS+P7gxAZMhWs6yVUXhwUo5Yjkz1qEgvg0Tlx6UlEMT","previousCounter":0,"rootKey":"5G3YRRK5XaPWESBZgA3sEcqWZwhSohOxYHQOEDWALoo="},"indexInfo":{"baseKey":"BfZzvS2N2a0lU9yLDYUjWi5V1wZe9pw2UjemLKLRg50L","baseKeyType":1,"closed":-1,"used":1742840828304,"created":1742840828304,"remoteIdentityKey":"BcGqFyv7Y+pPtZfFptflHB3LjOdqu3GnFzuyQWLt5y9+"},"_chains":{"BV7/axLeyROVGCgLg7FCkVBonM9OytQsykO8b2kabc8x":{"chainKey":{"counter":0,"key":"oG1Zr+jtJAs+fbwVcvf6/iz4Fg5P6dUsUulfKQ5rmLI="},"chainType":1,"messageKeys":{}}},"pendingPreKey":{"signedKeyId":2,"baseKey":"BfZzvS2N2a0lU9yLDYUjWi5V1wZe9pw2UjemLKLRg50L","preKeyId":2633117}}},"version":"v1"}