{"_sessions":{"BbjExzAvSY3JAm6HG+tfWganefwMLafYkrEM7CGSHWEy":{"registrationId":1784457780,"currentRatchet":{"ephemeralKeyPair":{"pubKey":"BXi3xA2GoruEzPBpFB6nU+BJRs12vL7AjqgpjjWxKGMo","privKey":"cD7xFnJNGTpqEZ1J8+gPPbbY5XJLE0pxY2WzlWNt5W4="},"lastRemoteEphemeralKey":"BTUAENRw0UehDRxWK2QofeXnijaoMeP6KfQ1HX54Anse","previousCounter":0,"rootKey":"ayFnF8WoS4asYOJpBUhJMgO6RE/xQYC+b5NHUY1f/3M="},"indexInfo":{"baseKey":"BbjExzAvSY3JAm6HG+tfWganefwMLafYkrEM7CGSHWEy","baseKeyType":1,"closed":-1,"used":1742840825884,"created":1742840825884,"remoteIdentityKey":"BcfBG3rUWQOyANYNEY4cvXjRWPdN/VA1iVZS3YbQ+zF3"},"_chains":{"BXi3xA2GoruEzPBpFB6nU+BJRs12vL7AjqgpjjWxKGMo":{"chainKey":{"counter":1,"key":"v6wadrwOpQ5K+0nsZFUm0zDBiXnm7zd/zXjQKBk1L84="},"chainType":1,"messageKeys":{}}},"pendingPreKey":{"signedKeyId":2,"baseKey":"BbjExzAvSY3JAm6HG+tfWganefwMLafYkrEM7CGSHWEy","preKeyId":2788291}}},"version":"v1"}