{"_sessions":{"BX6nQ8+yLkGaitqNb5Y6dIp+BSPJt06G3PwKKbVtN4ke":{"registrationId":1958477541,"currentRatchet":{"ephemeralKeyPair":{"pubKey":"BS0iJAdLgLFF9ZphZZcxQ1mp0FIaQKCWaofhQZ7sPmgF","privKey":"6JI5h64CphQr47Y2No6QwDbcHtQZUt5hKHRAbbSSJH0="},"lastRemoteEphemeralKey":"BXPZj+zLdFEpTVBYk8axaEOc5a371xZI9RrChUjH7KpI","previousCounter":0,"rootKey":"NDIEaaetp9whpOrlOrh4GaPihn63MvxgoSMM8iWTuCQ="},"indexInfo":{"baseKey":"BX6nQ8+yLkGaitqNb5Y6dIp+BSPJt06G3PwKKbVtN4ke","baseKeyType":1,"closed":-1,"used":1742842583579,"created":1742842583579,"remoteIdentityKey":"BWQ4WYc/m8ruAqBW33m6J1Cqz/EAB2XFTkwIoLxT1Yxv"},"_chains":{"BS0iJAdLgLFF9ZphZZcxQ1mp0FIaQKCWaofhQZ7sPmgF":{"chainKey":{"counter":0,"key":"JduB55tMAe2XrHAuFVoUXdL0RV2JB20VjQmw4wldtRE="},"chainType":1,"messageKeys":{}}},"pendingPreKey":{"signedKeyId":13,"baseKey":"BX6nQ8+yLkGaitqNb5Y6dIp+BSPJt06G3PwKKbVtN4ke","preKeyId":4759614}}},"version":"v1"}