{"_sessions":{"BednXJ/qx5bUf289P16JAEvjUlRVhrEsSc39gr7pUSs3":{"registrationId":1676555106,"currentRatchet":{"ephemeralKeyPair":{"pubKey":"BYYjk3gYYEGTkDtc/x/9NfIprTAcUBeLoAbybQHkCwwV","privKey":"ACK/UYpk5Ej16gLq0RTbYEQNaq1445RfFxEDpKx3I0o="},"lastRemoteEphemeralKey":"Bakmpu44+L0y015FHD6DX2sZLon4UtoIS5iSZwtO45B/","previousCounter":0,"rootKey":"6CghGRWprO0W+HMkKvB/C0LVbfsn7FpHbdTDpZcoSA8="},"indexInfo":{"baseKey":"BednXJ/qx5bUf289P16JAEvjUlRVhrEsSc39gr7pUSs3","baseKeyType":1,"closed":-1,"used":1742842541392,"created":1742842541392,"remoteIdentityKey":"BUxmT9/H05vWnv4QrlXY1kuQbGppuKtJMkl9uQQ+5A8W"},"_chains":{"BYYjk3gYYEGTkDtc/x/9NfIprTAcUBeLoAbybQHkCwwV":{"chainKey":{"counter":0,"key":"lLWztHV1NGQXdZfXuL1qXJhvA8TqgCIBxxaCpyf9xNM="},"chainType":1,"messageKeys":{}}},"pendingPreKey":{"signedKeyId":6,"baseKey":"BednXJ/qx5bUf289P16JAEvjUlRVhrEsSc39gr7pUSs3","preKeyId":8297296}}},"version":"v1"}