{"_sessions":{"BcihaqOyBTfQG/FEQz2mhglgE42bDFZ32LEtjZWsB5IH":{"registrationId":1353811621,"currentRatchet":{"ephemeralKeyPair":{"pubKey":"Bfag41Fo3SkdWMK3YWfcKY1lHb26wPUnv6XLkutTuvFc","privKey":"qAVEN6HqXbw6dXLSgz0dB4DUyDUb3uTEjidEHamaukE="},"lastRemoteEphemeralKey":"BW6dY8k6vsLsOAnF7pcWoyuLwrmPCKdcyLbQq4ZAI4II","previousCounter":0,"rootKey":"tDX/gEGtGDq2EJ+Gjwbe4YagPCVflEvZ8PQPuSx4n1g="},"indexInfo":{"baseKey":"BcihaqOyBTfQG/FEQz2mhglgE42bDFZ32LEtjZWsB5IH","baseKeyType":1,"closed":1742840809945,"used":1742840797922,"created":1742840797922,"remoteIdentityKey":"BYKpXjwIvM99+TSw8lDvqlUbgaG5NkRcwPinVR0rmQFs"},"_chains":{"Bfag41Fo3SkdWMK3YWfcKY1lHb26wPUnv6XLkutTuvFc":{"chainKey":{"counter":0,"key":"ZADZ3Gj2XqBrWpQtePHbo579bIt0+Tk9oAjISX4jVSc="},"chainType":1,"messageKeys":{}}},"pendingPreKey":{"signedKeyId":8159169,"baseKey":"BcihaqOyBTfQG/FEQz2mhglgE42bDFZ32LEtjZWsB5IH","preKeyId":10574}},"BciL1SsjRcs2aN3LLdi7C5+xiVeqrMUWPhQupxAt/582":{"registrationId":1353811621,"currentRatchet":{"ephemeralKeyPair":{"pubKey":"BXdmOkGlKZcQHt4KZbE6VPHgpTlJXJgjw6yiblqD+Vd2","privKey":"OJZk69ahuevMyRyutmY1o3/ReOMz3N4Y9gePzJ08nGk="},"lastRemoteEphemeralKey":"BW6dY8k6vsLsOAnF7pcWoyuLwrmPCKdcyLbQq4ZAI4II","previousCounter":0,"rootKey":"CkD9lZKwXJDihXzOGXAiq6rR5vjg/rSoH1ATJBOB6/I="},"indexInfo":{"baseKey":"BciL1SsjRcs2aN3LLdi7C5+xiVeqrMUWPhQupxAt/582","baseKeyType":1,"closed":1742840828508,"used":1742840808963,"created":1742840808963,"remoteIdentityKey":"BYKpXjwIvM99+TSw8lDvqlUbgaG5NkRcwPinVR0rmQFs"},"_chains":{"BXdmOkGlKZcQHt4KZbE6VPHgpTlJXJgjw6yiblqD+Vd2":{"chainKey":{"counter":0,"key":"d0ZJpA/vUR6LB88mAp4R8CbLXXj64/hcmKrRl0TGYxw="},"chainType":1,"messageKeys":{}}},"pendingPreKey":{"signedKeyId":8159169,"baseKey":"BciL1SsjRcs2aN3LLdi7C5+xiVeqrMUWPhQupxAt/582","preKeyId":10575}},"BSgMBwriGvCFbWAtEDvy04mdAnfcK5y9UDF58Dyzo8tV":{"registrationId":1353811621,"currentRatchet":{"ephemeralKeyPair":{"pubKey":"Bel0UHTDw3eUQkepwV/xgfljPGVJQZDR549Jw4ELL6kg","privKey":"6OvmEPPp3IQDyz20SHpLu7Wyle/6CE6MWzFZpdsi7V4="},"lastRemoteEphemeralKey":"BW6dY8k6vsLsOAnF7pcWoyuLwrmPCKdcyLbQq4ZAI4II","previousCounter":0,"rootKey":"zX71s5uGlMFFk8xrrhw5tKIeXywZ/D+yqOqsJmYeOBw="},"indexInfo":{"baseKey":"BSgMBwriGvCFbWAtEDvy04mdAnfcK5y9UDF58Dyzo8tV","baseKeyType":1,"closed":-1,"used":1742840827607,"created":1742840827607,"remoteIdentityKey":"BYKpXjwIvM99+TSw8lDvqlUbgaG5NkRcwPinVR0rmQFs"},"_chains":{"Bel0UHTDw3eUQkepwV/xgfljPGVJQZDR549Jw4ELL6kg":{"chainKey":{"counter":8,"key":"+WQeY6bDwABh+7O0RTrOF2X4t3Rb2HDs4Xy3tZvvcDA="},"chainType":1,"messageKeys":{}}},"pendingPreKey":{"signedKeyId":8159169,"baseKey":"BSgMBwriGvCFbWAtEDvy04mdAnfcK5y9UDF58Dyzo8tV","preKeyId":11351}}},"version":"v1"}