{"_sessions":{"BXbNOyzl3JF2z/GmE1z2/cY07vsPj5tbKA01HB4wHlcK":{"registrationId":1296965568,"currentRatchet":{"ephemeralKeyPair":{"pubKey":"BTEhXzQ1MMaZXhDtjouLqUoOsT++GJ4b558sYNu559ED","privKey":"CLL7kDxZF668kW/kRsnFIK8GxCKRMgI4nGV1qfFvs1A="},"lastRemoteEphemeralKey":"BQlA8flCE02HMrN/t36BTkgYNLjjSEU3AvvJS8Qa/XVD","previousCounter":0,"rootKey":"acfJuw5mA5fd10tqRE4nKxplPji6wg6KNxm+/7m35Zw="},"indexInfo":{"baseKey":"BXbNOyzl3JF2z/GmE1z2/cY07vsPj5tbKA01HB4wHlcK","baseKeyType":1,"closed":-1,"used":1742842583521,"created":1742842583521,"remoteIdentityKey":"BR71gWRwEP2rQNxwnV+UEPkERp7QtqtbCXFnGff4K19Z"},"_chains":{"BTEhXzQ1MMaZXhDtjouLqUoOsT++GJ4b558sYNu559ED":{"chainKey":{"counter":0,"key":"k8vhPzhqgo7NFq5ooH/87CmSLepNWHOqHBmDo9q8z70="},"chainType":1,"messageKeys":{}}},"pendingPreKey":{"signedKeyId":6,"baseKey":"BXbNOyzl3JF2z/GmE1z2/cY07vsPj5tbKA01HB4wHlcK","preKeyId":2334122}}},"version":"v1"}