{"_sessions":{"BUs92+ZPHzB9lejiO6EvFy0k83YkaBL0XCNmS1fGzI0p":{"registrationId":1648547693,"currentRatchet":{"ephemeralKeyPair":{"pubKey":"BT0OY9bqWpRJMtRplfUr8d69OYL7w2d2rYoBUZ5q99Mn","privKey":"cJyczvARteiX92sh70DXdsPOyMAM2V6xpTtlfpHIcGE="},"lastRemoteEphemeralKey":"Bd0YvaR4y9V7XtR2UrRkUYhyHkGlGlX/PtZL3tVLqlN6","previousCounter":0,"rootKey":"CU75M31LLlYZzwb/G6Eaj4Vx69iP52vH0Rc1Vf3IREI="},"indexInfo":{"baseKey":"BUs92+ZPHzB9lejiO6EvFy0k83YkaBL0XCNmS1fGzI0p","baseKeyType":1,"closed":-1,"used":1742840828381,"created":1742840828381,"remoteIdentityKey":"BQeBztplM7GBdeDQi3SVySEt0YNXz56UQ90aIu6ovyUs"},"_chains":{"BT0OY9bqWpRJMtRplfUr8d69OYL7w2d2rYoBUZ5q99Mn":{"chainKey":{"counter":3,"key":"UAA1w5yywp/WJEVfA6awJ+konnduNYzKGEdUhqEFOkI="},"chainType":1,"messageKeys":{}}},"pendingPreKey":{"signedKeyId":2,"baseKey":"BUs92+ZPHzB9lejiO6EvFy0k83YkaBL0XCNmS1fGzI0p","preKeyId":3820036}}},"version":"v1"}