{"_sessions":{"BeYtBL6Hw2g/tGYRTQ4Uccxqmmt6lAjrYxsluBRQ2RxD":{"registrationId":61994766,"currentRatchet":{"ephemeralKeyPair":{"pubKey":"BYXoyzI9brFY6mmGK8RI/ybPHNdylm5iP9tg6btGdMZ5","privKey":"uCI1Dre9MWszKLrNMFFDnVNA8lzXUMrTJNeFAr+1U08="},"lastRemoteEphemeralKey":"BZQ0L04d+TiEEnec+6gVg6zadzzwjvVldF7cLCG5GxQT","previousCounter":0,"rootKey":"jtyR51I7i/5XnNzLZLRwvbCD5CmYyjLNd9AUVAWzveU="},"indexInfo":{"baseKey":"BeYtBL6Hw2g/tGYRTQ4Uccxqmmt6lAjrYxsluBRQ2RxD","baseKeyType":1,"closed":-1,"used":1742840825648,"created":1742840825648,"remoteIdentityKey":"BQ9iKyfqD9B3y6+WYGOf9dcvyTsz/TBRmc/+RwROEslV"},"_chains":{"BYXoyzI9brFY6mmGK8RI/ybPHNdylm5iP9tg6btGdMZ5":{"chainKey":{"counter":0,"key":"xa93Dl43Rc2RgO2R1P5gW9/3nHg+dXiobbMNYKH1i/A="},"chainType":1,"messageKeys":{}}},"pendingPreKey":{"signedKeyId":9,"baseKey":"BeYtBL6Hw2g/tGYRTQ4Uccxqmmt6lAjrYxsluBRQ2RxD","preKeyId":16334729}}},"version":"v1"}