{"_sessions":{"BS+G0LXCJrKZ7SlXeu56OGdlpGuFzrJggO2+SO60HkEe":{"registrationId":543999284,"currentRatchet":{"ephemeralKeyPair":{"pubKey":"BUwDDXzFL7BQoPuDU6UeAHGsv/WHpU25WTjeE0LF56J8","privKey":"CHm0e//EQXU2j/d7BVFoI6fNcHl9N3g6kEHKtUxfZkE="},"lastRemoteEphemeralKey":"BftihkpyWrmj7LJt5P2kjIwriL6/zLnjysU6hd+YlzBh","previousCounter":0,"rootKey":"O3cJlcDanzqfYTg137UbJQQbocQx2dHbKJnY8sSIUNc="},"indexInfo":{"baseKey":"BS+G0LXCJrKZ7SlXeu56OGdlpGuFzrJggO2+SO60HkEe","baseKeyType":1,"closed":-1,"used":1742840851932,"created":1742840851932,"remoteIdentityKey":"BZRRtcTcDtRm+vDu/p3UkvCfKKC5NQcmnt9JmqPkew55"},"_chains":{"BUwDDXzFL7BQoPuDU6UeAHGsv/WHpU25WTjeE0LF56J8":{"chainKey":{"counter":0,"key":"/fak4mipQHdkeJgl0peOJ2argYutUOvh6qYj/CJ3xy0="},"chainType":1,"messageKeys":{}}},"pendingPreKey":{"signedKeyId":4,"baseKey":"BS+G0LXCJrKZ7SlXeu56OGdlpGuFzrJggO2+SO60HkEe","preKeyId":16412105}}},"version":"v1"}