{"_sessions":{"BabrLUWCwkhk3/TsH9Wb5hUcuYGmKRhkF7s6etk/Hb5V":{"registrationId":226134871,"currentRatchet":{"ephemeralKeyPair":{"pubKey":"BV8daxerFI4iGZHCO4pC3g3U8fGzudSmx/1ruo+z7lJA","privKey":"+Fs1oa+1K08uLjwf9cBbCOF6uYMqJq6oZSPNUhbheFE="},"lastRemoteEphemeralKey":"BQ2P6+lglaCNrtFA/q6Xtd9LKgeEBmFTT6OpxEkMbR4l","previousCounter":0,"rootKey":"iW/oh8s90npieeqhYD81Rf69hRsia2ORWChN7sKixXI="},"indexInfo":{"baseKey":"BabrLUWCwkhk3/TsH9Wb5hUcuYGmKRhkF7s6etk/Hb5V","baseKeyType":1,"closed":-1,"used":1742840828398,"created":1742840828398,"remoteIdentityKey":"BW/TVHUEGqaj0xleAcGeloAJU9zOoSy39+bq3RcB0rpr"},"_chains":{"BV8daxerFI4iGZHCO4pC3g3U8fGzudSmx/1ruo+z7lJA":{"chainKey":{"counter":1,"key":"80G3qzyuJmxreGeuGJqTQEx2/MxMUWNrL8kKHdPPqXE="},"chainType":1,"messageKeys":{}}},"pendingPreKey":{"signedKeyId":2575637,"baseKey":"BabrLUWCwkhk3/TsH9Wb5hUcuYGmKRhkF7s6etk/Hb5V","preKeyId":2132}}},"version":"v1"}