{"_sessions":{"BcXRanWUwDVnDPwgzrPzHVzMQ9eBABTcsrI4YPBINzgU":{"registrationId":873765870,"currentRatchet":{"ephemeralKeyPair":{"pubKey":"BRatValKcPEtynUMkHAyiXggaLrCRWothJT/Zch+RVh5","privKey":"WA8F0n2IaUV53fcoqDcSWL/+tChrnj+7zma8Jokki3o="},"lastRemoteEphemeralKey":"BeQQfiZpsuNAKSUs+gE6WUl6BKwsWH3AlHWlMjnzDjV+","previousCounter":0,"rootKey":"o7oju4LTPvh6FjNprVypgIF51veuYUuC0Jgz/d5Zjao="},"indexInfo":{"baseKey":"BcXRanWUwDVnDPwgzrPzHVzMQ9eBABTcsrI4YPBINzgU","baseKeyType":1,"closed":1742840812191,"used":1742840799461,"created":1742840799461,"remoteIdentityKey":"BUgc1e5S2/7JXD2iMRNPffBA2LtaksAo0MOohA5xFT1B"},"_chains":{"BRatValKcPEtynUMkHAyiXggaLrCRWothJT/Zch+RVh5":{"chainKey":{"counter":0,"key":"aOA7b6LY7DV35rrTCkaPaytgNrdMHc86zQnHW9TNThI="},"chainType":1,"messageKeys":{}}},"pendingPreKey":{"signedKeyId":14,"baseKey":"BcXRanWUwDVnDPwgzrPzHVzMQ9eBABTcsrI4YPBINzgU","preKeyId":9392116}},"BT9BTFwcvie4Rxf40/BiWFBgbPFHKN6b1jgPW4mVvmVZ":{"registrationId":873765870,"currentRatchet":{"ephemeralKeyPair":{"pubKey":"BZGW/tOFpIKXVEqHdUbb3zPpteakXlm1hmKurlOL2kts","privKey":"WEQbzCtrERQeMaTBAi3sYtHFtv9hzYrBKZzZNP0Ktmw="},"lastRemoteEphemeralKey":"BeQQfiZpsuNAKSUs+gE6WUl6BKwsWH3AlHWlMjnzDjV+","previousCounter":0,"rootKey":"rrJ3llswrzYlKhKTuliQf8B8ny6yI4Pvo/EvIWrC+1k="},"indexInfo":{"baseKey":"BT9BTFwcvie4Rxf40/BiWFBgbPFHKN6b1jgPW4mVvmVZ","baseKeyType":1,"closed":1742840828553,"used":1742840811392,"created":1742840811392,"remoteIdentityKey":"BUgc1e5S2/7JXD2iMRNPffBA2LtaksAo0MOohA5xFT1B"},"_chains":{"BZGW/tOFpIKXVEqHdUbb3zPpteakXlm1hmKurlOL2kts":{"chainKey":{"counter":0,"key":"RdV8MjSRcyoogTs2XJArotzVzOYU7Oqta2ckc7DT96g="},"chainType":1,"messageKeys":{}}},"pendingPreKey":{"signedKeyId":14,"baseKey":"BT9BTFwcvie4Rxf40/BiWFBgbPFHKN6b1jgPW4mVvmVZ","preKeyId":9392988}},"BQGuEAxXJpKvqqdsknSNQskC5O4pX8r61EE7KImg2K9r":{"registrationId":873765870,"currentRatchet":{"ephemeralKeyPair":{"pubKey":"BeMUQMfDF7soo/UIgj26DHKLzwx6GPFS+8RaZG8AWt46","privKey":"6No0WmC4HCDBN1HwiC7X8ojN6bFACBngUR8udDEmxXQ="},"lastRemoteEphemeralKey":"BeQQfiZpsuNAKSUs+gE6WUl6BKwsWH3AlHWlMjnzDjV+","previousCounter":0,"rootKey":"9vj8gkahJAyaQ5uD4nSZfj6Wmp+Zs1OA/gNTXJreAOc="},"indexInfo":{"baseKey":"BQGuEAxXJpKvqqdsknSNQskC5O4pX8r61EE7KImg2K9r","baseKeyType":1,"closed":-1,"used":1742840827982,"created":1742840827982,"remoteIdentityKey":"BUgc1e5S2/7JXD2iMRNPffBA2LtaksAo0MOohA5xFT1B"},"_chains":{"BeMUQMfDF7soo/UIgj26DHKLzwx6GPFS+8RaZG8AWt46":{"chainKey":{"counter":6,"key":"cPjh+WZpJv78uatGrJQD12yF37wH+RRNsHSTE6RqeIw="},"chainType":1,"messageKeys":{}}},"pendingPreKey":{"signedKeyId":14,"baseKey":"BQGuEAxXJpKvqqdsknSNQskC5O4pX8r61EE7KImg2K9r","preKeyId":9392752}}},"version":"v1"}