{"_sessions":{"BVhGWWikAnX6rwk7MDEJTngLmV7dBjZD9Qlb09Y1EDY4":{"registrationId":1259350649,"currentRatchet":{"ephemeralKeyPair":{"pubKey":"BcPZFuGPKIp/+BoAhIqvrOGRxwmWkxJcbRhIiksI9mo+","privKey":"UFEldta+RUSvAHiznEewEYw8OE6Oi+SoGL3/TYW8qG0="},"lastRemoteEphemeralKey":"BaeP9AHzvlvO9LAbU0KSzoTrLhwYccT4b6aeUQF2JdJ/","previousCounter":0,"rootKey":"Wv+7lTa7VPUDcuhToiX+ZxohbzAEJ785c+4uVcEpOM4="},"indexInfo":{"baseKey":"BVhGWWikAnX6rwk7MDEJTngLmV7dBjZD9Qlb09Y1EDY4","baseKeyType":1,"closed":1742840809923,"used":1742840797898,"created":1742840797898,"remoteIdentityKey":"BThJiDMYUVrZi+66a+nvVeDubbECHfar8vYeL5p6+o5p"},"_chains":{"BcPZFuGPKIp/+BoAhIqvrOGRxwmWkxJcbRhIiksI9mo+":{"chainKey":{"counter":0,"key":"IsTT7LD/rjq2RhV5cms2GCybecv5dXwJBWK/HtUHdok="},"chainType":1,"messageKeys":{}}},"pendingPreKey":{"signedKeyId":1881114,"baseKey":"BVhGWWikAnX6rwk7MDEJTngLmV7dBjZD9Qlb09Y1EDY4","preKeyId":1746}},"BU2GE4H/W2awl88tUt2+JT2KW6zzkviYvN/Wz+TQ+MYd":{"registrationId":1259350649,"currentRatchet":{"ephemeralKeyPair":{"pubKey":"BY08GWorX55AS2dd3I9II5ZIgjb4CdwcjHWCjUPunT5I","privKey":"SIwzBZlhH0kUYJ15eaeUnYzx58TeodnOjWK0HlnrMVw="},"lastRemoteEphemeralKey":"BaeP9AHzvlvO9LAbU0KSzoTrLhwYccT4b6aeUQF2JdJ/","previousCounter":0,"rootKey":"gQaa2U6J/MVEo45zOOrWHlYSwngV/Nr5MjypFUY55jM="},"indexInfo":{"baseKey":"BU2GE4H/W2awl88tUt2+JT2KW6zzkviYvN/Wz+TQ+MYd","baseKeyType":1,"closed":1742840826045,"used":1742840808940,"created":1742840808940,"remoteIdentityKey":"BThJiDMYUVrZi+66a+nvVeDubbECHfar8vYeL5p6+o5p"},"_chains":{"BY08GWorX55AS2dd3I9II5ZIgjb4CdwcjHWCjUPunT5I":{"chainKey":{"counter":0,"key":"Dyo5E2DQlYP/8AKgbDVklEq049Bgf7cAwGrYVpxksqg="},"chainType":1,"messageKeys":{}}},"pendingPreKey":{"signedKeyId":1881114,"baseKey":"BU2GE4H/W2awl88tUt2+JT2KW6zzkviYvN/Wz+TQ+MYd","preKeyId":2212}},"Bfr6WD/KSBm3KOS9nRGFZM97SlFhP0Mp9XfDZvP2mdVt":{"registrationId":1259350649,"currentRatchet":{"ephemeralKeyPair":{"pubKey":"BU33oVDCwUnvXLVIxuK3ftVDIqsilV5OxaJVolbhbsN0","privKey":"iLySrZn5HeSHnuas/0126FzBIewZID4THHB0OKffo3U="},"lastRemoteEphemeralKey":"BaeP9AHzvlvO9LAbU0KSzoTrLhwYccT4b6aeUQF2JdJ/","previousCounter":0,"rootKey":"ePB/8E3fcqzxYc6Zccd1SKypO8QSOkEBpAk/GfCZTa0="},"indexInfo":{"baseKey":"Bfr6WD/KSBm3KOS9nRGFZM97SlFhP0Mp9XfDZvP2mdVt","baseKeyType":1,"closed":-1,"used":1742840825931,"created":1742840825931,"remoteIdentityKey":"BThJiDMYUVrZi+66a+nvVeDubbECHfar8vYeL5p6+o5p"},"_chains":{"BU33oVDCwUnvXLVIxuK3ftVDIqsilV5OxaJVolbhbsN0":{"chainKey":{"counter":8,"key":"7SkseqTCif95gMp8l282WRW24mCR9NLrox4F3TlYqjQ="},"chainType":1,"messageKeys":{}}},"pendingPreKey":{"signedKeyId":1881114,"baseKey":"Bfr6WD/KSBm3KOS9nRGFZM97SlFhP0Mp9XfDZvP2mdVt","preKeyId":1899}}},"version":"v1"}