{"_sessions":{"Bb1qjuUgJ827Iaec9IUrV0sID8lpHxZvIJZbZeLpsEZj":{"registrationId":1398364455,"currentRatchet":{"ephemeralKeyPair":{"pubKey":"BQ6UWZy3hTXHXEuUEL6COkUWDM9/3OpdMkOT/E25P9B+","privKey":"iDMYcKkzVDiWNUopVXtc/6b/+4GWVuqKFZtcvtWK1ms="},"lastRemoteEphemeralKey":"BQsrphK+FsiT7fqZ2AKPfBd4r9XWgKnx3sFzd5aPueNv","previousCounter":0,"rootKey":"YaoqJox5uGRQgHqFYbOanP4GYOqRSW6E0kUQjy8RGAQ="},"indexInfo":{"baseKey":"Bb1qjuUgJ827Iaec9IUrV0sID8lpHxZvIJZbZeLpsEZj","baseKeyType":1,"closed":1742840812378,"used":1742840799630,"created":1742840799630,"remoteIdentityKey":"BfFrSBwQFzT/+alTOxjCXpGCyDi9u0r2fkqh40HNxYQx"},"_chains":{"BQ6UWZy3hTXHXEuUEL6COkUWDM9/3OpdMkOT/E25P9B+":{"chainKey":{"counter":0,"key":"Gizl7yV+AhI3Bc4S94HL2tsmSuFYGxvoIO9ILH3Q84U="},"chainType":1,"messageKeys":{}}},"pendingPreKey":{"signedKeyId":10,"baseKey":"Bb1qjuUgJ827Iaec9IUrV0sID8lpHxZvIJZbZeLpsEZj","preKeyId":7887309}},"BTsCxSriml1bN19a0KuoGCMwYH63ZjTU64yiLxFzGw8h":{"registrationId":1398364455,"currentRatchet":{"ephemeralKeyPair":{"pubKey":"BX8p1ZkReuk2952iOuOZhZ6hHflrLQckyqPGE9tlH3cr","privKey":"gMRNSsTmoG973VKVYab+j8SZBbzpG3kgyhChPeuIwFk="},"lastRemoteEphemeralKey":"BQsrphK+FsiT7fqZ2AKPfBd4r9XWgKnx3sFzd5aPueNv","previousCounter":0,"rootKey":"HK2W1cqVFtdPn9hoZV5kI7MZx3wNwX+3DpH0Hu7Rn5M="},"indexInfo":{"baseKey":"BTsCxSriml1bN19a0KuoGCMwYH63ZjTU64yiLxFzGw8h","baseKeyType":1,"closed":1742840828625,"used":1742840811561,"created":1742840811561,"remoteIdentityKey":"BfFrSBwQFzT/+alTOxjCXpGCyDi9u0r2fkqh40HNxYQx"},"_chains":{"BX8p1ZkReuk2952iOuOZhZ6hHflrLQckyqPGE9tlH3cr":{"chainKey":{"counter":0,"key":"4GwBeCOPRdep3cfx2lOuUFaIOJV3ga0ipcna/BYl0uo="},"chainType":1,"messageKeys":{}}},"pendingPreKey":{"signedKeyId":10,"baseKey":"BTsCxSriml1bN19a0KuoGCMwYH63ZjTU64yiLxFzGw8h","preKeyId":7887335}},"BXmTZnFZ5kBQv32z3TvateoAIS0Tx535m5kMv4eJR2Vo":{"registrationId":1398364455,"currentRatchet":{"ephemeralKeyPair":{"pubKey":"BW2TpQffow6v5g6CTlu8RbkRxibMD7EFZOGcVkBTPxhr","privKey":"+JPpLrRhFSca7+pZxw5CpqB/LHntyoH7oDgwjA8G/l4="},"lastRemoteEphemeralKey":"BQsrphK+FsiT7fqZ2AKPfBd4r9XWgKnx3sFzd5aPueNv","previousCounter":0,"rootKey":"bPJVHBO47Kt0PddaoMTIiGOqxa33Jpdbg0RmiVQn9vU="},"indexInfo":{"baseKey":"BXmTZnFZ5kBQv32z3TvateoAIS0Tx535m5kMv4eJR2Vo","baseKeyType":1,"closed":-1,"used":1742840828483,"created":1742840828483,"remoteIdentityKey":"BfFrSBwQFzT/+alTOxjCXpGCyDi9u0r2fkqh40HNxYQx"},"_chains":{"BW2TpQffow6v5g6CTlu8RbkRxibMD7EFZOGcVkBTPxhr":{"chainKey":{"counter":8,"key":"9ZEKaQmVlJKF6kJ/OodYq260ewGPdU9yt7Xy5/ffxSQ="},"chainType":1,"messageKeys":{}}},"pendingPreKey":{"signedKeyId":10,"baseKey":"BXmTZnFZ5kBQv32z3TvateoAIS0Tx535m5kMv4eJR2Vo","preKeyId":7886616}}},"version":"v1"}