{"_sessions":{"BT8C3qULw92oGBdUHEFQjFahhv5GT0c8vqqQ6q1CUZ48":{"registrationId":564897780,"currentRatchet":{"ephemeralKeyPair":{"pubKey":"Bd7tUxAFESX1CE0Q0utRFKSWjZ/FdmkURepkPmYDlwVJ","privKey":"cHLOXMAWyyciISX1dVUWtBPdt4A4V+9NlZgL2sYdWnc="},"lastRemoteEphemeralKey":"BbNtGL8VrRRkUjcQ8DX7T22fPTSKLUUKPBse8mYPigYT","previousCounter":0,"rootKey":"22GnS9FDXHYIfv79oogKneeeVwiJY/stFFk49NiK6So="},"indexInfo":{"baseKey":"BT8C3qULw92oGBdUHEFQjFahhv5GT0c8vqqQ6q1CUZ48","baseKeyType":1,"closed":-1,"used":1742840851998,"created":1742840851998,"remoteIdentityKey":"BZTyszXRMq/sA01jIyLtnViNx9uls8qZ3lZwr5RFC0l8"},"_chains":{"Bd7tUxAFESX1CE0Q0utRFKSWjZ/FdmkURepkPmYDlwVJ":{"chainKey":{"counter":0,"key":"OR1H2wMsjH7je6UDUcg1fpX5IsvQTccZZ/LVWZv1QgU="},"chainType":1,"messageKeys":{}}},"pendingPreKey":{"signedKeyId":2,"baseKey":"BT8C3qULw92oGBdUHEFQjFahhv5GT0c8vqqQ6q1CUZ48","preKeyId":14961216}}},"version":"v1"}