{"_sessions":{"BWvuadnrzRBOsh7h4TAhSHRPUEpxlR46tHyiJxEyInxX":{"registrationId":367156025,"currentRatchet":{"ephemeralKeyPair":{"pubKey":"BcSnGNhnLrvtozeaLNjb5jIKSTgM6qTzAmBMNyRfvaEs","privKey":"eAA+ta67eZrcULRhh5ay6WSKFoAy05kbeQsi390MTE8="},"lastRemoteEphemeralKey":"BScQcIoSb/OBna8OayzTGM346M4ENSMAaPaoRFn292AU","previousCounter":0,"rootKey":"QV4mhpZ51LWP37NFPuiBg1ZDGWdxjKv4nRAKN3t+bMQ="},"indexInfo":{"baseKey":"BWvuadnrzRBOsh7h4TAhSHRPUEpxlR46tHyiJxEyInxX","baseKeyType":1,"closed":1742840812276,"used":1742840799539,"created":1742840799539,"remoteIdentityKey":"BXivlB9MrHdFuv7MuJBr0iABmbVfxiUpUHAGJfwPrito"},"_chains":{"BcSnGNhnLrvtozeaLNjb5jIKSTgM6qTzAmBMNyRfvaEs":{"chainKey":{"counter":0,"key":"gbQnSt1Lp5tF2higQkZygA6y4PtaGWGGo5P8Y95OOoI="},"chainType":1,"messageKeys":{}}},"pendingPreKey":{"signedKeyId":4,"baseKey":"BWvuadnrzRBOsh7h4TAhSHRPUEpxlR46tHyiJxEyInxX","preKeyId":15994493}},"BUHorPcRMOgvXqLQHMbKmt8TK1D1sxQkQ04Y2E+F0rhK":{"registrationId":367156025,"currentRatchet":{"ephemeralKeyPair":{"pubKey":"BUQJhxZvS+Un+gcyKj9X++XJ4dHC7oRekpl1iVChYtpB","privKey":"IJAshOJWJzGHwgWRhBIfh0tf7UMYUIzOxVw5VLuZl3k="},"lastRemoteEphemeralKey":"BScQcIoSb/OBna8OayzTGM346M4ENSMAaPaoRFn292AU","previousCounter":0,"rootKey":"byZsEdQ2rGM8lT0diQyFq6/1h1GewoNN6VTlQNhqrws="},"indexInfo":{"baseKey":"BUHorPcRMOgvXqLQHMbKmt8TK1D1sxQkQ04Y2E+F0rhK","baseKeyType":1,"closed":-1,"used":1742840811468,"created":1742840811468,"remoteIdentityKey":"BXivlB9MrHdFuv7MuJBr0iABmbVfxiUpUHAGJfwPrito"},"_chains":{"BUQJhxZvS+Un+gcyKj9X++XJ4dHC7oRekpl1iVChYtpB":{"chainKey":{"counter":1,"key":"eijDM2yVrpkD7/RnaM8uGNJ7qjRr73d/XcSIW5Hq0wg="},"chainType":1,"messageKeys":{}}},"pendingPreKey":{"signedKeyId":4,"baseKey":"BUHorPcRMOgvXqLQHMbKmt8TK1D1sxQkQ04Y2E+F0rhK","preKeyId":15995111}}},"version":"v1"}