{"_sessions":{"Bbu6HVxlyvlA+r6T9BR1lG3mnI7679Y3e3VME6CcPisa":{"registrationId":1792768260,"currentRatchet":{"ephemeralKeyPair":{"pubKey":"BSekNJuqqLrXTfAuhQdyXOBDMs6DBqS47Dw/iJe/7ZwY","privKey":"APc+viiJ0cbPV86RFCJFUnXMIBWSWFN+oIervjsHWE8="},"lastRemoteEphemeralKey":"BbuNjVCTDwidn6n/k7guM+a7O299jm/RaW2cEpgvUaNb","previousCounter":0,"rootKey":"SPteoHdVormmi9traW8BjJzEJB44A/4Q9uGujdEqDx0="},"indexInfo":{"baseKey":"Bbu6HVxlyvlA+r6T9BR1lG3mnI7679Y3e3VME6CcPisa","baseKeyType":1,"closed":-1,"used":1742840825487,"created":1742840825487,"remoteIdentityKey":"Befz2W4sjLexIyouOdXWfWIVGzQePnglPBtQb3Jklhd5"},"_chains":{"BSekNJuqqLrXTfAuhQdyXOBDMs6DBqS47Dw/iJe/7ZwY":{"chainKey":{"counter":0,"key":"xV0UYVRM/pcxh+5kRgl/Y7ASncBB1fJ5nhyEC0aT3gY="},"chainType":1,"messageKeys":{}}},"pendingPreKey":{"signedKeyId":14,"baseKey":"Bbu6HVxlyvlA+r6T9BR1lG3mnI7679Y3e3VME6CcPisa","preKeyId":3052412}}},"version":"v1"}