{"_sessions":{"BWKusr+4mqRWhcqeY8/Jg0jdI07zeF2DLqigtpOIzBxQ":{"registrationId":719249597,"currentRatchet":{"ephemeralKeyPair":{"pubKey":"Bfmi8joNe3BdW6elP0yWVDH9osQYCKuH4lCX0Y7bQEp/","privKey":"0GJt0e2Yi01/5Nqquu3YjHU0FQYBNy1HMRzViiu7UkQ="},"lastRemoteEphemeralKey":"BcW4/iBBjez4Nc1y85zL4RjsP2EKARV1sbe2mB7PjKw1","previousCounter":0,"rootKey":"5Afx9WnJ33EDDCyzhgk8rP8Ww6f7kJO9YEfQaQRnI1c="},"indexInfo":{"baseKey":"BWKusr+4mqRWhcqeY8/Jg0jdI07zeF2DLqigtpOIzBxQ","baseKeyType":1,"closed":1742840812218,"used":1742840799492,"created":1742840799492,"remoteIdentityKey":"BRvBLurSk+KvYZrRJ9aaPAUM2v94/M7Iw3qFGZuW+X00"},"_chains":{"Bfmi8joNe3BdW6elP0yWVDH9osQYCKuH4lCX0Y7bQEp/":{"chainKey":{"counter":0,"key":"kH2FNvR/V4b9NdAAVaQfsJvnorQMDrDkr/TehRgDubk="},"chainType":1,"messageKeys":{}}},"pendingPreKey":{"signedKeyId":12,"baseKey":"BWKusr+4mqRWhcqeY8/Jg0jdI07zeF2DLqigtpOIzBxQ","preKeyId":8021694}},"BbpUzYBSeQ4MxbW09zH9Gwh8VLa+aVOOsQLwVCIg6vQB":{"registrationId":719249597,"currentRatchet":{"ephemeralKeyPair":{"pubKey":"BbyKd961vQYV8/BOHZDn6o1X4Zb4CC5P+tpblpn4zrci","privKey":"0P8RuQqtVX5rnSboAwfRrbKlqJSs6iNIOyRLe6+yilA="},"lastRemoteEphemeralKey":"BcW4/iBBjez4Nc1y85zL4RjsP2EKARV1sbe2mB7PjKw1","previousCounter":0,"rootKey":"YnwR/WnYFxBQIIm+E+QCtn/LhFIPeVFPclUBUwZ3lOw="},"indexInfo":{"baseKey":"BbpUzYBSeQ4MxbW09zH9Gwh8VLa+aVOOsQLwVCIg6vQB","baseKeyType":1,"closed":-1,"used":1742840811423,"created":1742840811423,"remoteIdentityKey":"BRvBLurSk+KvYZrRJ9aaPAUM2v94/M7Iw3qFGZuW+X00"},"_chains":{"BbyKd961vQYV8/BOHZDn6o1X4Zb4CC5P+tpblpn4zrci":{"chainKey":{"counter":1,"key":"BWCGutt6LdjT3B5GNOll5eFBrb8IpkfcdsbNLVuKzH4="},"chainType":1,"messageKeys":{}}},"pendingPreKey":{"signedKeyId":12,"baseKey":"BbpUzYBSeQ4MxbW09zH9Gwh8VLa+aVOOsQLwVCIg6vQB","preKeyId":8022299}}},"version":"v1"}