{"_sessions":{"BeD7gkXb88nZ7l2miK2eyWtt4sGX+pb7GfKO0eEUqsZq":{"registrationId":601125300,"currentRatchet":{"ephemeralKeyPair":{"pubKey":"BWgur2Zayj/MywdLzHGv2Dx2dEaCugmp/d5wa29PIGdK","privKey":"YAih9TYtI1x/tWGQSv49JsETKAZbB7t6Y+aOJi1BVlE="},"lastRemoteEphemeralKey":"BXd+ksfKkVX8FxgwuK3Kit20eqaExDtOiAPPTCHto+00","previousCounter":0,"rootKey":"x7cy8lH3HI+MvB5raw1pKzWWeIC3cG1nIuaCasubfGQ="},"indexInfo":{"baseKey":"BeD7gkXb88nZ7l2miK2eyWtt4sGX+pb7GfKO0eEUqsZq","baseKeyType":1,"closed":1742840854665,"used":1742840851982,"created":1742840851982,"remoteIdentityKey":"Ba4IIDG57jPCLPjnn4JPYdc5VvIPODrwxGZ/RaoSstVM"},"_chains":{"BWgur2Zayj/MywdLzHGv2Dx2dEaCugmp/d5wa29PIGdK":{"chainKey":{"counter":0,"key":"tNNmRZpa/rEv0jMLmL8ysc64PwxiJRBSM9QIksZmXiA="},"chainType":1,"messageKeys":{}}},"pendingPreKey":{"signedKeyId":3,"baseKey":"BeD7gkXb88nZ7l2miK2eyWtt4sGX+pb7GfKO0eEUqsZq"}},"BUbQVDATpmvukVZHr+8/BnIyP4OtODG0JJpHsMO7y4wC":{"registrationId":601125300,"currentRatchet":{"ephemeralKeyPair":{"pubKey":"BXPQUx0J3jbRPLVqpf4+12QNW8OyldkBuR3cHgUNvIwJ","privKey":"qAdPQ/23YelZHtlKJGsdh/pbU0rnSLIv1moBUYipyUw="},"lastRemoteEphemeralKey":"BXd+ksfKkVX8FxgwuK3Kit20eqaExDtOiAPPTCHto+00","previousCounter":0,"rootKey":"3LoGaNlmR1XCVNw4clyMU+YoCMjHDgRCMBqGyBtjhlM="},"indexInfo":{"baseKey":"BUbQVDATpmvukVZHr+8/BnIyP4OtODG0JJpHsMO7y4wC","baseKeyType":1,"closed":-1,"used":1742840854506,"created":1742840854506,"remoteIdentityKey":"Ba4IIDG57jPCLPjnn4JPYdc5VvIPODrwxGZ/RaoSstVM"},"_chains":{"BXPQUx0J3jbRPLVqpf4+12QNW8OyldkBuR3cHgUNvIwJ":{"chainKey":{"counter":2,"key":"sWO2pQQjMzXJ/8+qNUDvJqcBewJGmav+iCDAMOYyPBU="},"chainType":1,"messageKeys":{}}},"pendingPreKey":{"signedKeyId":3,"baseKey":"BUbQVDATpmvukVZHr+8/BnIyP4OtODG0JJpHsMO7y4wC"}}},"version":"v1"}