{"_sessions":{"BYeV9t4rLOHjZ1ZJy61FE4qMCPXi+llEMXolfi5w4RgD":{"registrationId":965108463,"currentRatchet":{"ephemeralKeyPair":{"pubKey":"BQ/n2afV+XVbskmO/Z+58MnLwnwAdYusNgn3U3dp8jUv","privKey":"aPFVRZ8i6ol0H1Fb+xUT6lkahjLd8u0XPWk+6rI3JV8="},"lastRemoteEphemeralKey":"BXs16pxhDhYcDX0gX/9N387ebbXnCzxpqkgY71w7X59q","previousCounter":0,"rootKey":"iKQEhAMdZAAL8ynPPwxFRmk3kUnu2NrR+H2JFJm5p9Y="},"indexInfo":{"baseKey":"BYeV9t4rLOHjZ1ZJy61FE4qMCPXi+llEMXolfi5w4RgD","baseKeyType":1,"closed":-1,"used":1742840851947,"created":1742840851947,"remoteIdentityKey":"BXPwizwJUhZx8A4rmEH4axvjE/MJbuL6vdHnFGzlMvgi"},"_chains":{"BQ/n2afV+XVbskmO/Z+58MnLwnwAdYusNgn3U3dp8jUv":{"chainKey":{"counter":0,"key":"Dfh35U84Iq+83h9fyVA+G7mLG8fLTaken8rPFlptdcM="},"chainType":1,"messageKeys":{}}},"pendingPreKey":{"signedKeyId":2,"baseKey":"BYeV9t4rLOHjZ1ZJy61FE4qMCPXi+llEMXolfi5w4RgD","preKeyId":14191466}}},"version":"v1"}