{"_sessions":{"BeGddEVH0cinKjsSPDi/+JOEDdn1UWhSjtWbfgTacBFV":{"registrationId":889423856,"currentRatchet":{"ephemeralKeyPair":{"pubKey":"BSdfs9o1nOjc73qd+hyRQByDygr+dk5Np/pGixVSpGpH","privKey":"EPNRJ50gopph5j9w58b7Uhh1Lr5Igd1p/BfpkP0TpHI="},"lastRemoteEphemeralKey":"BXg7pdVM/uT37e8eGwtTQkmFPzrWKwF4lZSlS5UOJ8tY","previousCounter":0,"rootKey":"pFtCw2cVPaXCDTWO9rrgaHdaCalwq/PuxvnVnr1xayE="},"indexInfo":{"baseKey":"BeGddEVH0cinKjsSPDi/+JOEDdn1UWhSjtWbfgTacBFV","baseKeyType":1,"closed":1742840809795,"used":1742840797774,"created":1742840797774,"remoteIdentityKey":"Bdi4iGDp13QmF+ZyCFaJG4uvhve4DWCY28Vyf4L5/AE4"},"_chains":{"BSdfs9o1nOjc73qd+hyRQByDygr+dk5Np/pGixVSpGpH":{"chainKey":{"counter":0,"key":"dM9tNJm1o5U2SdLs6XCjJm/iqY0B83Qg1cw+aWV+OuQ="},"chainType":1,"messageKeys":{}}},"pendingPreKey":{"signedKeyId":9,"baseKey":"BeGddEVH0cinKjsSPDi/+JOEDdn1UWhSjtWbfgTacBFV","preKeyId":15934282}},"BRB9e5pzi86PqA7+mO99AMDBPwvtxUyoX6h8UWCOhiRn":{"registrationId":889423856,"currentRatchet":{"ephemeralKeyPair":{"pubKey":"BSXB2w/rnbR7Qp/tg8cZOlNx0/GubyiNwljx7HMu+8Qt","privKey":"+Ej3o2O+wwqLePanHl/LnP4tv7lsdnXIHmzHDyTDm38="},"lastRemoteEphemeralKey":"BXg7pdVM/uT37e8eGwtTQkmFPzrWKwF4lZSlS5UOJ8tY","previousCounter":0,"rootKey":"AOh1Ba4BndyGuP4ukcyv+CFvfwjxGhCUPCsBvTAcQ/g="},"indexInfo":{"baseKey":"BRB9e5pzi86PqA7+mO99AMDBPwvtxUyoX6h8UWCOhiRn","baseKeyType":1,"closed":-1,"used":1742840808821,"created":1742840808821,"remoteIdentityKey":"Bdi4iGDp13QmF+ZyCFaJG4uvhve4DWCY28Vyf4L5/AE4"},"_chains":{"BSXB2w/rnbR7Qp/tg8cZOlNx0/GubyiNwljx7HMu+8Qt":{"chainKey":{"counter":1,"key":"0UNcaLtnXChFOX2kfp2YY3UXS+YK8d9WOa5p+Up/DTg="},"chainType":1,"messageKeys":{}}},"pendingPreKey":{"signedKeyId":9,"baseKey":"BRB9e5pzi86PqA7+mO99AMDBPwvtxUyoX6h8UWCOhiRn","preKeyId":15933542}}},"version":"v1"}