{"_sessions":{"Bb7p6YVdp17nCrDfFKETZUhaKH5JYAPwMcwjfKNxtFQk":{"registrationId":2123935600,"currentRatchet":{"ephemeralKeyPair":{"pubKey":"BdEt1NiHppusBinCpAN+DqCMUuxgmGHBVOt3/rdqcxI2","privKey":"AJqT14JgeSpsQcsebiJA8jUDkb48zqfzuY8/E0N+3kk="},"lastRemoteEphemeralKey":"BYuavXqb8rkW5nJVN1laIEO74wGFSM/+mCVvkdYrNdxf","previousCounter":0,"rootKey":"Cz7cLCgRj30JcDTFyvMFef0y0+erfmf2PoVoQ2MFCzU="},"indexInfo":{"baseKey":"Bb7p6YVdp17nCrDfFKETZUhaKH5JYAPwMcwjfKNxtFQk","baseKeyType":1,"closed":-1,"used":1742840828016,"created":1742840828016,"remoteIdentityKey":"Bca1N4+eGOLcwclCmaGoLTXfKKs5d/m/hNt5w85EN4I5"},"_chains":{"BdEt1NiHppusBinCpAN+DqCMUuxgmGHBVOt3/rdqcxI2":{"chainKey":{"counter":2,"key":"AsSqN/Z6l0Vy/hiMw0Fp+IUywHpBQKFIEVooOP+ZRUU="},"chainType":1,"messageKeys":{}}},"pendingPreKey":{"signedKeyId":1,"baseKey":"Bb7p6YVdp17nCrDfFKETZUhaKH5JYAPwMcwjfKNxtFQk","preKeyId":63340}}},"version":"v1"}