{"_sessions":{"BUBX5pOMnc43l7mdxaCEegIK3C7KlZEQWksCnfWb+eg2":{"registrationId":1215373311,"currentRatchet":{"ephemeralKeyPair":{"pubKey":"BQSoYO3TJZDizxQRUAAa1/fjzDvTeCCAPqxSa9fLuEEL","privKey":"UGZ9Uwor/1lAGKgKTh8ZMg3mQfCDWuQb/wDayJko5VI="},"lastRemoteEphemeralKey":"BZdue9oP3vAr+A2BBgdmWw9Cu4zug0smUhwUl6P95u4X","previousCounter":0,"rootKey":"/pPTzYDwGoADTZzEbekWPz0/fpbBCkrvK0ZhFWYJL1c="},"indexInfo":{"baseKey":"BUBX5pOMnc43l7mdxaCEegIK3C7KlZEQWksCnfWb+eg2","baseKeyType":1,"closed":-1,"used":1742840825900,"created":1742840825900,"remoteIdentityKey":"BV4Qt8nymC6kNze/BVUvojYYvBceeXecoYZOS9XUe0B5"},"_chains":{"BQSoYO3TJZDizxQRUAAa1/fjzDvTeCCAPqxSa9fLuEEL":{"chainKey":{"counter":0,"key":"utJzYfdrvu3XiCaPCM2HC211DrQ73k59I6d7LnsAOYY="},"chainType":1,"messageKeys":{}}},"pendingPreKey":{"signedKeyId":4,"baseKey":"BUBX5pOMnc43l7mdxaCEegIK3C7KlZEQWksCnfWb+eg2","preKeyId":11012654}}},"version":"v1"}