{"_sessions":{"BWB0mSIbXlPwpo535vKZr2ExB3+SCOaueTFiXwVP+w86":{"registrationId":1502545706,"currentRatchet":{"ephemeralKeyPair":{"pubKey":"BbjbSR6EwEq6xEq1taWIgAMKQuc+DTUiKviumLD42CgA","privKey":"KK0DcKNZWOrN3u5IvNq5QC0sHyEHu6oMqPQkfSdhsH4="},"lastRemoteEphemeralKey":"BSYy9LUIx59fpNhTVpEMTcACNgDuE0HBR2AH3gr6hl4P","previousCounter":0,"rootKey":"xLZUihV8xrI1ZrcZO6zN/T/9EpZWdbJKpmNYS1rrN6c="},"indexInfo":{"baseKey":"BWB0mSIbXlPwpo535vKZr2ExB3+SCOaueTFiXwVP+w86","baseKeyType":1,"closed":-1,"used":1742840827684,"created":1742840827684,"remoteIdentityKey":"Bfhm6UVmPjMeaYq+ciKZ+2OzUkh0dCGo6PnhyDFTj9ZS"},"_chains":{"BbjbSR6EwEq6xEq1taWIgAMKQuc+DTUiKviumLD42CgA":{"chainKey":{"counter":0,"key":"y8NFOI3hhjc9jkk0H3fQwoz9j169wtvNN+MuVFNmOSs="},"chainType":1,"messageKeys":{}}},"pendingPreKey":{"signedKeyId":3,"baseKey":"BWB0mSIbXlPwpo535vKZr2ExB3+SCOaueTFiXwVP+w86","preKeyId":7468313}}},"version":"v1"}