{"_sessions":{"BYbAzfEaUlIDzF9/V/cxpczHlov77EPxWQD/sYLEHZdS":{"registrationId":1253275079,"currentRatchet":{"ephemeralKeyPair":{"pubKey":"BZeSnVZJpaaLgPcKfMxmjSwwAgk25Yd1PVDEh/SYMFlu","privKey":"OPXFIPjRRV0ldoSJ15HCqFKvBfik/K9grYqXksnZiEE="},"lastRemoteEphemeralKey":"BYcjIG/YpFSsehlCqWNbPh2bZHJPkI38kgRz4zbPCpBt","previousCounter":0,"rootKey":"sIa30/IZHv7wZ7IXHjMARrezJ7XSvbzYU5h+ipoK5Gs="},"indexInfo":{"baseKey":"BYbAzfEaUlIDzF9/V/cxpczHlov77EPxWQD/sYLEHZdS","baseKeyType":1,"closed":-1,"used":1742840852090,"created":1742840852090,"remoteIdentityKey":"Bbtn4Sv8oubV+Y8GIr9THP5neIWsN09nAMJENM85dDlo"},"_chains":{"BZeSnVZJpaaLgPcKfMxmjSwwAgk25Yd1PVDEh/SYMFlu":{"chainKey":{"counter":0,"key":"xKy/zLjLuPD0tk4cPjcBBWxV0Z0XgYnBJ8oD8NraW74="},"chainType":1,"messageKeys":{}}},"pendingPreKey":{"signedKeyId":995880,"baseKey":"BYbAzfEaUlIDzF9/V/cxpczHlov77EPxWQD/sYLEHZdS","preKeyId":1037}}},"version":"v1"}