{"_sessions":{"BQQjGuLli5HvtftMB3EKGDdJ+g/1PuLGCghs1K4NB2Qt":{"registrationId":1208,"currentRatchet":{"ephemeralKeyPair":{"pubKey":"BRHdded3yMNrJhRN8Ot3RK9Z8mY2AqPBJjHc4IvzOSYZ","privKey":"UMkfkQhhtCWm6MIuhuNNLCDZ4bdX/eznI6MvIlWad2w="},"lastRemoteEphemeralKey":"Bf1dTd5KAwzF7n5SetoBbWnbaRTCMmFx5OfPq6jHVPoK","previousCounter":0,"rootKey":"IdpB7sRz+V3kYuw+PK54CxliPjLddh2utKi+WUTYY6E="},"indexInfo":{"baseKey":"BQQjGuLli5HvtftMB3EKGDdJ+g/1PuLGCghs1K4NB2Qt","baseKeyType":1,"closed":-1,"used":1742842541273,"created":1742842541273,"remoteIdentityKey":"Ba8HkxUhyb/nYod2mkOmmhSTzUaJGa1NqpeaO+9/JCFi"},"_chains":{"BRHdded3yMNrJhRN8Ot3RK9Z8mY2AqPBJjHc4IvzOSYZ":{"chainKey":{"counter":0,"key":"spDQl+wcfvTU0tIk85RheBGjBrD1i8Hqn+a5+gLJLvY="},"chainType":1,"messageKeys":{}}},"pendingPreKey":{"signedKeyId":1,"baseKey":"BQQjGuLli5HvtftMB3EKGDdJ+g/1PuLGCghs1K4NB2Qt"}}},"version":"v1"}