{"_sessions":{"BSU9WkImpVZwEUGqYak2SNB4E0NIUUFatFwQ5D9+BR9b":{"registrationId":180498831,"currentRatchet":{"ephemeralKeyPair":{"pubKey":"BXoYMMc+LFglnW4tPzD+Syk3SErVKHlrbPDWT8Kn1ZMr","privKey":"uD5V8FEssRNUYovoSHs+T3FwOJWAoLblkOue3+06Wlw="},"lastRemoteEphemeralKey":"Bbu6rVRbfLZiAGtz7adM2PxsPDS4ycW4hbByqujiBXQ9","previousCounter":0,"rootKey":"z32z1DMUwzaccuFOSSQSG3/5xAPqQ7t0rE0G3gUu72A="},"indexInfo":{"baseKey":"BSU9WkImpVZwEUGqYak2SNB4E0NIUUFatFwQ5D9+BR9b","baseKeyType":1,"closed":-1,"used":1742840825639,"created":1742840825639,"remoteIdentityKey":"BR0Alc9REZ7Zfp99zv7WG9OtoD6wlQk7X3NCd6PZTJIN"},"_chains":{"BXoYMMc+LFglnW4tPzD+Syk3SErVKHlrbPDWT8Kn1ZMr":{"chainKey":{"counter":4,"key":"s8tnI2bSgBw1j8VJ34dPiAn6vVSWm7qN7ojIThpwYos="},"chainType":1,"messageKeys":{}}},"pendingPreKey":{"signedKeyId":12565317,"baseKey":"BSU9WkImpVZwEUGqYak2SNB4E0NIUUFatFwQ5D9+BR9b","preKeyId":26899}}},"version":"v1"}