{"_sessions":{"BR5AZSGmn5oJ7FBZcnwaAIKWivfIkmB92eQ0htcoGIRV":{"registrationId":1179281852,"currentRatchet":{"ephemeralKeyPair":{"pubKey":"BTX6IzkSd/3DQ35SVkWLpjhClUQrCJvYHCLAuMw7rZU+","privKey":"2B7v3owLQEfSItcxgenAOsiJK2o9k1COlAvUbuyholo="},"lastRemoteEphemeralKey":"BXgXahAY8srMyMs011BaMLu0uhN6lS7g+YAjAr7WVqFH","previousCounter":0,"rootKey":"FUUA5n4reT7RbRY5QToIjNRKjXACcErZJOqH327i5qY="},"indexInfo":{"baseKey":"BR5AZSGmn5oJ7FBZcnwaAIKWivfIkmB92eQ0htcoGIRV","baseKeyType":1,"closed":-1,"used":1742842583554,"created":1742842583554,"remoteIdentityKey":"BUnMZkrnHBqWiFKFERYR5zpeNfFl1Mf52BL6uaiJgHc8"},"_chains":{"BTX6IzkSd/3DQ35SVkWLpjhClUQrCJvYHCLAuMw7rZU+":{"chainKey":{"counter":0,"key":"KaLkCPsiBYy384iUvmfAmsDG++2Qxt/ZkFTwH4vk3UE="},"chainType":1,"messageKeys":{}}},"pendingPreKey":{"signedKeyId":19,"baseKey":"BR5AZSGmn5oJ7FBZcnwaAIKWivfIkmB92eQ0htcoGIRV"}}},"version":"v1"}