{"_sessions":{"BW60Sf3HfysW9EGady8mKCFPOZ6OI4rcnBSGLZnzlsRX":{"registrationId":58834088,"currentRatchet":{"ephemeralKeyPair":{"pubKey":"BYmYc2hv9gJTb0lWLrdSpZTLCvFl6uQcNgYAABnM3IZU","privKey":"qJcoOEGZ/a6h8K8+UW7T5RLNvK5PxDT8tp76F3ARmFM="},"lastRemoteEphemeralKey":"BWfpTgDSAscypHLFSW+JpLZAZ/+uRfB0VtYUs1Ag6vx9","previousCounter":0,"rootKey":"MdZ/Ch2qkMfwB5Q6hRPgeRcCKlk4WenqKCITIIqT2BU="},"indexInfo":{"baseKey":"BW60Sf3HfysW9EGady8mKCFPOZ6OI4rcnBSGLZnzlsRX","baseKeyType":1,"closed":-1,"used":1742840828222,"created":1742840828222,"remoteIdentityKey":"BRmcJu8Xe/715vF0b99lNQwQZOanIRHhJawF5VxBQ9Fv"},"_chains":{"BYmYc2hv9gJTb0lWLrdSpZTLCvFl6uQcNgYAABnM3IZU":{"chainKey":{"counter":3,"key":"CumJYlB9LXg6szUai/va5i2CaGB0Dfo4XlWHiQjD9g4="},"chainType":1,"messageKeys":{}}},"pendingPreKey":{"signedKeyId":9,"baseKey":"BW60Sf3HfysW9EGady8mKCFPOZ6OI4rcnBSGLZnzlsRX","preKeyId":3580256}}},"version":"v1"}