{"_sessions":{"BdBTaaWeHBKnyu9p/4N8PWaxnj71JVr49t8dQURZF71P":{"registrationId":148413958,"currentRatchet":{"ephemeralKeyPair":{"pubKey":"BZ7DpCLehGLWOxEkqq4CPTjBRHY523HF0X0UP4dlkB1V","privKey":"IB4l8jevnPEV4GZSPEjv5F20WiaRcU7TLmPR+hPYBG8="},"lastRemoteEphemeralKey":"BU+jm1BbWTNKuaJqgn0wY5uPHttIcYzyciD2UahNb7Mo","previousCounter":0,"rootKey":"xAXX0kLs7OJreu91r1bC5BkElB4tOKToXyxnXPylWO4="},"indexInfo":{"baseKey":"BdBTaaWeHBKnyu9p/4N8PWaxnj71JVr49t8dQURZF71P","baseKeyType":2,"closed":1742840828623,"used":1742840795097,"created":1742840795097,"remoteIdentityKey":"BVqVwAIWdKhbFdj5MTn75m+KAIRCBcfnKPB8RASHzCkV"},"_chains":{"BU+jm1BbWTNKuaJqgn0wY5uPHttIcYzyciD2UahNb7Mo":{"chainKey":{"counter":0,"key":"VgSDiF4KxLlj5Ub+z7Gxb9P/S5AcbTTThfyEuEzurao="},"chainType":2,"messageKeys":{}},"BZ7DpCLehGLWOxEkqq4CPTjBRHY523HF0X0UP4dlkB1V":{"chainKey":{"counter":-1,"key":"9paST5Uf0NeGh0aKK/Bkc9EKT5q6AymOBrDS/AVIyk4="},"chainType":1,"messageKeys":{}}}},"BSlejPGJLZoCjsXt1ma7BPE+l2/5kIMs69E9S/S9UHUA":{"registrationId":148413958,"currentRatchet":{"ephemeralKeyPair":{"pubKey":"BWdiIcEYXurM+B6qHk55nWwEU8carYlc/hfhzolThxZN","privKey":"kKAsS6+cX3okqU2XpPOAD/6Zt1Bz0GgcWwDSjNlqZ3k="},"lastRemoteEphemeralKey":"BTbpIEX/G76goKTrqPNtf4cJR1Gil/oPs+gkKcfSWwAr","previousCounter":0,"rootKey":"G78rwuzjvZI5U9TN905jjau3xA2gcDbkLZaHkdfxOwo="},"indexInfo":{"baseKey":"BSlejPGJLZoCjsXt1ma7BPE+l2/5kIMs69E9S/S9UHUA","baseKeyType":1,"closed":-1,"used":1742840828408,"created":1742840828408,"remoteIdentityKey":"BVqVwAIWdKhbFdj5MTn75m+KAIRCBcfnKPB8RASHzCkV"},"_chains":{"BWdiIcEYXurM+B6qHk55nWwEU8carYlc/hfhzolThxZN":{"chainKey":{"counter":6,"key":"9hqAhMqrzTaXxopxMoWnlYeiop0MIPwTDC4koNxMEt8="},"chainType":1,"messageKeys":{}}},"pendingPreKey":{"signedKeyId":10115179,"baseKey":"BSlejPGJLZoCjsXt1ma7BPE+l2/5kIMs69E9S/S9UHUA","preKeyId":3497}}},"version":"v1"}