{"_sessions":{"BbJ+AGox/BxXjx2vwGnrJFD2bGULY4Rdyza1hLKdB5RM":{"registrationId":205538474,"currentRatchet":{"ephemeralKeyPair":{"pubKey":"BeHts46uAy/CXJxuOG1ARNWfxQKIfegK2TTZt7CuH91v","privKey":"CEOvBqJaZbojuSIUFHSAmuARXXnMYohUgiwq1MOXDmE="},"lastRemoteEphemeralKey":"BTNu9K2xhutrIUEwGTo/Ks8fSbFpbF+p3w4JhrbdcQNL","previousCounter":0,"rootKey":"QjdwuZK3HKHt6yLxBMCcMJic4fTXfBT9cbrRS+fyCPg="},"indexInfo":{"baseKey":"BbJ+AGox/BxXjx2vwGnrJFD2bGULY4Rdyza1hLKdB5RM","baseKeyType":1,"closed":1742840812401,"used":1742840799654,"created":1742840799654,"remoteIdentityKey":"BTOK7l/2teGN5p0QOVCkwuA2qYxSsXyz5Ix/XrO772Bf"},"_chains":{"BeHts46uAy/CXJxuOG1ARNWfxQKIfegK2TTZt7CuH91v":{"chainKey":{"counter":0,"key":"OVIP1t12Vdm10otR58SVPTI+2ot8ATzX/5jcs8N2tv0="},"chainType":1,"messageKeys":{}}},"pendingPreKey":{"signedKeyId":10,"baseKey":"BbJ+AGox/BxXjx2vwGnrJFD2bGULY4Rdyza1hLKdB5RM","preKeyId":6877525}},"BUJRgTLHfd0UQ6Ft1xkddjPkIhcaa+q14kKzyyGf6wgg":{"registrationId":205538474,"currentRatchet":{"ephemeralKeyPair":{"pubKey":"BSS38o2mB+uP1zCdRXKLuLGjCcIr7ZuhxjXLncwfsawL","privKey":"8JL4m+K9bDtSykTed4FDp/K30Jm4B/XBHuMjlSFPfmI="},"lastRemoteEphemeralKey":"BTNu9K2xhutrIUEwGTo/Ks8fSbFpbF+p3w4JhrbdcQNL","previousCounter":0,"rootKey":"kDPulmHzy7RQkEmnlFCwsSd6PDU/r0UFUJ8FVMfg9LM="},"indexInfo":{"baseKey":"BUJRgTLHfd0UQ6Ft1xkddjPkIhcaa+q14kKzyyGf6wgg","baseKeyType":1,"closed":1742840830999,"used":1742840811586,"created":1742840811586,"remoteIdentityKey":"BTOK7l/2teGN5p0QOVCkwuA2qYxSsXyz5Ix/XrO772Bf"},"_chains":{"BSS38o2mB+uP1zCdRXKLuLGjCcIr7ZuhxjXLncwfsawL":{"chainKey":{"counter":0,"key":"Xl06U9BRPtlNfaH9xIXd9/VJ+6G4Zi0vtDp9Nmkf2/0="},"chainType":1,"messageKeys":{}}},"pendingPreKey":{"signedKeyId":10,"baseKey":"BUJRgTLHfd0UQ6Ft1xkddjPkIhcaa+q14kKzyyGf6wgg","preKeyId":6877521}},"BWIzQV6tK9Ie3bsf3gkdMtw8N1XP/kaLkz2U8sfG0dBd":{"registrationId":205538474,"currentRatchet":{"ephemeralKeyPair":{"pubKey":"BVDNAK9QTAZknEzG1/epANEWcKvsZyoo/nawo+gMUzZj","privKey":"qApuhj85sT+3Ia1S8t8S9I3zAgLZSjGlrVWa/FIVJH4="},"lastRemoteEphemeralKey":"BTNu9K2xhutrIUEwGTo/Ks8fSbFpbF+p3w4JhrbdcQNL","previousCounter":0,"rootKey":"8qE60mUMUrOesoTbmp7S/COZuAlkcTqYPH3SHysB7ME="},"indexInfo":{"baseKey":"BWIzQV6tK9Ie3bsf3gkdMtw8N1XP/kaLkz2U8sfG0dBd","baseKeyType":1,"closed":-1,"used":1742840830229,"created":1742840830229,"remoteIdentityKey":"BTOK7l/2teGN5p0QOVCkwuA2qYxSsXyz5Ix/XrO772Bf"},"_chains":{"BVDNAK9QTAZknEzG1/epANEWcKvsZyoo/nawo+gMUzZj":{"chainKey":{"counter":1,"key":"6i0vl7J/V1p0WtOl7gCXaw9RfO6AQ8o/2P1zVgFk2n0="},"chainType":1,"messageKeys":{}}},"pendingPreKey":{"signedKeyId":10,"baseKey":"BWIzQV6tK9Ie3bsf3gkdMtw8N1XP/kaLkz2U8sfG0dBd","preKeyId":6877548}}},"version":"v1"}