{"_sessions":{"BT5q/mIOB+Bj/qUL3GPaFiJpkQSznLZGHWEdfAOvqqhP":{"registrationId":1696375619,"currentRatchet":{"ephemeralKeyPair":{"pubKey":"BSUYr1vrw57RvzCwvEEu1eebFA9xNdWOpk4iOxECzvkp","privKey":"UAvJLSgqsvh7mtn0GeltCEmCy7FHM4AV618KUByF3FU="},"lastRemoteEphemeralKey":"BcN3qB4pfJzvAN6Ez0zmn6ZWmsx3mdWEOzYDf4Hl3Z1+","previousCounter":0,"rootKey":"w8yieJk1c4VB8dDxxFCEOfqXFi87Zojbe0ykSTMO3tU="},"indexInfo":{"baseKey":"BT5q/mIOB+Bj/qUL3GPaFiJpkQSznLZGHWEdfAOvqqhP","baseKeyType":1,"closed":-1,"used":1742840825380,"created":1742840825380,"remoteIdentityKey":"Bc2SbuUH1eXVZmqJIu6lQ0PHxrqm1oSlabdJxtuNDeFy"},"_chains":{"BSUYr1vrw57RvzCwvEEu1eebFA9xNdWOpk4iOxECzvkp":{"chainKey":{"counter":2,"key":"4i4O6dZDweuByfhyAETl4aOj4pYnSx8M2yXE5bbNT4w="},"chainType":1,"messageKeys":{}}},"pendingPreKey":{"signedKeyId":2189550,"baseKey":"BT5q/mIOB+Bj/qUL3GPaFiJpkQSznLZGHWEdfAOvqqhP","preKeyId":2253}}},"version":"v1"}