{"_sessions":{"BY9p9QS4MYHdPMO1Lf23hk6wy4svqPQPHPKntMNTYylq":{"registrationId":525026666,"currentRatchet":{"ephemeralKeyPair":{"pubKey":"BcDmM0kAtMQltSC514Qw8Zk72lvmQRvA8kvXoRPUOGYf","privKey":"GA0ZoWYAPiZ6l6gmYBLRmvzyOSy0kqx2YlCXKaE9V3Y="},"lastRemoteEphemeralKey":"BUF66eWic91fI8DnN7QSJwBCCPpcB16kT2Jn3f+Mqitw","previousCounter":0,"rootKey":"jFJnOpEuQUnpc24St9qr2HV63EnvMkFvS6tGJXSfimA="},"indexInfo":{"baseKey":"BY9p9QS4MYHdPMO1Lf23hk6wy4svqPQPHPKntMNTYylq","baseKeyType":1,"closed":-1,"used":1742840825843,"created":1742840825843,"remoteIdentityKey":"BUTYl9O3CLkTR/yyuqwqAIaSEvIKQfj7QtLakH1rRDwy"},"_chains":{"BcDmM0kAtMQltSC514Qw8Zk72lvmQRvA8kvXoRPUOGYf":{"chainKey":{"counter":8,"key":"N18rf4JqdOO+9zCLvNDfKQWwDpNwE4zsa06btbHMUiE="},"chainType":1,"messageKeys":{}}},"pendingPreKey":{"signedKeyId":1,"baseKey":"BY9p9QS4MYHdPMO1Lf23hk6wy4svqPQPHPKntMNTYylq","preKeyId":13771252}}},"version":"v1"}