{"_sessions":{"BVTejXGhG0i2dSpa3rG0AdHxKrMuCODQgI5VpXJAnDVa":{"registrationId":539082435,"currentRatchet":{"ephemeralKeyPair":{"pubKey":"BT+zfS4jQyF+0Z4k2i89XoXjyYYcSX7MD9rv4bmKsGBy","privKey":"gH32aIANpggHoQq2m+qd1AsjHO3F8qcE/2GqEsb5Flg="},"lastRemoteEphemeralKey":"BVltiGrEAPYkT802RTfH7r7ij5tN60V2jCB3qmpUOgV+","previousCounter":0,"rootKey":"LnofqCeJJRVH2RkiVGm08Vig2n5OKx3pB1pQLWUMrTg="},"indexInfo":{"baseKey":"BVTejXGhG0i2dSpa3rG0AdHxKrMuCODQgI5VpXJAnDVa","baseKeyType":1,"closed":-1,"used":1742840828203,"created":1742840828203,"remoteIdentityKey":"BXUeAGyONw9xTgXaBRldDZxfUbbDF5o7xiLkorBpzhdi"},"_chains":{"BT+zfS4jQyF+0Z4k2i89XoXjyYYcSX7MD9rv4bmKsGBy":{"chainKey":{"counter":0,"key":"8KUEt0Wr77eQWTDzI78U4nOrTeN3lvEnBg5gRZrXSqU="},"chainType":1,"messageKeys":{}}},"pendingPreKey":{"signedKeyId":7,"baseKey":"BVTejXGhG0i2dSpa3rG0AdHxKrMuCODQgI5VpXJAnDVa","preKeyId":1156057}}},"version":"v1"}