{"_sessions":{"BashfVBMOtxiO4lUVt0xf7LeIJOuTsciTGQjeV9npVpb":{"registrationId":1642255552,"currentRatchet":{"ephemeralKeyPair":{"pubKey":"BY6vGgSM5guemY62KSanYnFzuZkv0E8OorM676wkhcFm","privKey":"CP22RU/eKut930nTRluoXQ1b3wZb9hS0spHVKYzKwko="},"lastRemoteEphemeralKey":"BYQr3k//gINCGHoVZ95I8EJYmBgPMT8j0aSHIPqJDOF2","previousCounter":0,"rootKey":"1XZh8iAG1g/4Uu1HWjx5uSlIGmZyURT23vJZZ4HZXug="},"indexInfo":{"baseKey":"BashfVBMOtxiO4lUVt0xf7LeIJOuTsciTGQjeV9npVpb","baseKeyType":1,"closed":-1,"used":1742840827567,"created":1742840827567,"remoteIdentityKey":"BbKFDQ5qXrA7okzlzC9xq34jr9Ge3+Ku2LG6fyrGJlUX"},"_chains":{"BY6vGgSM5guemY62KSanYnFzuZkv0E8OorM676wkhcFm":{"chainKey":{"counter":0,"key":"xvkrNRInrCRYK8i2d6G2o9neIkm+XtAIUkYeYXCE5Tk="},"chainType":1,"messageKeys":{}}},"pendingPreKey":{"signedKeyId":5,"baseKey":"BashfVBMOtxiO4lUVt0xf7LeIJOuTsciTGQjeV9npVpb","preKeyId":7367551}}},"version":"v1"}