{"_sessions":{"BcqhWS0i+iDkF/BcH9hUOKGgxzBk1jQmu0CIAIABpyA3":{"registrationId":1627709663,"currentRatchet":{"ephemeralKeyPair":{"pubKey":"Bf+cTML/NQFwhbJXvV0ZjDvcNJrErd0zQdinRJeHcaUA","privKey":"uOp8r+gvEHCNRL/0T/MXcgrKksmaL5JZoh7Djm24LUM="},"lastRemoteEphemeralKey":"BS/gLZX9ODpv1Z3668/g6DoRKa6DxGB/K6zjo3cAHyo4","previousCounter":0,"rootKey":"d3qoyWa+JvkdWQvTqIrYH25B9IjHdLQenCpl5zawS9Y="},"indexInfo":{"baseKey":"BcqhWS0i+iDkF/BcH9hUOKGgxzBk1jQmu0CIAIABpyA3","baseKeyType":1,"closed":-1,"used":1742840851895,"created":1742840851895,"remoteIdentityKey":"BUKRwCOOxZN1COtRrD3Q3Azl1NqMtlKEMX2aE8Ly/JN5"},"_chains":{"Bf+cTML/NQFwhbJXvV0ZjDvcNJrErd0zQdinRJeHcaUA":{"chainKey":{"counter":0,"key":"ykgPhNHr9TDsoQkI6TE4TMhx9uEW4v6hhuC9hmJA1l8="},"chainType":1,"messageKeys":{}}},"pendingPreKey":{"signedKeyId":17,"baseKey":"BcqhWS0i+iDkF/BcH9hUOKGgxzBk1jQmu0CIAIABpyA3"}}},"version":"v1"}