{"_sessions":{"BQE8ZWsTVTk/cLtNjgAHTFxPFjppbgrkomikaFJOhrV9":{"registrationId":1899305914,"currentRatchet":{"ephemeralKeyPair":{"pubKey":"BfDLsbWRUi7b9kp7zCQBTKl5Ffg50jxo6Lzo21PV1FUu","privKey":"8Pe9e+y2qIHHKCT4uM29JfSsWTrMLwZkq176U5uYeEg="},"lastRemoteEphemeralKey":"BeiKeYDgMLSYXlBD3a4vTBVpOQhBYOiA9JUR0xABkVpV","previousCounter":0,"rootKey":"uzWsAaXct5qhnyfqnkQMQZpcn5iSebVjNhwojhmXk4s="},"indexInfo":{"baseKey":"BQE8ZWsTVTk/cLtNjgAHTFxPFjppbgrkomikaFJOhrV9","baseKeyType":1,"closed":1742910137444,"used":1742840827896,"created":1742840827896,"remoteIdentityKey":"BRbarXUyplL9qYt0RBUhJNvh8eXOHNLAhAgDIIZyA6hU"},"_chains":{"BfDLsbWRUi7b9kp7zCQBTKl5Ffg50jxo6Lzo21PV1FUu":{"chainKey":{"counter":5,"key":"FN+t+d0CzxxTQ8KKtfPBUfSERNt1oWcq2dvRt026h3Q="},"chainType":1,"messageKeys":{}}},"pendingPreKey":{"signedKeyId":7,"baseKey":"BQE8ZWsTVTk/cLtNjgAHTFxPFjppbgrkomikaFJOhrV9","preKeyId":6006300}},"BWBDkugV1aU8KQ1t9v3NVnZ3YBwOaGxKHrYyvlfki5sE":{"registrationId":151754409,"currentRatchet":{"ephemeralKeyPair":{"pubKey":"BVCRkPczFcuqXYJQ9LeH9FzeeiDwozdeRusFFwf7ejkN","privKey":"YKgtD/xQBSnLPdrmbmfupBTW5UeGOMYIDiO7LMcP+Vw="},"lastRemoteEphemeralKey":"BfXHD1btLPM+v5FqE4Cl3bMI2BdkIocGTWtRdsySKapg","previousCounter":0,"rootKey":"tl6O8Kzl+NIAGeAk9tMWx/nfCYhVke4y7thxd/IWW5A="},"indexInfo":{"baseKey":"BWBDkugV1aU8KQ1t9v3NVnZ3YBwOaGxKHrYyvlfki5sE","baseKeyType":1,"closed":1742910138055,"used":1742910137431,"created":1742910137431,"remoteIdentityKey":"BYzcRw6/jWbo6RpgpThoTcsX6iZe8hCHsrls3F/NTJkI"},"_chains":{"BVCRkPczFcuqXYJQ9LeH9FzeeiDwozdeRusFFwf7ejkN":{"chainKey":{"counter":-1,"key":"4WwETz1DWP++NOoJD0CvKz9X4FYQi+AB1g09BkplqCY="},"chainType":1,"messageKeys":{}}},"pendingPreKey":{"signedKeyId":0,"baseKey":"BWBDkugV1aU8KQ1t9v3NVnZ3YBwOaGxKHrYyvlfki5sE","preKeyId":2275961}},"BUIurMC033lWoD6eFuS3YKyxn4AsrWSpqAnzBskcaoMf":{"registrationId":151754409,"currentRatchet":{"ephemeralKeyPair":{"pubKey":"BaK5bn7N0G3QMZTkMcx0dtGJYk0B2y0ijYVBPX4u2lkm","privKey":"cA0sOXX3D0SgbtkRdSJRBDIfDzlAsxYchhE2MS+by3M="},"lastRemoteEphemeralKey":"BfXHD1btLPM+v5FqE4Cl3bMI2BdkIocGTWtRdsySKapg","previousCounter":0,"rootKey":"EyrXZjh7Zb21d4jMcSbOGoKZEiFiDvx9ZM5shOL7B1w="},"indexInfo":{"baseKey":"BUIurMC033lWoD6eFuS3YKyxn4AsrWSpqAnzBskcaoMf","baseKeyType":1,"closed":-1,"used":1742910138043,"created":1742910138043,"remoteIdentityKey":"BYzcRw6/jWbo6RpgpThoTcsX6iZe8hCHsrls3F/NTJkI"},"_chains":{"BaK5bn7N0G3QMZTkMcx0dtGJYk0B2y0ijYVBPX4u2lkm":{"chainKey":{"counter":-1,"key":"6rSYw9iAot55ghZRUnqNdaZlkhOmHTSBezKnHc17tWY="},"chainType":1,"messageKeys":{}}},"pendingPreKey":{"signedKeyId":0,"baseKey":"BUIurMC033lWoD6eFuS3YKyxn4AsrWSpqAnzBskcaoMf","preKeyId":2275958}}},"version":"v1"}