{"_sessions":{"BSpnSKrkYQIg8kL8Hqt8ZGVzm4Rn00NTToqXQ1GUQwoh":{"registrationId":1893991388,"currentRatchet":{"ephemeralKeyPair":{"pubKey":"BcSYRlH04A4kfkmP3zPX7I5E5YJ5KDi0a68SFXoXTk4A","privKey":"UEs6kpERXsxKpPDrtqc+XlqMrQR4Wacsdc0ZWlqWJks="},"lastRemoteEphemeralKey":"Bcohx1QtMf7jhc6hix1ce1EQXtWbi42XtXIlvo2WydJ4","previousCounter":0,"rootKey":"4bPRxqFA7FBKeuKLxaRctZ4buuQxlXyj9Kj86qNmQ3U="},"indexInfo":{"baseKey":"BSpnSKrkYQIg8kL8Hqt8ZGVzm4Rn00NTToqXQ1GUQwoh","baseKeyType":1,"closed":1742840810043,"used":1742840798003,"created":1742840798003,"remoteIdentityKey":"BWfKzTEukt1qBKA2sUxr6101Tycn0Qlt1vS3pkfxgQBL"},"_chains":{"BcSYRlH04A4kfkmP3zPX7I5E5YJ5KDi0a68SFXoXTk4A":{"chainKey":{"counter":0,"key":"ikidnv8RaBzrZoD+Hn3OScOllmUKK2M2FhWkIk1UvXo="},"chainType":1,"messageKeys":{}}},"pendingPreKey":{"signedKeyId":3,"baseKey":"BSpnSKrkYQIg8kL8Hqt8ZGVzm4Rn00NTToqXQ1GUQwoh","preKeyId":14529590}},"BVwTY/CZ71eqXbpGjs1yV7P+sWDEMKU/sLSsz1vcV8R0":{"registrationId":1893991388,"currentRatchet":{"ephemeralKeyPair":{"pubKey":"BYxvWg/ur5X80ZIo6DK0cWW3HVJs6u136++Z8BQwBb9/","privKey":"GJEEHu6t0f2B8TwOGVuKHC4ra5MhYk0UrnpxTXj2e1M="},"lastRemoteEphemeralKey":"Bcohx1QtMf7jhc6hix1ce1EQXtWbi42XtXIlvo2WydJ4","previousCounter":0,"rootKey":"W+epqSISnY2Pd2CzY3EjanocuZ35D6W/vqw7cL/fusw="},"indexInfo":{"baseKey":"BVwTY/CZ71eqXbpGjs1yV7P+sWDEMKU/sLSsz1vcV8R0","baseKeyType":1,"closed":1742840828545,"used":1742840809043,"created":1742840809043,"remoteIdentityKey":"BWfKzTEukt1qBKA2sUxr6101Tycn0Qlt1vS3pkfxgQBL"},"_chains":{"BYxvWg/ur5X80ZIo6DK0cWW3HVJs6u136++Z8BQwBb9/":{"chainKey":{"counter":0,"key":"G/TIyfRSduT22KP5WKLzotj+Tom3yjG/pVY6sDeoOQg="},"chainType":1,"messageKeys":{}}},"pendingPreKey":{"signedKeyId":3,"baseKey":"BVwTY/CZ71eqXbpGjs1yV7P+sWDEMKU/sLSsz1vcV8R0","preKeyId":14529518}},"Bcz4E36yy8gqwypgh/bMgF6eL924aFZh7oxKz72j1nAJ":{"registrationId":1893991388,"currentRatchet":{"ephemeralKeyPair":{"pubKey":"BQozxMy9KVsT5c3lNYV1Mm2GTR3MDMh8yecFmP5cQe94","privKey":"wLYbvsjwB0jgSgeRlx3mdM7aPGCOHgPWYNEDFf6YykE="},"lastRemoteEphemeralKey":"Bcohx1QtMf7jhc6hix1ce1EQXtWbi42XtXIlvo2WydJ4","previousCounter":0,"rootKey":"TOt943l0MUDlcFjLtOf/qTMeHuMv9ZqVPxlZKmDiQDs="},"indexInfo":{"baseKey":"Bcz4E36yy8gqwypgh/bMgF6eL924aFZh7oxKz72j1nAJ","baseKeyType":1,"closed":-1,"used":1742840827853,"created":1742840827853,"remoteIdentityKey":"BWfKzTEukt1qBKA2sUxr6101Tycn0Qlt1vS3pkfxgQBL"},"_chains":{"BQozxMy9KVsT5c3lNYV1Mm2GTR3MDMh8yecFmP5cQe94":{"chainKey":{"counter":8,"key":"kQtXCA076BfuJmWcR3KoAgORrGokSBDMptZhEPVypWs="},"chainType":1,"messageKeys":{}}},"pendingPreKey":{"signedKeyId":3,"baseKey":"Bcz4E36yy8gqwypgh/bMgF6eL924aFZh7oxKz72j1nAJ","preKeyId":14529582}}},"version":"v1"}