{"_sessions":{"BWsqqx1q1ZDzvJXiB/fsWC7EuYH7TjXbbkaRPZN2eDpa":{"registrationId":1033616164,"currentRatchet":{"ephemeralKeyPair":{"pubKey":"BYirDnQqfuYg2P0T8pvSlYZxwjOW/wOHVz1Ey9gtOr8Z","privKey":"qBL2co6Iju488oAXBRFvVwhrSm7A4Zk0yrEmqZq7G1Y="},"lastRemoteEphemeralKey":"BZNtmXBT6+Pe4UMgMO140HLJ0lSOU2MO8PztGhgfZTp+","previousCounter":0,"rootKey":"bYkt+1O+fFzHm06h9Vwhc4zvFCsfyhWIhmUk2tpv3po="},"indexInfo":{"baseKey":"BWsqqx1q1ZDzvJXiB/fsWC7EuYH7TjXbbkaRPZN2eDpa","baseKeyType":1,"closed":1742840812382,"used":1742840799638,"created":1742840799638,"remoteIdentityKey":"BVrrXMlU5xcTI62gVs8wv/5jSncT35tkC7yTnUTLVo4S"},"_chains":{"BYirDnQqfuYg2P0T8pvSlYZxwjOW/wOHVz1Ey9gtOr8Z":{"chainKey":{"counter":0,"key":"ltNb0iZbYIC3YjWeKa/MrVdfKM9dZPX5Bsxil+2/3Ik="},"chainType":1,"messageKeys":{}}},"pendingPreKey":{"signedKeyId":2,"baseKey":"BWsqqx1q1ZDzvJXiB/fsWC7EuYH7TjXbbkaRPZN2eDpa","preKeyId":2239244}},"BQAMV3Z2Ds1SiwTHJLAX4M9kQjaDP+UB5YDtkHTO185Q":{"registrationId":1033616164,"currentRatchet":{"ephemeralKeyPair":{"pubKey":"BU+RWmQwOhplkTzN7CQ6aPMWeam0qK7fGBO937m9n4t0","privKey":"mCwThs7X8sZ+TobQnjzZxrjzthLB/1KGyzCpJjLpdGA="},"lastRemoteEphemeralKey":"BZNtmXBT6+Pe4UMgMO140HLJ0lSOU2MO8PztGhgfZTp+","previousCounter":0,"rootKey":"zhTPO2KHvd5xJK4sVAHlRhK9NSrmEaizcjyJMRTFMmc="},"indexInfo":{"baseKey":"BQAMV3Z2Ds1SiwTHJLAX4M9kQjaDP+UB5YDtkHTO185Q","baseKeyType":1,"closed":1742840830996,"used":1742840811569,"created":1742840811569,"remoteIdentityKey":"BVrrXMlU5xcTI62gVs8wv/5jSncT35tkC7yTnUTLVo4S"},"_chains":{"BU+RWmQwOhplkTzN7CQ6aPMWeam0qK7fGBO937m9n4t0":{"chainKey":{"counter":0,"key":"eqGYUE0YwTygqe1aHgH4AitDy2Lw44u0BiqZY72CEhQ="},"chainType":1,"messageKeys":{}}},"pendingPreKey":{"signedKeyId":2,"baseKey":"BQAMV3Z2Ds1SiwTHJLAX4M9kQjaDP+UB5YDtkHTO185Q","preKeyId":2238467}},"BdSBwrnVLjQ3wNeDX5Jn36yyXhMuTAGuADen740BZ/om":{"registrationId":1033616164,"currentRatchet":{"ephemeralKeyPair":{"pubKey":"BUiu6tG4PhR8RuShyNpsTc7oHDEGtdSz9/N7pWL6f7o/","privKey":"mGsqq/3OlmVZH+1njHNjv3F8pwVhc/cKQ1c5VJsXMEw="},"lastRemoteEphemeralKey":"BZNtmXBT6+Pe4UMgMO140HLJ0lSOU2MO8PztGhgfZTp+","previousCounter":0,"rootKey":"GmdJU5B1+JUL1w9xhLo3+tsmnz/xVBlaAH62WI7Pbrg="},"indexInfo":{"baseKey":"BdSBwrnVLjQ3wNeDX5Jn36yyXhMuTAGuADen740BZ/om","baseKeyType":1,"closed":-1,"used":1742840830185,"created":1742840830185,"remoteIdentityKey":"BVrrXMlU5xcTI62gVs8wv/5jSncT35tkC7yTnUTLVo4S"},"_chains":{"BUiu6tG4PhR8RuShyNpsTc7oHDEGtdSz9/N7pWL6f7o/":{"chainKey":{"counter":8,"key":"aX02543plXdA3L/Yv0QMuBKJAMXA+toALrNS7+GgqlM="},"chainType":1,"messageKeys":{}}},"pendingPreKey":{"signedKeyId":2,"baseKey":"BdSBwrnVLjQ3wNeDX5Jn36yyXhMuTAGuADen740BZ/om","preKeyId":2239232}}},"version":"v1"}