{"_sessions":{"BZveyyg66z21+ynEKRSoRP5p+bV5JGtS66LUzFZZSzhJ":{"registrationId":2127643631,"currentRatchet":{"ephemeralKeyPair":{"pubKey":"Bd9038ftsRH0SgL5v1ZI5Ymfak6jNL98Ko9adUNFgg80","privKey":"CPDtqLasKKD2v12SDHEuTzgkKxlAoVFeMUwVqiiC5XQ="},"lastRemoteEphemeralKey":"BQj/JtNZLs/f704W0kVJuk7ed8bizFDMJhV/6M8mmoQO","previousCounter":0,"rootKey":"nOvsnjDM3ns0z1OQTSTG0CHGPyNXAEl1k1yGnhHDTdI="},"indexInfo":{"baseKey":"BZveyyg66z21+ynEKRSoRP5p+bV5JGtS66LUzFZZSzhJ","baseKeyType":1,"closed":-1,"used":1742840827666,"created":1742840827666,"remoteIdentityKey":"BTXAlLj4oU76EK7jTaRs/dLlIp1uSf8dSLjThvy9Rbdc"},"_chains":{"Bd9038ftsRH0SgL5v1ZI5Ymfak6jNL98Ko9adUNFgg80":{"chainKey":{"counter":4,"key":"fakW3i7yboClSzZ8J/M6HpnkA8y5XFaU7Tfk552PU+8="},"chainType":1,"messageKeys":{}}},"pendingPreKey":{"signedKeyId":6,"baseKey":"BZveyyg66z21+ynEKRSoRP5p+bV5JGtS66LUzFZZSzhJ","preKeyId":6284691}}},"version":"v1"}