{"_sessions":{"BRMwT/x23eHox8zha82RNc4JHNZLcHaxARGMa0uWb2US":{"registrationId":1944939213,"currentRatchet":{"ephemeralKeyPair":{"pubKey":"BV/+CSajl7dB4gxQOlG0kXdwCKcIMsYByhVOvf5JgJ1y","privKey":"cD6muJ5574Uas9BtQubPa+euXEJOPHAG/+cxT0nF4Fw="},"lastRemoteEphemeralKey":"BbAX3kDbn2DlKjwqM1romoLIoDDH5YSoc1eQhOAs8/BX","previousCounter":0,"rootKey":"2F2828bky8D/mmwXi73Efv5rLHsjFIqlJnSAsSoh9wU="},"indexInfo":{"baseKey":"BRMwT/x23eHox8zha82RNc4JHNZLcHaxARGMa0uWb2US","baseKeyType":1,"closed":-1,"used":1742842583587,"created":1742842583587,"remoteIdentityKey":"BRKPKTFM3lqLs3z8LFbU9dV/5/Pj4DF4SEgPid1yrUBm"},"_chains":{"BV/+CSajl7dB4gxQOlG0kXdwCKcIMsYByhVOvf5JgJ1y":{"chainKey":{"counter":0,"key":"2R9I6Vk7y/DOWZIhcvanIlKLa+QY5CPRNuJ5oPbBfiY="},"chainType":1,"messageKeys":{}}},"pendingPreKey":{"signedKeyId":7,"baseKey":"BRMwT/x23eHox8zha82RNc4JHNZLcHaxARGMa0uWb2US","preKeyId":13905377}}},"version":"v1"}