{"_sessions":{"BavC+99ChX50eRsHliNZVzYhcFMGHBP7UH2PN55dTBJk":{"registrationId":2102549095,"currentRatchet":{"ephemeralKeyPair":{"pubKey":"BZB9wD/YCZYruFRGdVqW3HGyIbTMBigIMpwp5tenuHtb","privKey":"0NWqJ2IBEAH3SsMntDFM59hwXjfQrA4vj3y3ZwuArXo="},"lastRemoteEphemeralKey":"BVlrRma9Iu6qi5JDk0gInDwOJAdS+j7iBBf9HJ2XAdwB","previousCounter":0,"rootKey":"lS2MpMfjdMSecDPWMaswQkY9/Hn1xkRz9of3gtCeuEQ="},"indexInfo":{"baseKey":"BavC+99ChX50eRsHliNZVzYhcFMGHBP7UH2PN55dTBJk","baseKeyType":1,"closed":1742840809735,"used":1742840797720,"created":1742840797720,"remoteIdentityKey":"BYDKhOnkVRs8Y+kkPpJtIezVxUYddCzxX3Tm1zOjyuQX"},"_chains":{"BZB9wD/YCZYruFRGdVqW3HGyIbTMBigIMpwp5tenuHtb":{"chainKey":{"counter":0,"key":"NIpYk46M1fqvnu2AZc0n8NBvDyhbNg9nYHtsvs3czWY="},"chainType":1,"messageKeys":{}}},"pendingPreKey":{"signedKeyId":3548130,"baseKey":"BavC+99ChX50eRsHliNZVzYhcFMGHBP7UH2PN55dTBJk","preKeyId":5342}},"BSJGhizA83ksRTDJeQVy/SmhupmHNsaAkdkTOf2cmqNE":{"registrationId":2102549095,"currentRatchet":{"ephemeralKeyPair":{"pubKey":"BeF8lnkFCpk/bo64AExpi+YKVL2JCUcp9p+DCf2AfhsC","privKey":"4E1QOyDPHESJEzUEPhfmla1GvwyaEaUo2fsqiKTl0Ug="},"lastRemoteEphemeralKey":"BVlrRma9Iu6qi5JDk0gInDwOJAdS+j7iBBf9HJ2XAdwB","previousCounter":0,"rootKey":"PxHjmMpfp850UMUfBu1zW83BjX9Lj67ymWUNHSaURR4="},"indexInfo":{"baseKey":"BSJGhizA83ksRTDJeQVy/SmhupmHNsaAkdkTOf2cmqNE","baseKeyType":1,"closed":1742840825992,"used":1742840808769,"created":1742840808769,"remoteIdentityKey":"BYDKhOnkVRs8Y+kkPpJtIezVxUYddCzxX3Tm1zOjyuQX"},"_chains":{"BeF8lnkFCpk/bo64AExpi+YKVL2JCUcp9p+DCf2AfhsC":{"chainKey":{"counter":0,"key":"FZQ1exUVLOKe4JJu6mMN3RPKzcqAAxV8ZLxEfS1vVwM="},"chainType":1,"messageKeys":{}}},"pendingPreKey":{"signedKeyId":3548130,"baseKey":"BSJGhizA83ksRTDJeQVy/SmhupmHNsaAkdkTOf2cmqNE","preKeyId":5359}},"BbXu+0FOjs2XjKnBWnebs4SXhVzYvlp/exOWhQTAD8ce":{"registrationId":2102549095,"currentRatchet":{"ephemeralKeyPair":{"pubKey":"BRZdSXPvEXQGuK39u7lCZDjoadb74u5fQdGYlBUNSu8o","privKey":"AGo2kNbjHNZqWsoWdBpp174XS92vYJnPZIc3y+uQyms="},"lastRemoteEphemeralKey":"BVlrRma9Iu6qi5JDk0gInDwOJAdS+j7iBBf9HJ2XAdwB","previousCounter":0,"rootKey":"f2LkWLw5MrIEOurnR2Jl09FQhwEx82z+Kyr49kB3pr0="},"indexInfo":{"baseKey":"BbXu+0FOjs2XjKnBWnebs4SXhVzYvlp/exOWhQTAD8ce","baseKeyType":1,"closed":-1,"used":1742840825471,"created":1742840825471,"remoteIdentityKey":"BYDKhOnkVRs8Y+kkPpJtIezVxUYddCzxX3Tm1zOjyuQX"},"_chains":{"BRZdSXPvEXQGuK39u7lCZDjoadb74u5fQdGYlBUNSu8o":{"chainKey":{"counter":7,"key":"OQI9zj52QSfJxpN+3aj5F981ddDg8bF5YE99w+2SBro="},"chainType":1,"messageKeys":{}}},"pendingPreKey":{"signedKeyId":3548130,"baseKey":"BbXu+0FOjs2XjKnBWnebs4SXhVzYvlp/exOWhQTAD8ce","preKeyId":5212}}},"version":"v1"}