{"_sessions":{"BWRqbSoDir1JsPI0ukDVCCqA/CwavYFR1ExMGU5BN8Re":{"registrationId":925592279,"currentRatchet":{"ephemeralKeyPair":{"pubKey":"BTuAznnNxpg236ckMwxfTe6ywjQo8oa7r+YX/8F0oCp8","privKey":"AO1rDpx8hmtxondx/Ob0XkgNspYyizdTlqf3RIP2Ylw="},"lastRemoteEphemeralKey":"BeMGAsyvivLpLj/dZ4qcqAEt/OFvwHHp00JD/EruqCch","previousCounter":0,"rootKey":"cHRpoe0yITa0GsjxCdRFMie8rq1Tl+Ajtkwnf+TfOzQ="},"indexInfo":{"baseKey":"BWRqbSoDir1JsPI0ukDVCCqA/CwavYFR1ExMGU5BN8Re","baseKeyType":1,"closed":1742840810019,"used":1742840797980,"created":1742840797980,"remoteIdentityKey":"BZ5rr3FORkmUSOIRPd9NksYwB8bNub/yx6HvHNkQ/alh"},"_chains":{"BTuAznnNxpg236ckMwxfTe6ywjQo8oa7r+YX/8F0oCp8":{"chainKey":{"counter":0,"key":"eeaj25dV+GosB6WAQoVfTpPdPRGre/boI78p8S1ap+k="},"chainType":1,"messageKeys":{}}},"pendingPreKey":{"signedKeyId":5,"baseKey":"BWRqbSoDir1JsPI0ukDVCCqA/CwavYFR1ExMGU5BN8Re","preKeyId":784845}},"BTvCuSkamoTK5mtkt0IszkoCvaFpNuxplyyTiXhRW7p0":{"registrationId":925592279,"currentRatchet":{"ephemeralKeyPair":{"pubKey":"BTkXQW1IzzbUjHvFzD0PuGQa9zl5kOWYaIp6LXco3IYX","privKey":"8IzLM+PMt1zPD3h6mfa0HIo9eQso8z1Megvp4NWCwWA="},"lastRemoteEphemeralKey":"BeMGAsyvivLpLj/dZ4qcqAEt/OFvwHHp00JD/EruqCch","previousCounter":0,"rootKey":"DcjQ1T6nSpBgAeVp5Wfz4aZKfncXrQaw44gp1xngjDM="},"indexInfo":{"baseKey":"BTvCuSkamoTK5mtkt0IszkoCvaFpNuxplyyTiXhRW7p0","baseKeyType":1,"closed":-1,"used":1742840809020,"created":1742840809020,"remoteIdentityKey":"BZ5rr3FORkmUSOIRPd9NksYwB8bNub/yx6HvHNkQ/alh"},"_chains":{"BTkXQW1IzzbUjHvFzD0PuGQa9zl5kOWYaIp6LXco3IYX":{"chainKey":{"counter":1,"key":"t2+EasE4llB2nC5c4ZY2G8ckT6qL4RHXk1b4tAFYovA="},"chainType":1,"messageKeys":{}}},"pendingPreKey":{"signedKeyId":5,"baseKey":"BTvCuSkamoTK5mtkt0IszkoCvaFpNuxplyyTiXhRW7p0","preKeyId":784790}}},"version":"v1"}