{"_sessions":{"BdFmqVbfM8BpTu/SPi9Hc0fWYqNpI0YKM2Vepzgm3AhY":{"registrationId":1986800454,"currentRatchet":{"ephemeralKeyPair":{"pubKey":"BWxLoJgAVadb6EzB7eK/9Fk6iQPWkstkWqzVLqiil69Z","privKey":"KLD2BEJjLc4rQ7OmpGqTRlRS2pnXfWP2syTZdbS1QmM="},"lastRemoteEphemeralKey":"Bf7CVE79fGv7L2pSGnvJDN4uJpB/Ran/d8X+IVoWHtc4","previousCounter":0,"rootKey":"bnATkCbT9wgM1m8vdMvKKFoCBQQ/FQMNgDqbOFJHFuc="},"indexInfo":{"baseKey":"BdFmqVbfM8BpTu/SPi9Hc0fWYqNpI0YKM2Vepzgm3AhY","baseKeyType":1,"closed":1742840812128,"used":1742840799388,"created":1742840799388,"remoteIdentityKey":"BQ4yi9CSzMv7q0xMODttW86nOp8/+ESwqyivHNhPeWRm"},"_chains":{"BWxLoJgAVadb6EzB7eK/9Fk6iQPWkstkWqzVLqiil69Z":{"chainKey":{"counter":0,"key":"+2hgmNK7Kg63JJN5d8YW2rajZVRttYBOhmTmH7H1PBc="},"chainType":1,"messageKeys":{}}},"pendingPreKey":{"signedKeyId":1,"baseKey":"BdFmqVbfM8BpTu/SPi9Hc0fWYqNpI0YKM2Vepzgm3AhY","preKeyId":7893601}},"BU0+bhJjEYsOqn+9B5uA152NO+zcWM5hav+z31PL2Kck":{"registrationId":1986800454,"currentRatchet":{"ephemeralKeyPair":{"pubKey":"BbWw1L7Ixqzm+f9kM8k3gJipqZ2b10pghkrfj/vCkMh0","privKey":"KEz22+tfSj1+vRXOcv/vA+BqfIxoQJV4q7aPopKYok0="},"lastRemoteEphemeralKey":"Bf7CVE79fGv7L2pSGnvJDN4uJpB/Ran/d8X+IVoWHtc4","previousCounter":0,"rootKey":"0lzL2WA7U0gvQKXoB7urtj2VZOZZyrhAT0NCJeZUEp0="},"indexInfo":{"baseKey":"BU0+bhJjEYsOqn+9B5uA152NO+zcWM5hav+z31PL2Kck","baseKeyType":1,"closed":1742840828547,"used":1742840811333,"created":1742840811333,"remoteIdentityKey":"BQ4yi9CSzMv7q0xMODttW86nOp8/+ESwqyivHNhPeWRm"},"_chains":{"BbWw1L7Ixqzm+f9kM8k3gJipqZ2b10pghkrfj/vCkMh0":{"chainKey":{"counter":0,"key":"GdOXnygXaFfDGZZcmSeZ6nrjQFqK4N8MrRvr3ldTpzI="},"chainType":1,"messageKeys":{}}},"pendingPreKey":{"signedKeyId":1,"baseKey":"BU0+bhJjEYsOqn+9B5uA152NO+zcWM5hav+z31PL2Kck","preKeyId":7893313}},"BTvH9FC/BJiSLCwzAU5QbdEeJnyOZIaI676qmn4HyT43":{"registrationId":1986800454,"currentRatchet":{"ephemeralKeyPair":{"pubKey":"Ba6p0q8Rm3yFzieEj7UwUIBZ3ObNVrGQy/2ke7cE+Z5z","privKey":"sE/Q6LZrY/K9DJ3eHnOQhpYqj/d8BQny3gU7YFhP33s="},"lastRemoteEphemeralKey":"Bf7CVE79fGv7L2pSGnvJDN4uJpB/Ran/d8X+IVoWHtc4","previousCounter":0,"rootKey":"CgpxK/GltDijPzdtjMxwveSzmX32tm9sT9SNvtopWo0="},"indexInfo":{"baseKey":"BTvH9FC/BJiSLCwzAU5QbdEeJnyOZIaI676qmn4HyT43","baseKeyType":1,"closed":-1,"used":1742840827862,"created":1742840827862,"remoteIdentityKey":"BQ4yi9CSzMv7q0xMODttW86nOp8/+ESwqyivHNhPeWRm"},"_chains":{"Ba6p0q8Rm3yFzieEj7UwUIBZ3ObNVrGQy/2ke7cE+Z5z":{"chainKey":{"counter":6,"key":"+FysGh9wxJDOWcj+UmOTwOqpJmlOxC//5t6gWlANimo="},"chainType":1,"messageKeys":{}}},"pendingPreKey":{"signedKeyId":1,"baseKey":"BTvH9FC/BJiSLCwzAU5QbdEeJnyOZIaI676qmn4HyT43","preKeyId":7893349}}},"version":"v1"}