{"_sessions":{"BUqHUsm7F8YtGPniBdsqG2tJAsezixHa4GS6DMb8RFQq":{"registrationId":1425804707,"currentRatchet":{"ephemeralKeyPair":{"pubKey":"BWaLUrezsGa6jEwv8vplPpPDx6Qq7FB7imrCRrO+FXB8","privKey":"yKTFA3hX6nPI9Ts4AdGvX85fWQFOVvAVEzZgZ12/7XI="},"lastRemoteEphemeralKey":"BUUxpbVrXSrvMEtOcinrRBx11le0BWzBqctwBvIS/thQ","previousCounter":0,"rootKey":"yJJ8vJ5RGwDHLweB5b1KbgFwvZcgPS41oi+hbxb/qjM="},"indexInfo":{"baseKey":"BUqHUsm7F8YtGPniBdsqG2tJAsezixHa4GS6DMb8RFQq","baseKeyType":1,"closed":-1,"used":1742840827585,"created":1742840827585,"remoteIdentityKey":"BRm2R8twFi4UCx6VPgT2UeZZWtk1ZVAn+YTLq4wXv3Rc"},"_chains":{"BWaLUrezsGa6jEwv8vplPpPDx6Qq7FB7imrCRrO+FXB8":{"chainKey":{"counter":2,"key":"Ck/FloakPQiy3QA5x25caAvk0DS0tjFY0WgVrPD+BbQ="},"chainType":1,"messageKeys":{}}},"pendingPreKey":{"signedKeyId":1,"baseKey":"BUqHUsm7F8YtGPniBdsqG2tJAsezixHa4GS6DMb8RFQq","preKeyId":10327376}}},"version":"v1"}