{"_sessions":{"BQpDku0P2oJbmy8fMWPkaTM6936aDLrnUuB5Kqo4G487":{"registrationId":1991835157,"currentRatchet":{"ephemeralKeyPair":{"pubKey":"BflLp4n7d7dgpS2vQjtDs+Jet1fRZ8+jUyUoC4Zybgp+","privKey":"CBQNyS8RowjeJGB+nd/bt2XybUjD3PM7rmhxfCkiu0M="},"lastRemoteEphemeralKey":"BaK+4q3TTjPdT3TEJg4ylQI5b4Frv2eNSmVvPsM4eccU","previousCounter":0,"rootKey":"iGxpETnD+etBf+/mpDWdxdldqUDj1xMnSPHjR4GlmdA="},"indexInfo":{"baseKey":"BQpDku0P2oJbmy8fMWPkaTM6936aDLrnUuB5Kqo4G487","baseKeyType":1,"closed":-1,"used":1742840828095,"created":1742840828095,"remoteIdentityKey":"BdIzGsumnMp0DNGnMuJP3DloZA1k4qo6rkqMePJvDqkK"},"_chains":{"BflLp4n7d7dgpS2vQjtDs+Jet1fRZ8+jUyUoC4Zybgp+":{"chainKey":{"counter":0,"key":"ZP+g/vaDzbZm/js77YNkRTs8WlAdZ49wBtvEgE7Lbsw="},"chainType":1,"messageKeys":{}}},"pendingPreKey":{"signedKeyId":3,"baseKey":"BQpDku0P2oJbmy8fMWPkaTM6936aDLrnUuB5Kqo4G487","preKeyId":4448147}}},"version":"v1"}