{"_sessions":{"BWFeYCkSGfWrsQhdp4lP0OJCFi7F4OZr6u2nK5hxzdcI":{"registrationId":1021178454,"currentRatchet":{"ephemeralKeyPair":{"pubKey":"BWouvBLMx30FF32zs94ipgH3a1qbaj7z/q/tH42n24UM","privKey":"6CooWsY+trXfeXT2nYntRr40QnXOyXi9dkte1BvE73w="},"lastRemoteEphemeralKey":"BQqLm9R1MAmcR2XjaR8QQP3n5NakiZS3BdBA/K0Wlk1q","previousCounter":0,"rootKey":"4sunSRoVgmQgj3rxxroxFum5/qWWOZmXjOuzuWLyHdk="},"indexInfo":{"baseKey":"BWFeYCkSGfWrsQhdp4lP0OJCFi7F4OZr6u2nK5hxzdcI","baseKeyType":1,"closed":-1,"used":1742840828347,"created":1742840828347,"remoteIdentityKey":"BWMr0xIDwVDM8hJ8cGBgXj8U48atVc8txw7OMzbuT0tu"},"_chains":{"BWouvBLMx30FF32zs94ipgH3a1qbaj7z/q/tH42n24UM":{"chainKey":{"counter":0,"key":"VFeLm/y4ABn3lxvtqCwM+1c4H3HT27ona4fF+Bh6oV0="},"chainType":1,"messageKeys":{}}},"pendingPreKey":{"signedKeyId":12,"baseKey":"BWFeYCkSGfWrsQhdp4lP0OJCFi7F4OZr6u2nK5hxzdcI","preKeyId":15923043}}},"version":"v1"}