{"_sessions":{"BQqjxBmheh1SrmUa5cz30bsbmGCHNYlKAFuUkSqUXnt9":{"registrationId":1727538608,"currentRatchet":{"ephemeralKeyPair":{"pubKey":"BWfL/CnLzKbUwAaECGASS4P0VB5cAsMT4+KSCTZpVR0J","privKey":"YEyPZAb7GgncSkDOyyt8cre9iMTdjwinr04ZNSDXwHc="},"lastRemoteEphemeralKey":"Belq+Or18+urZx5g9fMtfskTv17Yplx0Q93aH9nqzx0o","previousCounter":0,"rootKey":"qKKAtAeYUHDdmJTnSs6Pffiy+Rdvs4Lp7xJfy9g0TNY="},"indexInfo":{"baseKey":"BQqjxBmheh1SrmUa5cz30bsbmGCHNYlKAFuUkSqUXnt9","baseKeyType":1,"closed":-1,"used":1742842533728,"created":1742842533728,"remoteIdentityKey":"Bept11N/CwzIhAhYCNcomu8dlfirm28Jqi4qQONvVxIe"},"_chains":{"BWfL/CnLzKbUwAaECGASS4P0VB5cAsMT4+KSCTZpVR0J":{"chainKey":{"counter":1,"key":"Par010mArjSjMrB+0PnCXeWFoJ4sKyiiUFAk2YI7hHw="},"chainType":1,"messageKeys":{}}},"pendingPreKey":{"signedKeyId":12986877,"baseKey":"BQqjxBmheh1SrmUa5cz30bsbmGCHNYlKAFuUkSqUXnt9","preKeyId":13789}}},"version":"v1"}