{"_sessions":{"BVUhBd8DhIPiXpdHN1E1zaBL3zvtPZza8pJIGnz2Vw8A":{"registrationId":4885,"currentRatchet":{"ephemeralKeyPair":{"pubKey":"BUedJU2ABMpiW3EyrsoUCXX137jo6aT+h7WkFb6xlT4J","privKey":"OCujWASJuUX4+qRPh8BAD24qdEbyrMHH+pc3fRpQBkQ="},"lastRemoteEphemeralKey":"BVjAuVKQkAD1+JHMKleOKeLE0vJi/OzPEE6/J5z0qIdL","previousCounter":0,"rootKey":"7Q3Zv/NJ8qDaVTEN/1GuzSho2mQjR50ey+BAhe49IYU="},"indexInfo":{"baseKey":"BVUhBd8DhIPiXpdHN1E1zaBL3zvtPZza8pJIGnz2Vw8A","baseKeyType":1,"closed":-1,"used":1742840851672,"created":1742840851672,"remoteIdentityKey":"BS97VQLcmGzWQBbrGBav4D2Imc+ODowjylo2UFIUPn03"},"_chains":{"BUedJU2ABMpiW3EyrsoUCXX137jo6aT+h7WkFb6xlT4J":{"chainKey":{"counter":0,"key":"65BzBnXF1dec19UWlX1lD+4xWEtcvBU2kgpOm5tUrEQ="},"chainType":1,"messageKeys":{}}},"pendingPreKey":{"signedKeyId":1,"baseKey":"BVUhBd8DhIPiXpdHN1E1zaBL3zvtPZza8pJIGnz2Vw8A"}}},"version":"v1"}