{"_sessions":{"Bc9b7xTZHkqKWeJqF7R3j3Zb68qcPpLmLRIEkcIwmxUl":{"registrationId":210191806,"currentRatchet":{"ephemeralKeyPair":{"pubKey":"BSMPgJICgUExET55FYswDPDkkSfEQy1eJTGgqZNsHNEs","privKey":"WB8A3yAeKwxraxiZ68ZVNd8cuJBAYDBBFS41qQSpWXU="},"lastRemoteEphemeralKey":"BZexJWfpASCn01ZTCp+dQe4DF4Z1qBfq/6FIDOm7tpc3","previousCounter":0,"rootKey":"bVZ8/ZHFSgzK+bF1a8vym7YtzeNZlMTR7XyUqFSWNV0="},"indexInfo":{"baseKey":"Bc9b7xTZHkqKWeJqF7R3j3Zb68qcPpLmLRIEkcIwmxUl","baseKeyType":1,"closed":1742840809761,"used":1742840797751,"created":1742840797751,"remoteIdentityKey":"BVfQQV02P2h2nCHQ+xFhEcY+4qy+bwkXbKKYm7sdwoA/"},"_chains":{"BSMPgJICgUExET55FYswDPDkkSfEQy1eJTGgqZNsHNEs":{"chainKey":{"counter":0,"key":"sVdVtB4WHKdiblkqJoBBFw7TSiR5bsEuJQeL0G+t6wE="},"chainType":1,"messageKeys":{}}},"pendingPreKey":{"signedKeyId":2,"baseKey":"Bc9b7xTZHkqKWeJqF7R3j3Zb68qcPpLmLRIEkcIwmxUl","preKeyId":7261117}},"BZpNeafNVQUpdjZKO/hvT3C9p9jMAWAgX+kZti00q1Fa":{"registrationId":210191806,"currentRatchet":{"ephemeralKeyPair":{"pubKey":"BbFK279bzm+BGwnJqhE/L4xJEI+8S+ykSvkPZHGj5BUQ","privKey":"SMJzFkFnIFufxnMUgOJWb8N62KMYw14YdvOXWsFff1Q="},"lastRemoteEphemeralKey":"BZexJWfpASCn01ZTCp+dQe4DF4Z1qBfq/6FIDOm7tpc3","previousCounter":0,"rootKey":"byoNUsKg9gtNPrh4vTxcQOPFeHSPQlWMMutXMOkPyKY="},"indexInfo":{"baseKey":"BZpNeafNVQUpdjZKO/hvT3C9p9jMAWAgX+kZti00q1Fa","baseKeyType":1,"closed":1742840826008,"used":1742840808798,"created":1742840808798,"remoteIdentityKey":"BVfQQV02P2h2nCHQ+xFhEcY+4qy+bwkXbKKYm7sdwoA/"},"_chains":{"BbFK279bzm+BGwnJqhE/L4xJEI+8S+ykSvkPZHGj5BUQ":{"chainKey":{"counter":0,"key":"CLXdPqVV/al4xHr7NqaaO/eBTTEKopk9jN3IjaeSLq8="},"chainType":1,"messageKeys":{}}},"pendingPreKey":{"signedKeyId":2,"baseKey":"BZpNeafNVQUpdjZKO/hvT3C9p9jMAWAgX+kZti00q1Fa","preKeyId":7261112}},"BdU/wQG0NezKQx8xqolHyjysaUTVDuVest5qyO24zBAs":{"registrationId":210191806,"currentRatchet":{"ephemeralKeyPair":{"pubKey":"Bc+Lnx+/7KWe4tamWpYc4PkbSEUol6go1WyFIcsLbIFz","privKey":"kOILVHIHJufCp3O67jU3/Z246Abyfa9yfE6jmTSnb1U="},"lastRemoteEphemeralKey":"BZexJWfpASCn01ZTCp+dQe4DF4Z1qBfq/6FIDOm7tpc3","previousCounter":0,"rootKey":"4nC4yxqPE1CwjMvn2FglJY5We3ju9EUMeJwyatwxFQU="},"indexInfo":{"baseKey":"BdU/wQG0NezKQx8xqolHyjysaUTVDuVest5qyO24zBAs","baseKeyType":1,"closed":-1,"used":1742840825564,"created":1742840825564,"remoteIdentityKey":"BVfQQV02P2h2nCHQ+xFhEcY+4qy+bwkXbKKYm7sdwoA/"},"_chains":{"Bc+Lnx+/7KWe4tamWpYc4PkbSEUol6go1WyFIcsLbIFz":{"chainKey":{"counter":1,"key":"oMetW6JxOeI1cVH6S5BChesEUNhgXu/jsBIaVBlbGEI="},"chainType":1,"messageKeys":{}}},"pendingPreKey":{"signedKeyId":2,"baseKey":"BdU/wQG0NezKQx8xqolHyjysaUTVDuVest5qyO24zBAs","preKeyId":7261622}}},"version":"v1"}