{"_sessions":{"BSBcy+34bew36CbVFkW4ROZ9nT9S8R3HTTab6iktAgUw":{"registrationId":1144675399,"currentRatchet":{"ephemeralKeyPair":{"pubKey":"BaHxf1oHKf/6ct2IDSLNzDjjIFtmeVz1PIvoARKChp4w","privKey":"WN4xCtucjfbrvxx2xEmtxdALpK8oiOrW/8LkAVfj5XU="},"lastRemoteEphemeralKey":"Ba1nPD229FcaWVExH900zhrzD4agHZf/pNxTaIZfamoO","previousCounter":0,"rootKey":"jiBE9l+w9Ybj+nr9LCVix6ifn/k35KjbXMA7wSUm2MI="},"indexInfo":{"baseKey":"BSBcy+34bew36CbVFkW4ROZ9nT9S8R3HTTab6iktAgUw","baseKeyType":1,"closed":-1,"used":1742840825813,"created":1742840825813,"remoteIdentityKey":"BZMQHRTKXX23+0IF3r5RIve1TusQPZJsJIdyb12/IeUd"},"_chains":{"BaHxf1oHKf/6ct2IDSLNzDjjIFtmeVz1PIvoARKChp4w":{"chainKey":{"counter":7,"key":"Llv0R/0ytg/5Ce7rDDp26YCG/c2p+j0Kh5WWLjuN0ao="},"chainType":1,"messageKeys":{}}},"pendingPreKey":{"signedKeyId":3,"baseKey":"BSBcy+34bew36CbVFkW4ROZ9nT9S8R3HTTab6iktAgUw","preKeyId":2677935}}},"version":"v1"}