{"_sessions":{"BRX3/Yvow5KSInnBbT0xlIaCmbG7cXCnOLwUAA/BnTZv":{"registrationId":618299841,"currentRatchet":{"ephemeralKeyPair":{"pubKey":"BWQ8XDH7S/vtNQIfIQo/epUABcKRCadLPWdo+Y1q6EUM","privKey":"sAY1x/Yt+6zLEYUyvZve2H3f7QqHQ1GT986T9kSJAn0="},"lastRemoteEphemeralKey":"BUYXSB20rulbV9+fR6fxUmLskP+cib2Vmr85bKympIty","previousCounter":0,"rootKey":"wsuhcZruEUUMd+S0BbbbDsD3XD2cBPmzpqlNEkGO8RY="},"indexInfo":{"baseKey":"BRX3/Yvow5KSInnBbT0xlIaCmbG7cXCnOLwUAA/BnTZv","baseKeyType":1,"closed":1742840809716,"used":1742840797704,"created":1742840797704,"remoteIdentityKey":"BWaCB9PRFzC3xWMMUugHKtk+X2QX46UgIvUo0cD212Mi"},"_chains":{"BWQ8XDH7S/vtNQIfIQo/epUABcKRCadLPWdo+Y1q6EUM":{"chainKey":{"counter":0,"key":"fdIqlb0cOGp3b9493BcJ8lOgg1bfObxp+ytl4zQsUBs="},"chainType":1,"messageKeys":{}}},"pendingPreKey":{"signedKeyId":1,"baseKey":"BRX3/Yvow5KSInnBbT0xlIaCmbG7cXCnOLwUAA/BnTZv","preKeyId":9115206}},"BS6d+nvWdqMq009gWZrFxAJ5+XYdfUTxOnUdP+a7TlNB":{"registrationId":618299841,"currentRatchet":{"ephemeralKeyPair":{"pubKey":"BdUl3FTuB0IQu2RSPMcQRfv6q8e4Gii2yuMNEFQuKLsj","privKey":"aHWLyl3Ea2dHqT0IMZwxMsPBGSmakLMDN1y6Wgzv+Wo="},"lastRemoteEphemeralKey":"BUYXSB20rulbV9+fR6fxUmLskP+cib2Vmr85bKympIty","previousCounter":0,"rootKey":"WqFLqXgnKJmaEmwbpQOLmrlYd8vh/GHbKgeHka8u/bo="},"indexInfo":{"baseKey":"BS6d+nvWdqMq009gWZrFxAJ5+XYdfUTxOnUdP+a7TlNB","baseKeyType":1,"closed":1742840825986,"used":1742840808754,"created":1742840808754,"remoteIdentityKey":"BWaCB9PRFzC3xWMMUugHKtk+X2QX46UgIvUo0cD212Mi"},"_chains":{"BdUl3FTuB0IQu2RSPMcQRfv6q8e4Gii2yuMNEFQuKLsj":{"chainKey":{"counter":0,"key":"7SsXiHYTr9sYZY+xS8V+pz4cWigKNij5+ztXS9Qd9nQ="},"chainType":1,"messageKeys":{}}},"pendingPreKey":{"signedKeyId":1,"baseKey":"BS6d+nvWdqMq009gWZrFxAJ5+XYdfUTxOnUdP+a7TlNB","preKeyId":9115212}},"BS1K46XONBPb/9oT7b9/6eUO//ByJXc3kxRAwkBcz3F9":{"registrationId":618299841,"currentRatchet":{"ephemeralKeyPair":{"pubKey":"BfoDEHSVBvf8O/WG/py2P/55VIKKOVQHj2mpg3QiAAQQ","privKey":"GOusQVvc8/Sre5MqNpO+bUy0VrSPDaMSi5MLA4FV8nw="},"lastRemoteEphemeralKey":"BUYXSB20rulbV9+fR6fxUmLskP+cib2Vmr85bKympIty","previousCounter":0,"rootKey":"78CaO/Zc5tMsbPI3iHqMaDf5FYcQnpl0GSSZhlEpAco="},"indexInfo":{"baseKey":"BS1K46XONBPb/9oT7b9/6eUO//ByJXc3kxRAwkBcz3F9","baseKeyType":1,"closed":-1,"used":1742840825425,"created":1742840825425,"remoteIdentityKey":"BWaCB9PRFzC3xWMMUugHKtk+X2QX46UgIvUo0cD212Mi"},"_chains":{"BfoDEHSVBvf8O/WG/py2P/55VIKKOVQHj2mpg3QiAAQQ":{"chainKey":{"counter":8,"key":"y07imCRbV0wMQFY6hbIaSsmmVoPVF7Hvaj2OktW0rXE="},"chainType":1,"messageKeys":{}}},"pendingPreKey":{"signedKeyId":1,"baseKey":"BS1K46XONBPb/9oT7b9/6eUO//ByJXc3kxRAwkBcz3F9","preKeyId":9115750}}},"version":"v1"}