{"_sessions":{"BS1usjxbJ8Yv3/HnL+rrrcBSHmlz7KcrnvDlRJNTHn0x":{"registrationId":2102374398,"currentRatchet":{"ephemeralKeyPair":{"pubKey":"BVGtI3goQ9slm2ir6JE/kgk9oJg/unC+y9o3BUicTQs0","privKey":"ECGnOzfCvk8cHh+6WOzHeQI0awaj9+18/9mFgu1sy3k="},"lastRemoteEphemeralKey":"Bf6E3/DD3jQPYopV5h0TP9Idi0B+XLVAZRocmsmwK0oB","previousCounter":0,"rootKey":"kulwMDDCw1wiv2ZTTCf+Zx1zsUjh/h6H7gGpqdhKwU0="},"indexInfo":{"baseKey":"BS1usjxbJ8Yv3/HnL+rrrcBSHmlz7KcrnvDlRJNTHn0x","baseKeyType":1,"closed":-1,"used":1742840851902,"created":1742840851902,"remoteIdentityKey":"BVuAeTTXmT+slRbyqxRZUG8N6r0SuVHb/MIGcV3PGwhc"},"_chains":{"BVGtI3goQ9slm2ir6JE/kgk9oJg/unC+y9o3BUicTQs0":{"chainKey":{"counter":2,"key":"wNe9A2x0XV9QnUCRf67hMaOSlOlkaQXS1pj2/gKcOsg="},"chainType":1,"messageKeys":{}}},"pendingPreKey":{"signedKeyId":0,"baseKey":"BS1usjxbJ8Yv3/HnL+rrrcBSHmlz7KcrnvDlRJNTHn0x","preKeyId":4017611}}},"version":"v1"}