{"_sessions":{"BQ7fAqH0aezgIuAtu5WYliSxVuUWfkbQ4h+XAxCvR/cB":{"registrationId":948346919,"currentRatchet":{"ephemeralKeyPair":{"pubKey":"BfdtYAK14hMfBDFvUoeDEXaXfRowP00e6CNqIxFl6asF","privKey":"IKXSZTKIPTzKRqGtskZ3vLkrM/oj3AaFI8k2V/DaY3M="},"lastRemoteEphemeralKey":"BS91/Esub5z8lZ6pVskZwUrcCgTliRMrVV/8W6fsCoB+","previousCounter":0,"rootKey":"Wy+k8oNHUzJcscbFiMXy+jdAqavMxdc7z7KLWo9eYqU="},"indexInfo":{"baseKey":"BQ7fAqH0aezgIuAtu5WYliSxVuUWfkbQ4h+XAxCvR/cB","baseKeyType":1,"closed":-1,"used":1742840854522,"created":1742840854522,"remoteIdentityKey":"BQMqVL+lghyfb8SzKa7ycYJ2ocrYieIPoxcdD+mgLOxJ"},"_chains":{"BfdtYAK14hMfBDFvUoeDEXaXfRowP00e6CNqIxFl6asF":{"chainKey":{"counter":6,"key":"U0BERCkrrgmFjyVXGJJiIZlGvym/4/q4yNVn79mcpqo="},"chainType":1,"messageKeys":{}}},"pendingPreKey":{"signedKeyId":18,"baseKey":"BQ7fAqH0aezgIuAtu5WYliSxVuUWfkbQ4h+XAxCvR/cB","preKeyId":12091281}}},"version":"v1"}