{"_sessions":{"BQE8I7dHY5958+9LjVQCzC0zPCMu5HrkBb+xnsu7JUNx":{"registrationId":9228,"currentRatchet":{"ephemeralKeyPair":{"pubKey":"BYSoEZL17KzGyqzrCaWD3sDRV674ZLF8qqvpx7AADaxV","privKey":"SK9h86dL6w29+uvPKpBNtNI8APwyQAvwK6DRJZZUhlg="},"lastRemoteEphemeralKey":"BdRWAPmma3lknV7eaGOHn7461DfuwCJqalNSZn/f11EY","previousCounter":0,"rootKey":"O21GCDLr7Xt73EHKEhijuMxSTy6YwkVoZvdCGuj2mtM="},"indexInfo":{"baseKey":"BQE8I7dHY5958+9LjVQCzC0zPCMu5HrkBb+xnsu7JUNx","baseKeyType":1,"closed":1742840809354,"used":1742840797404,"created":1742840797404,"remoteIdentityKey":"BYILe3+/TX3yu83UKr+6FpVJRnTQIoE/09Sc3zM/+SUR"},"_chains":{"BYSoEZL17KzGyqzrCaWD3sDRV674ZLF8qqvpx7AADaxV":{"chainKey":{"counter":0,"key":"5pQBSr7Yw+xi0ZLPGrr5nTqOzjq4R4aur12htp67nAA="},"chainType":1,"messageKeys":{}}},"pendingPreKey":{"signedKeyId":1,"baseKey":"BQE8I7dHY5958+9LjVQCzC0zPCMu5HrkBb+xnsu7JUNx"}},"BTH95lQYFJ6QkJ5bJZf4WXWZ68C5E076ZoO+Id1TYG5p":{"registrationId":9228,"currentRatchet":{"ephemeralKeyPair":{"pubKey":"BSmEa1/dMcy/Ld65V04uq8hZKLH9WVfsubMsEWlGUeE4","privKey":"2IDg8bDJiy0FgsTntVL6335fup491bCoRMMJf+jmOm8="},"lastRemoteEphemeralKey":"BdRWAPmma3lknV7eaGOHn7461DfuwCJqalNSZn/f11EY","previousCounter":0,"rootKey":"Mall4G3FoMiXDiFbUBs5EezjcfN6pasjbDAsQHvbDCg="},"indexInfo":{"baseKey":"BTH95lQYFJ6QkJ5bJZf4WXWZ68C5E076ZoO+Id1TYG5p","baseKeyType":1,"closed":-1,"used":1742840808463,"created":1742840808463,"remoteIdentityKey":"BYILe3+/TX3yu83UKr+6FpVJRnTQIoE/09Sc3zM/+SUR"},"_chains":{"BSmEa1/dMcy/Ld65V04uq8hZKLH9WVfsubMsEWlGUeE4":{"chainKey":{"counter":1,"key":"e/58F7V8IT4Q2WRKyuodo1j4SpG00IAoSQURqxSiFJ0="},"chainType":1,"messageKeys":{}}},"pendingPreKey":{"signedKeyId":1,"baseKey":"BTH95lQYFJ6QkJ5bJZf4WXWZ68C5E076ZoO+Id1TYG5p"}}},"version":"v1"}