{"_sessions":{"Be1pk+NuHLdJ7SNi67PUMb5Z6KmAF5UEBcCOqk69Il1i":{"registrationId":850518750,"currentRatchet":{"ephemeralKeyPair":{"pubKey":"BdILNV+mWvkFzeXQ3I4XtsfRHPsIS8KJTA7vhN1MaK0E","privKey":"gNgfERjAiLQJFiLnb70ABgsGWchjh+XIR4oNFO4PGXQ="},"lastRemoteEphemeralKey":"Bfok0ZBAfi001cZAPWNGsQfB/Q37HwxkGop9+h5mUzgd","previousCounter":0,"rootKey":"k8lvQmNntBseS8WeSS5uyoyW0z+V3XXs+nxzax+9Wsc="},"indexInfo":{"baseKey":"Be1pk+NuHLdJ7SNi67PUMb5Z6KmAF5UEBcCOqk69Il1i","baseKeyType":1,"closed":1742840809855,"used":1742840797830,"created":1742840797830,"remoteIdentityKey":"BS9980kre6AdZnrNuwWqAdLNI4hRmHk60E7j923j5N06"},"_chains":{"BdILNV+mWvkFzeXQ3I4XtsfRHPsIS8KJTA7vhN1MaK0E":{"chainKey":{"counter":0,"key":"XT/QKauUys8tpn7lpQ2bLZnsVpSndS21mL/tDPYZaew="},"chainType":1,"messageKeys":{}}},"pendingPreKey":{"signedKeyId":7,"baseKey":"Be1pk+NuHLdJ7SNi67PUMb5Z6KmAF5UEBcCOqk69Il1i","preKeyId":11322981}},"BUiUxLiyO8CsM1c+vQaH5nAGL7fPTxAfMvXQDhEPhhgR":{"registrationId":850518750,"currentRatchet":{"ephemeralKeyPair":{"pubKey":"BboKwKMLCdM9ju06Vd/RYwdTZsvGVE/jRtot9/fKe/0/","privKey":"KADWDDt+N8iP6vtFllHqnKJ82Eyt/50fDDIADDNlDGk="},"lastRemoteEphemeralKey":"Bfok0ZBAfi001cZAPWNGsQfB/Q37HwxkGop9+h5mUzgd","previousCounter":0,"rootKey":"Gp54S2Sylx+YXNV63o93SkyEYi+BRbCvLzQOd045FoE="},"indexInfo":{"baseKey":"BUiUxLiyO8CsM1c+vQaH5nAGL7fPTxAfMvXQDhEPhhgR","baseKeyType":1,"closed":-1,"used":1742840808874,"created":1742840808874,"remoteIdentityKey":"BS9980kre6AdZnrNuwWqAdLNI4hRmHk60E7j923j5N06"},"_chains":{"BboKwKMLCdM9ju06Vd/RYwdTZsvGVE/jRtot9/fKe/0/":{"chainKey":{"counter":1,"key":"suEIQa6bzr+pMaNcX81Dy1qCRAR0ibHxVKGCAtOFffM="},"chainType":1,"messageKeys":{}}},"pendingPreKey":{"signedKeyId":7,"baseKey":"BUiUxLiyO8CsM1c+vQaH5nAGL7fPTxAfMvXQDhEPhhgR","preKeyId":11322625}}},"version":"v1"}