{"_sessions":{"BTZo08xQ2sPBDXnDZWVj7wUXiVEbBvFJkLWua4PsMQ4u":{"registrationId":16178179,"currentRatchet":{"ephemeralKeyPair":{"pubKey":"BX3rvNQrYYTCKHaHW7A1GM0iAI3YFmXGxFVS0h6PEWgS","privKey":"OIypIDcMYCPIS97+30Uh9yxi1U0/k0+TV6Y6mfTk53U="},"lastRemoteEphemeralKey":"BVsEld3hB4cZWMYwl95D3LKYQ8rG1YIXtNGkbYJpY6h/","previousCounter":0,"rootKey":"k1TrOkbe9XQVkc0MdYN0pTKDL3haHCe2X3Nh5k5X0ww="},"indexInfo":{"baseKey":"BTZo08xQ2sPBDXnDZWVj7wUXiVEbBvFJkLWua4PsMQ4u","baseKeyType":1,"closed":-1,"used":1742840825452,"created":1742840825452,"remoteIdentityKey":"BXt3EUTsOSdaoOO5XCghjZ4uZH+hfL6kBAv69t3EV95e"},"_chains":{"BX3rvNQrYYTCKHaHW7A1GM0iAI3YFmXGxFVS0h6PEWgS":{"chainKey":{"counter":3,"key":"FZrOQ6Z142Q8oJUfcYW79Q8v6JQsfCAn80aGZv+Zxpo="},"chainType":1,"messageKeys":{}}},"pendingPreKey":{"signedKeyId":4,"baseKey":"BTZo08xQ2sPBDXnDZWVj7wUXiVEbBvFJkLWua4PsMQ4u","preKeyId":2732609}}},"version":"v1"}