{"_sessions":{"BRiM2Gr18u2nmd+G6xMlAQrkhKVaKX5jw0GZaR21kdhI":{"registrationId":806071125,"currentRatchet":{"ephemeralKeyPair":{"pubKey":"Bfs1a0aLEmSRPa29jzTN95yfUu9Hax0Bdvc8xL95+Hoq","privKey":"+EyUNA7W4pCfAgygQQzSq/KzrYtjgdwdU6f14IhxTE8="},"lastRemoteEphemeralKey":"BW+LNgNaixem7X5wo7d+zgOBc2psjghXU/WXgN4oOZsr","previousCounter":0,"rootKey":"h3Y007doqwYv8Wp6RZsoVoYVDnfvjP/C8sJnGy/3huM="},"indexInfo":{"baseKey":"BRiM2Gr18u2nmd+G6xMlAQrkhKVaKX5jw0GZaR21kdhI","baseKeyType":1,"closed":-1,"used":1742840825511,"created":1742840825511,"remoteIdentityKey":"BeBvSYw1HYOCX1mTPll3rgBj4++UegixWoTkXpg8DkQl"},"_chains":{"Bfs1a0aLEmSRPa29jzTN95yfUu9Hax0Bdvc8xL95+Hoq":{"chainKey":{"counter":1,"key":"aFMAOn1BMbiksD/57LKlNRWY4DZay1J76IaTLUv1XS8="},"chainType":1,"messageKeys":{}}},"pendingPreKey":{"signedKeyId":18,"baseKey":"BRiM2Gr18u2nmd+G6xMlAQrkhKVaKX5jw0GZaR21kdhI","preKeyId":2267954}}},"version":"v1"}