{"_sessions":{"BY+4W+Q2KoNlkBDiJUuQvTzgNBzAqPSU/q740rAJI1cC":{"registrationId":732645551,"currentRatchet":{"ephemeralKeyPair":{"pubKey":"BSY98UucH0dHGAImjvQAsTJlSHooTI4sKcKJ2x/n04lX","privKey":"wA2161tsRbvixYkvPufOy1vg8ZwvIajkqwt8eKAqE38="},"lastRemoteEphemeralKey":"BVFE3isC5R+TfJ87ilvO5Ppx11HSI7mXu4r5svE39/t/","previousCounter":0,"rootKey":"b4Dso0/wwLa5XaVeYBA2wpEVmLucw0Aikup110ugjPg="},"indexInfo":{"baseKey":"BY+4W+Q2KoNlkBDiJUuQvTzgNBzAqPSU/q740rAJI1cC","baseKeyType":1,"closed":-1,"used":1742840852036,"created":1742840852036,"remoteIdentityKey":"BbPt/uqPTuzOL9mJHPrTRaEeF+wAS8/BXZ6O66L8NMgV"},"_chains":{"BSY98UucH0dHGAImjvQAsTJlSHooTI4sKcKJ2x/n04lX":{"chainKey":{"counter":1,"key":"cKHHN5mZ+rlqei95OfbVdwZt4gH6wO/nRNchh2TH+YI="},"chainType":1,"messageKeys":{}}},"pendingPreKey":{"signedKeyId":15,"baseKey":"BY+4W+Q2KoNlkBDiJUuQvTzgNBzAqPSU/q740rAJI1cC","preKeyId":13291297}}},"version":"v1"}