{"_sessions":{"BUZrv1oGGOLE44+1Mit8KDNzgXdCboAnY8U85hrlgQdy":{"registrationId":1705551097,"currentRatchet":{"ephemeralKeyPair":{"pubKey":"BVPf0FahmhazYXqcYSOcWgugSLuayMo8MyN4xcb35Tk+","privKey":"iOa9HPcnDCMcAHf0Qah9P7U4s4PxWng8mhvI2f0DmnY="},"lastRemoteEphemeralKey":"BV1Ysw28u1UJJfY7ikEaZ4aydfo8AC1rMVHvd7U5M8dx","previousCounter":0,"rootKey":"3Tvo2Apj5TsYdeB2lz7Tays7uDTc7kDvtLRFigB+1FI="},"indexInfo":{"baseKey":"BUZrv1oGGOLE44+1Mit8KDNzgXdCboAnY8U85hrlgQdy","baseKeyType":1,"closed":-1,"used":1742840828456,"created":1742840828456,"remoteIdentityKey":"Be7M0UzJwrd8P4EQiRWWRu0YD2N3O2cy5ufC/UghbGBz"},"_chains":{"BVPf0FahmhazYXqcYSOcWgugSLuayMo8MyN4xcb35Tk+":{"chainKey":{"counter":4,"key":"V6/rZr1rkl4dSVeqlXFUM9lk49YNWeh94QLjsphz4sw="},"chainType":1,"messageKeys":{}}},"pendingPreKey":{"signedKeyId":6,"baseKey":"BUZrv1oGGOLE44+1Mit8KDNzgXdCboAnY8U85hrlgQdy","preKeyId":3190448}}},"version":"v1"}