{"_sessions":{"BR1R7lIRcnETa4XlCwxtOdY0Shbnwg3pwh8roPYbaUF/":{"registrationId":1769252634,"currentRatchet":{"ephemeralKeyPair":{"pubKey":"BTm3XhuWILP1ql0rWb7t21vfCgFodBKq67PWjj9Vcbsq","privKey":"UGUJPE5sjXt1xnfXz+pSbe/Lp7If/xNYweMGhNjMa3Q="},"lastRemoteEphemeralKey":"BfkCIkamkmOVIs5v+l052p2GjTTTNUx1OmTDBZrlc31y","previousCounter":4,"rootKey":"iE5hIxyyKKmCLHHbZD4tUd3fb7Kq0ufsQlWhyDxWwps="},"indexInfo":{"baseKey":"BR1R7lIRcnETa4XlCwxtOdY0Shbnwg3pwh8roPYbaUF/","baseKeyType":1,"closed":-1,"used":1742998395411,"created":1742840827641,"remoteIdentityKey":"Bf4PdeymPMWjfsvWcLJS3M14LUdVGjc5Ja2ZAgj1+PhN"},"_chains":{"BfkCIkamkmOVIs5v+l052p2GjTTTNUx1OmTDBZrlc31y":{"chainKey":{"counter":1,"key":"/noVW7IWgMKLr11uUIjifx55m4vNFdkI8mL96xAHiGg="},"chainType":2,"messageKeys":{}},"BTm3XhuWILP1ql0rWb7t21vfCgFodBKq67PWjj9Vcbsq":{"chainKey":{"counter":-1,"key":"XSQPCorqp/u+U5p8w17JGvPwQzbRcH4jR0ui0rh84hE="},"chainType":1,"messageKeys":{}}}}},"version":"v1"}