{"_sessions":{"BXE1nQzLZpT3udIZrZgIXG7p4MZAItk6B3drNHnh0Tkw":{"registrationId":1430464089,"currentRatchet":{"ephemeralKeyPair":{"pubKey":"BflvgJ8avmiZNTKiOeK5aNYhFwKxtaK859UfZTLR4RJA","privKey":"iPrW9bEnyS58QmXqQ8AvC55up+spsh2QNsHwvC0jaEc="},"lastRemoteEphemeralKey":"BYgUHLnyFXIBUpsfeQ5+CVflLG5+SI3SCf3LFgUxWT0j","previousCounter":0,"rootKey":"O1GIb2gZUklMRhJ1jwxVCS6/YQDfeYLOLH9GknEKDSo="},"indexInfo":{"baseKey":"BXE1nQzLZpT3udIZrZgIXG7p4MZAItk6B3drNHnh0Tkw","baseKeyType":1,"closed":1742840809840,"used":1742840797822,"created":1742840797822,"remoteIdentityKey":"BWxlGkYAWkEkXdkYUgN3NL7jJSuI3mDq5scdKnmM0R1J"},"_chains":{"BflvgJ8avmiZNTKiOeK5aNYhFwKxtaK859UfZTLR4RJA":{"chainKey":{"counter":0,"key":"HX0PetScjcbKX+uMZvceDypiKIq3nqJVKx3ZmJPnrqI="},"chainType":1,"messageKeys":{}}},"pendingPreKey":{"signedKeyId":5,"baseKey":"BXE1nQzLZpT3udIZrZgIXG7p4MZAItk6B3drNHnh0Tkw","preKeyId":13613780}},"BQAkVVSrkRPd/87WEoskvlDyBoXoRQ6XyqhI88s/x+su":{"registrationId":1430464089,"currentRatchet":{"ephemeralKeyPair":{"pubKey":"BQSgkTrAjIUkPMzvZSlTLwY+X70BaIjt+D3Aw08hxdA9","privKey":"cMRmA6tPTjyKXggC+2qmGIlLrlTHlF+SJZC32tioH30="},"lastRemoteEphemeralKey":"BYgUHLnyFXIBUpsfeQ5+CVflLG5+SI3SCf3LFgUxWT0j","previousCounter":0,"rootKey":"js+xFXW/1DxBhZl0bY4zYr83OzsWxA7Lko1lEmCHHDM="},"indexInfo":{"baseKey":"BQAkVVSrkRPd/87WEoskvlDyBoXoRQ6XyqhI88s/x+su","baseKeyType":1,"closed":1742840826026,"used":1742840808866,"created":1742840808866,"remoteIdentityKey":"BWxlGkYAWkEkXdkYUgN3NL7jJSuI3mDq5scdKnmM0R1J"},"_chains":{"BQSgkTrAjIUkPMzvZSlTLwY+X70BaIjt+D3Aw08hxdA9":{"chainKey":{"counter":0,"key":"L6ROZ02hOeoUB74Vv5qVACuIi3cQYzWvtN64AZ9LxFM="},"chainType":1,"messageKeys":{}}},"pendingPreKey":{"signedKeyId":5,"baseKey":"BQAkVVSrkRPd/87WEoskvlDyBoXoRQ6XyqhI88s/x+su","preKeyId":13613753}},"BVDstXbhviM9oT5jn9XtRAcws2+TKDPtSSi4+OboeUdc":{"registrationId":1430464089,"currentRatchet":{"ephemeralKeyPair":{"pubKey":"BZDc4VrZf3Me7D4NGfv2RkHUhMA4VvZP4pyePcMXOoM1","privKey":"KCZAqzCVobcNrTTsvR2nnPXEqD82ShU/NFgQjPWR7WM="},"lastRemoteEphemeralKey":"BYgUHLnyFXIBUpsfeQ5+CVflLG5+SI3SCf3LFgUxWT0j","previousCounter":0,"rootKey":"cOt7uqLPA6QQ+x1F+sIc2+ocO1EyGkV7pF4WosgleIE="},"indexInfo":{"baseKey":"BVDstXbhviM9oT5jn9XtRAcws2+TKDPtSSi4+OboeUdc","baseKeyType":1,"closed":-1,"used":1742840825724,"created":1742840825724,"remoteIdentityKey":"BWxlGkYAWkEkXdkYUgN3NL7jJSuI3mDq5scdKnmM0R1J"},"_chains":{"BZDc4VrZf3Me7D4NGfv2RkHUhMA4VvZP4pyePcMXOoM1":{"chainKey":{"counter":8,"key":"AKFKTmWuatqm37zZ9r9wzr5ry6eS6I3XG0bfP0oMmHQ="},"chainType":1,"messageKeys":{}}},"pendingPreKey":{"signedKeyId":5,"baseKey":"BVDstXbhviM9oT5jn9XtRAcws2+TKDPtSSi4+OboeUdc","preKeyId":13613811}}},"version":"v1"}