{"_sessions":{"BZulZbQT4JBXX5LIUQVXMXpDXvTuFJstilnU8Py7DKVe":{"registrationId":351161228,"currentRatchet":{"ephemeralKeyPair":{"pubKey":"BXTuRcNqP25i37kxQOvDSUMh0ssGVaVn4+Nbn1dHZbZo","privKey":"SNsp4+D2pSum6iOqXDpISmdmStbMsB9SzsIQ7movNXE="},"lastRemoteEphemeralKey":"BQCnKUSsvnsNFvHJrbYJ7cqQsjQl3y8LzPXj883PYPVT","previousCounter":0,"rootKey":"8JmljljxaIK3uxgXUX4nBLOGCIZyjSLwmXfq/0svuYA="},"indexInfo":{"baseKey":"BZulZbQT4JBXX5LIUQVXMXpDXvTuFJstilnU8Py7DKVe","baseKeyType":1,"closed":-1,"used":1742840827964,"created":1742840827964,"remoteIdentityKey":"Bc4JE6ioK0AhhyaSCskfglqTZBqde/4ez+0SrQ0JYZU/"},"_chains":{"BXTuRcNqP25i37kxQOvDSUMh0ssGVaVn4+Nbn1dHZbZo":{"chainKey":{"counter":7,"key":"wp/7hnw6k0hGYSPSC2T/3+9/1NHmCqNfoU+AIE4zchc="},"chainType":1,"messageKeys":{}}},"pendingPreKey":{"signedKeyId":21,"baseKey":"BZulZbQT4JBXX5LIUQVXMXpDXvTuFJstilnU8Py7DKVe","preKeyId":9154268}}},"version":"v1"}