{"_sessions":{"BWXrn3/RsI87mRQQjSgyklsRVDEbV2j26AGENjgWTQQ6":{"registrationId":1765542797,"currentRatchet":{"ephemeralKeyPair":{"pubKey":"BdM8icqC0nTQIg7yAG+TeC3C6QfJRMj2kFNVDbPzCL4T","privKey":"yIt8Pv4Xs3KYG2ShlIBdBkIKlQ/n/UUykVbi4EZDllU="},"lastRemoteEphemeralKey":"BTj2PX5+YJ7Xe0Giuez0qkMzcueiJ/5annMy9ygHgYhf","previousCounter":0,"rootKey":"IQX/GIWloZ+cM3/jz6aN/qEEhjznwcMMH8DlcgbArbQ="},"indexInfo":{"baseKey":"BWXrn3/RsI87mRQQjSgyklsRVDEbV2j26AGENjgWTQQ6","baseKeyType":1,"closed":1742840809757,"used":1742840797743,"created":1742840797743,"remoteIdentityKey":"BfpE+7Omyw08lDcp3TvIkYnwcKsc++b303on5+eLNW5C"},"_chains":{"BdM8icqC0nTQIg7yAG+TeC3C6QfJRMj2kFNVDbPzCL4T":{"chainKey":{"counter":0,"key":"ooLc6ni4Bi1hlq2YMfepwb3xQJi6ZBUii7gJLK+0wbE="},"chainType":1,"messageKeys":{}}},"pendingPreKey":{"signedKeyId":1654243,"baseKey":"BWXrn3/RsI87mRQQjSgyklsRVDEbV2j26AGENjgWTQQ6","preKeyId":7994}},"BRCJdGzpzZ/kGwaeS1DOLfZFS0iaofXiu1bsEpQetsdD":{"registrationId":1765542797,"currentRatchet":{"ephemeralKeyPair":{"pubKey":"BbQTYfxS3DRe13GxS9F/x2dakPAZmrPB0pUTKMsUM3k0","privKey":"EFVTQwpUd60Y4nNXvP0m3tKcot4sI7OypaKTJ9MVO1E="},"lastRemoteEphemeralKey":"BTj2PX5+YJ7Xe0Giuez0qkMzcueiJ/5annMy9ygHgYhf","previousCounter":0,"rootKey":"SLjl6HnKO8l1/fyoYWgdwjF38mbb1K8Gf0ez58L34YM="},"indexInfo":{"baseKey":"BRCJdGzpzZ/kGwaeS1DOLfZFS0iaofXiu1bsEpQetsdD","baseKeyType":1,"closed":-1,"used":1742840808791,"created":1742840808791,"remoteIdentityKey":"BfpE+7Omyw08lDcp3TvIkYnwcKsc++b303on5+eLNW5C"},"_chains":{"BbQTYfxS3DRe13GxS9F/x2dakPAZmrPB0pUTKMsUM3k0":{"chainKey":{"counter":3,"key":"8jv7eTcZ83B3fzPM3urWRUDwqohm+llm18ZiwDZG6Ak="},"chainType":1,"messageKeys":{}}},"pendingPreKey":{"signedKeyId":1654243,"baseKey":"BRCJdGzpzZ/kGwaeS1DOLfZFS0iaofXiu1bsEpQetsdD","preKeyId":7437}}},"version":"v1"}