{"_sessions":{"BfD492VpoYDMlB3q7u4UZqnhehkZv8I3ub1bPxdN8gF/":{"registrationId":1184361730,"currentRatchet":{"ephemeralKeyPair":{"pubKey":"BfMVMB10l+/CFY3uYAVNI7PqjtGyk339mgOn/9nKmSI4","privKey":"sF4i1WuTwwEV+5dcsP9coZXNK8nTzKStwEzEIEGE/k0="},"lastRemoteEphemeralKey":"BTeiRl0ZN2ha0EJqmS46tM9Zujdh3LRAIOMM8q27WZNo","previousCounter":0,"rootKey":"xQvbQ26N55aLks70u4ubo9bAvn4uEn0p7n27UGfKovc="},"indexInfo":{"baseKey":"BfD492VpoYDMlB3q7u4UZqnhehkZv8I3ub1bPxdN8gF/","baseKeyType":1,"closed":-1,"used":1742842541408,"created":1742842541408,"remoteIdentityKey":"BQEm9zShjIMLrm5S1nsebJjQoBufOKHmUM09ZwHDKo9W"},"_chains":{"BfMVMB10l+/CFY3uYAVNI7PqjtGyk339mgOn/9nKmSI4":{"chainKey":{"counter":0,"key":"k89Kww+6Z/WPX/H48MpKzLclyhfL0LsSMLPPQhNUZRE="},"chainType":1,"messageKeys":{}}},"pendingPreKey":{"signedKeyId":24,"baseKey":"BfD492VpoYDMlB3q7u4UZqnhehkZv8I3ub1bPxdN8gF/","preKeyId":13324065}}},"version":"v1"}