{"_sessions":{"BeBOpS2D9TKF1JB7iOJ3agWTf5YDUWXq/YA3YYys0R9y":{"registrationId":1871621137,"currentRatchet":{"ephemeralKeyPair":{"pubKey":"BSZGh6PUqYKKXQFljW5rRSmy9hLIjacBuXfGeop20yx+","privKey":"mIzRBZV7uT1oAu0LsxakiYP8kQ1ApB0T7C0f1FwmPm4="},"lastRemoteEphemeralKey":"Ba35oF7X1i97Zojb13skCrO2HDyw46/ufR6mUBjkeexW","previousCounter":0,"rootKey":"241uOufGu5EoTdu9Zx/Y3zWsOTz2kr5RUx7Bsw0Kv5A="},"indexInfo":{"baseKey":"BeBOpS2D9TKF1JB7iOJ3agWTf5YDUWXq/YA3YYys0R9y","baseKeyType":1,"closed":-1,"used":1742840825758,"created":1742840825758,"remoteIdentityKey":"BWPCqOBgwtFdivu+81eEWyycpXhO4fYIp9d3X+mJv+AX"},"_chains":{"BSZGh6PUqYKKXQFljW5rRSmy9hLIjacBuXfGeop20yx+":{"chainKey":{"counter":4,"key":"WJrXLrr1nnNH/Ecr0vO+NrxphmJAQXDZBy7N4AYBkNM="},"chainType":1,"messageKeys":{}}},"pendingPreKey":{"signedKeyId":3,"baseKey":"BeBOpS2D9TKF1JB7iOJ3agWTf5YDUWXq/YA3YYys0R9y","preKeyId":9937113}}},"version":"v1"}