{"_sessions":{"BUj6OuFgbAmSTiCov9xFnZE4H/NYHB8IxZtG5O4bhfc6":{"registrationId":1517654338,"currentRatchet":{"ephemeralKeyPair":{"pubKey":"BWkrk2cPciLBO8XFK8Pc93+rUBX/wIrBB68nz+HN8qhk","privKey":"0N2zvBSN7r2uXsbr+lIObpg/5eAMeczwxJXNdoM6AlU="},"lastRemoteEphemeralKey":"Ba+V8qK7zWsnqr8Gcl4vO8rpx1yfrdqdKIBgcKLbwYV3","previousCounter":0,"rootKey":"ZI1SKVhA9DzhMezFHOasG6oGDHrCo7PzzpC2nCzze4s="},"indexInfo":{"baseKey":"BUj6OuFgbAmSTiCov9xFnZE4H/NYHB8IxZtG5O4bhfc6","baseKeyType":1,"closed":-1,"used":1742842583530,"created":1742842583530,"remoteIdentityKey":"BYLx9UY5Lxj2LofT1m7phi44sahovOpL+SvDGxzIsnsL"},"_chains":{"BWkrk2cPciLBO8XFK8Pc93+rUBX/wIrBB68nz+HN8qhk":{"chainKey":{"counter":0,"key":"Z7gcxtNKgct7Na6Q7QMBevz5Xl56w/egFqNhJ6zzByg="},"chainType":1,"messageKeys":{}}},"pendingPreKey":{"signedKeyId":0,"baseKey":"BUj6OuFgbAmSTiCov9xFnZE4H/NYHB8IxZtG5O4bhfc6","preKeyId":6223133}}},"version":"v1"}