{"_sessions":{"BVQXy1l7osD59Gn8BM9soLqPdN7KQZpXBW2llkxX5Wk6":{"registrationId":61904772,"currentRatchet":{"ephemeralKeyPair":{"pubKey":"BTdcfQ82JEuLIyrvRbLC69OJdIMtydQkZJgZTwg4dZhH","privKey":"mJ8i9qQBC4hpumP9WpIpr6l3k+00n7oY4bJiM5gF2GY="},"lastRemoteEphemeralKey":"BWcliwBkjy95AetOp+BkWg0a/imGFDNaxZflCwoR7hRX","previousCounter":0,"rootKey":"/2XO4VnzbHFYASh9JcQ4C6BA9faJHIZq85eb35BctmU="},"indexInfo":{"baseKey":"BVQXy1l7osD59Gn8BM9soLqPdN7KQZpXBW2llkxX5Wk6","baseKeyType":1,"closed":-1,"used":1742840825916,"created":1742840825916,"remoteIdentityKey":"BV6iNIcrnLhjSsSjy05adUDdvD0vtHpKM671Tbz40SEu"},"_chains":{"BTdcfQ82JEuLIyrvRbLC69OJdIMtydQkZJgZTwg4dZhH":{"chainKey":{"counter":7,"key":"X2rXS+HevDtDsDtBdqvqhnLARo2Hh1wIgRy8m12IHkE="},"chainType":1,"messageKeys":{}}},"pendingPreKey":{"signedKeyId":7,"baseKey":"BVQXy1l7osD59Gn8BM9soLqPdN7KQZpXBW2llkxX5Wk6","preKeyId":7944746}}},"version":"v1"}