{"_sessions":{"BYiryzcsZjXakPxGT8TmShw9QRCaKkK7WhE+zShDfIZZ":{"registrationId":709386711,"currentRatchet":{"ephemeralKeyPair":{"pubKey":"BbBVt9msvi5z8O0jzmcKYwyCWgb9Fy4oRq9f2TUUgIc5","privKey":"iDRjyXOM9Z3om7bDZi0r4mLPzdXt0ptLv01ZmqT2ZGc="},"lastRemoteEphemeralKey":"BVoevfidkwr/Gd0i0xso3WTdwJu6JxQALKF+nKrCn2Ab","previousCounter":0,"rootKey":"wgchxtDElrjK+DtUzN0QWAKXqBuSM/ZJGklfWpKsvqo="},"indexInfo":{"baseKey":"BYiryzcsZjXakPxGT8TmShw9QRCaKkK7WhE+zShDfIZZ","baseKeyType":1,"closed":-1,"used":1742840825797,"created":1742840825797,"remoteIdentityKey":"BWDy+ma6Yv+6SZSUi1W0qBPWyG2m3GH5bKSjg5XIVS1p"},"_chains":{"BbBVt9msvi5z8O0jzmcKYwyCWgb9Fy4oRq9f2TUUgIc5":{"chainKey":{"counter":6,"key":"rEPIE5VAFy/aRQFoDtiazCYYjTV8fYIVUxlc2MoQ5d4="},"chainType":1,"messageKeys":{}}},"pendingPreKey":{"signedKeyId":4,"baseKey":"BYiryzcsZjXakPxGT8TmShw9QRCaKkK7WhE+zShDfIZZ","preKeyId":15137479}}},"version":"v1"}