{"_sessions":{"BeZQ+8tkb9mDaGNRYylgqvrnQQWpOtjeb21xF2to+Ise":{"registrationId":1911717086,"currentRatchet":{"ephemeralKeyPair":{"pubKey":"BafPbXgJTvsU8YbJNetlAgEui69AGqNyVuc+Yngy5/10","privKey":"MLh0Rdc3uDFS5N801QGCexXG/cQNevTe27QoqH212HA="},"lastRemoteEphemeralKey":"BWZr3zs/5HGTmhywyDsHE/witEXMqXGjDUOaaapl+Rob","previousCounter":0,"rootKey":"wFIgCLWNFSa/4wQux0554tat8T9gcnSomaQSd+W5H4U="},"indexInfo":{"baseKey":"BeZQ+8tkb9mDaGNRYylgqvrnQQWpOtjeb21xF2to+Ise","baseKeyType":1,"closed":1742840854663,"used":1742840851924,"created":1742840851924,"remoteIdentityKey":"BVp5tRhLcLioGOPll0aUU1BkNc08yq3/fNBXtIN8cixJ"},"_chains":{"BafPbXgJTvsU8YbJNetlAgEui69AGqNyVuc+Yngy5/10":{"chainKey":{"counter":0,"key":"cAwWn45F9kPFJsWOwLaIqDzJet/g3Ifh56YGyySdOMs="},"chainType":1,"messageKeys":{}}},"pendingPreKey":{"signedKeyId":4,"baseKey":"BeZQ+8tkb9mDaGNRYylgqvrnQQWpOtjeb21xF2to+Ise"}},"Bal9a+zFY18+XxxxZOi0LaYb+KtqeT+XTkhT/HyRXE9n":{"registrationId":1911717086,"currentRatchet":{"ephemeralKeyPair":{"pubKey":"BZN0UhYWmhKOmRPy4BhIVlVqXSwyDfqLpW7J7p8mAqYg","privKey":"WFnuq700jhHjV8EYP2yORnGwdg/VjFFAKafFAdiWK3o="},"lastRemoteEphemeralKey":"BWZr3zs/5HGTmhywyDsHE/witEXMqXGjDUOaaapl+Rob","previousCounter":0,"rootKey":"msjMASA5x4WmW3kTcU3EJTji4bGhvPG4g+Qz8sSPwYQ="},"indexInfo":{"baseKey":"Bal9a+zFY18+XxxxZOi0LaYb+KtqeT+XTkhT/HyRXE9n","baseKeyType":1,"closed":-1,"used":1742840854499,"created":1742840854499,"remoteIdentityKey":"BVp5tRhLcLioGOPll0aUU1BkNc08yq3/fNBXtIN8cixJ"},"_chains":{"BZN0UhYWmhKOmRPy4BhIVlVqXSwyDfqLpW7J7p8mAqYg":{"chainKey":{"counter":3,"key":"mfX0m1Fd2ftG1tO2kMoAUGCGqkKwhvTA+BzM8fLZSp4="},"chainType":1,"messageKeys":{}}},"pendingPreKey":{"signedKeyId":4,"baseKey":"Bal9a+zFY18+XxxxZOi0LaYb+KtqeT+XTkhT/HyRXE9n"}}},"version":"v1"}