{"_sessions":{"BU0+tsvOh4NOEALLO66eP33euhlVXHjDLMysVXDsenxp":{"registrationId":22464887,"currentRatchet":{"ephemeralKeyPair":{"pubKey":"BSix1FITbc7xSx8EKobGIoYDjZQRs9zeV9hztqkOMsQB","privKey":"6JjbyjhCskhf3CO1R1WJ2iMQVvWvCdM/57PC5Km3P1Y="},"lastRemoteEphemeralKey":"BR1hiGoPgsXNCVrUKXxbwNYyM0Q9tD4yAU5BHgNaM7lo","previousCounter":0,"rootKey":"2WxC4Sx7xuQlYoOC738f5lvcrEdKIF3sKW4B2nY6kG0="},"indexInfo":{"baseKey":"BU0+tsvOh4NOEALLO66eP33euhlVXHjDLMysVXDsenxp","baseKeyType":1,"closed":1742840809753,"used":1742840797735,"created":1742840797735,"remoteIdentityKey":"BZ8sv4HtEDkYIPp3Ab5zeiX6YE0NFiYMV8tkCn6kr5Aa"},"_chains":{"BSix1FITbc7xSx8EKobGIoYDjZQRs9zeV9hztqkOMsQB":{"chainKey":{"counter":0,"key":"3HHB6PJtHkdGMBCUgaeLfokgHm0aK89toOwZtir5Z4c="},"chainType":1,"messageKeys":{}}},"pendingPreKey":{"signedKeyId":6659732,"baseKey":"BU0+tsvOh4NOEALLO66eP33euhlVXHjDLMysVXDsenxp"}},"BcUOwK5OYzrjsQguk+zttSOmBEK08QUbevaM3ndhP+8j":{"registrationId":22464887,"currentRatchet":{"ephemeralKeyPair":{"pubKey":"BV1QOSSlY/Gsoo6YFizfVvO0iFcqGzbJMMWhQNYBqzsu","privKey":"IC3yhERxIrvOewT6xy7WMjihU2jARiaYwnrBFmW4IG0="},"lastRemoteEphemeralKey":"BR1hiGoPgsXNCVrUKXxbwNYyM0Q9tD4yAU5BHgNaM7lo","previousCounter":0,"rootKey":"JJLXujh95wRuIWcJ7PTqNtkiSxXj92aJ6pxE5ZijwHs="},"indexInfo":{"baseKey":"BcUOwK5OYzrjsQguk+zttSOmBEK08QUbevaM3ndhP+8j","baseKeyType":1,"closed":1742840826006,"used":1742840808783,"created":1742840808783,"remoteIdentityKey":"BZ8sv4HtEDkYIPp3Ab5zeiX6YE0NFiYMV8tkCn6kr5Aa"},"_chains":{"BV1QOSSlY/Gsoo6YFizfVvO0iFcqGzbJMMWhQNYBqzsu":{"chainKey":{"counter":0,"key":"yKaak0ueNAZa8d4DRtQZC/UbCy0Gta6JiMkefoE2xIU="},"chainType":1,"messageKeys":{}}},"pendingPreKey":{"signedKeyId":6659732,"baseKey":"BcUOwK5OYzrjsQguk+zttSOmBEK08QUbevaM3ndhP+8j"}},"BRCgnSK1l/SYLQUYlWuLylXeu60ABoZZzNaLmEnySCdt":{"registrationId":22464887,"currentRatchet":{"ephemeralKeyPair":{"pubKey":"BR+6ZI63GPMHHFoMfT3FCBLQDqqO5xaJTsoy58/akcRz","privKey":"uMESx/4V9va3gJw6E4jwAV0uehVt9p3gNH8xATjO610="},"lastRemoteEphemeralKey":"BR1hiGoPgsXNCVrUKXxbwNYyM0Q9tD4yAU5BHgNaM7lo","previousCounter":0,"rootKey":"m8j64fGFjKpcj8TS1pVNKovOORIWMF8B/o7I0UV3gPw="},"indexInfo":{"baseKey":"BRCgnSK1l/SYLQUYlWuLylXeu60ABoZZzNaLmEnySCdt","baseKeyType":1,"closed":-1,"used":1742840825535,"created":1742840825535,"remoteIdentityKey":"BZ8sv4HtEDkYIPp3Ab5zeiX6YE0NFiYMV8tkCn6kr5Aa"},"_chains":{"BR+6ZI63GPMHHFoMfT3FCBLQDqqO5xaJTsoy58/akcRz":{"chainKey":{"counter":8,"key":"a1SitwFlK5Lreerq1chFWFiUpDIIs/lwNj+GPRfExKQ="},"chainType":1,"messageKeys":{}}},"pendingPreKey":{"signedKeyId":6659732,"baseKey":"BRCgnSK1l/SYLQUYlWuLylXeu60ABoZZzNaLmEnySCdt"}}},"version":"v1"}