{"_sessions":{"BRBUY+b7wfFFh8Gp4qN5xbtI8wYjuRbPfq0scqgYHlU2":{"registrationId":2067678388,"currentRatchet":{"ephemeralKeyPair":{"pubKey":"BQq5gsgbP63Ar4ULaNrsW1LaTrxu8WmNMxIC5/t8hl83","privKey":"aLEpYSpLfqddz1+P7nlwMzVXtcNEmH5YBH+IFtIwMkc="},"lastRemoteEphemeralKey":"BVn66pvCg91CjLD4HaS7Wxx/5p//lIRtgUD4pFxPGw1v","previousCounter":0,"rootKey":"YCqCg/ms4Dkj9E9T6aJ+BEQbnDLPnk8STBSWOKisSbQ="},"indexInfo":{"baseKey":"BRBUY+b7wfFFh8Gp4qN5xbtI8wYjuRbPfq0scqgYHlU2","baseKeyType":1,"closed":-1,"used":1742842533735,"created":1742842533735,"remoteIdentityKey":"BWZoUIUL+xv9yMvXICcP6ivu4ql9QTW67+VD876nGqJ3"},"_chains":{"BQq5gsgbP63Ar4ULaNrsW1LaTrxu8WmNMxIC5/t8hl83":{"chainKey":{"counter":9,"key":"t1cQQWwsRy2vxXkpck1994drM9S/qW93CH2xyQPn14U="},"chainType":1,"messageKeys":{}}},"pendingPreKey":{"signedKeyId":3,"baseKey":"BRBUY+b7wfFFh8Gp4qN5xbtI8wYjuRbPfq0scqgYHlU2","preKeyId":12076680}}},"version":"v1"}