{"_sessions":{"BcQMdkzhZ70mFI3Gc8AJrs2IVNkW3u4sFbQCyHZFa0pk":{"registrationId":1953157885,"currentRatchet":{"ephemeralKeyPair":{"pubKey":"BVLYAjYkppNxjUGXdGvvzBICna3ol9Yvl87dLOGFt64A","privKey":"gFSbxJJIyX+Rsvdj7sBdQZo7nf6azlWuCqtHbO9UQmY="},"lastRemoteEphemeralKey":"BfUI6WL1dSVJ73JYhqm+LIrDrKBkpudSFuZrCs+wml5t","previousCounter":0,"rootKey":"4gapiesZRGVfeAf9zGgcMxNAewnTcVnK24UpZHgORYk="},"indexInfo":{"baseKey":"BcQMdkzhZ70mFI3Gc8AJrs2IVNkW3u4sFbQCyHZFa0pk","baseKeyType":1,"closed":-1,"used":1742840825876,"created":1742840825876,"remoteIdentityKey":"BVHB42j6tGAlAYmNpcMDa8TiPwiEvTEnLPGnQhKbfY0C"},"_chains":{"BVLYAjYkppNxjUGXdGvvzBICna3ol9Yvl87dLOGFt64A":{"chainKey":{"counter":4,"key":"smJVoY4xmMjmJOmafGq3FyDk1JT2pSct9Xv8EklUT4k="},"chainType":1,"messageKeys":{}}},"pendingPreKey":{"signedKeyId":8,"baseKey":"BcQMdkzhZ70mFI3Gc8AJrs2IVNkW3u4sFbQCyHZFa0pk","preKeyId":12769373}}},"version":"v1"}