{"_sessions":{"BQxdTjEfli6JBX3gO8zkuf6ghW67onhSg1Y4OiAf4YMt":{"registrationId":1403495752,"currentRatchet":{"ephemeralKeyPair":{"pubKey":"BeEWAJTAOpgkcCgXVOWJ8+SAP4bMyy6vRQR6x6cBah1a","privKey":"CKFp2csXuNoxEqFJIq0c/UWXRm72oO5o0BJF+DHM6GM="},"lastRemoteEphemeralKey":"BVElwqpdD8EmCA0AKq5x9oABe8ByqrzHDQaeFtF1fHw+","previousCounter":0,"rootKey":"ZiYv0b1wpK9d0o1RZ5rNl+hQUu5gWHl6x3NO7EwHqs8="},"indexInfo":{"baseKey":"BQxdTjEfli6JBX3gO8zkuf6ghW67onhSg1Y4OiAf4YMt","baseKeyType":1,"closed":1742840812154,"used":1742840799426,"created":1742840799426,"remoteIdentityKey":"BQXm13+iv5EmE0JKSMn3LZg51onH5XT64ZBMzVq+cnVg"},"_chains":{"BeEWAJTAOpgkcCgXVOWJ8+SAP4bMyy6vRQR6x6cBah1a":{"chainKey":{"counter":0,"key":"navc1zTYEZdIOaTc0FTohNESnxelT+fDvhnWDwFUFvo="},"chainType":1,"messageKeys":{}}},"pendingPreKey":{"signedKeyId":5827371,"baseKey":"BQxdTjEfli6JBX3gO8zkuf6ghW67onhSg1Y4OiAf4YMt","preKeyId":15615}},"Bc8Xog1fDG5VDAQrTBPpJlaAwgqi2owDZS0YSU/lNXRL":{"registrationId":1403495752,"currentRatchet":{"ephemeralKeyPair":{"pubKey":"BdWrnOEzF2LkFXXF5jy0kvK4eXMu/5gnzfMm9NCzcWAZ","privKey":"GLLTRwi4q9skQpY0wKU2QLwa6wEGC5Z12f7a38nuCEg="},"lastRemoteEphemeralKey":"BVElwqpdD8EmCA0AKq5x9oABe8ByqrzHDQaeFtF1fHw+","previousCounter":0,"rootKey":"4a7GOedA5Rx9y+dGgNE9QmJFz55a/gCOUGRxq4A1vU0="},"indexInfo":{"baseKey":"Bc8Xog1fDG5VDAQrTBPpJlaAwgqi2owDZS0YSU/lNXRL","baseKeyType":1,"closed":1742840828549,"used":1742840811368,"created":1742840811368,"remoteIdentityKey":"BQXm13+iv5EmE0JKSMn3LZg51onH5XT64ZBMzVq+cnVg"},"_chains":{"BdWrnOEzF2LkFXXF5jy0kvK4eXMu/5gnzfMm9NCzcWAZ":{"chainKey":{"counter":0,"key":"21cK1aNL0UGImUr4+MfOaWsPXy2UIWj+E6XyGxVgXhs="},"chainType":1,"messageKeys":{}}},"pendingPreKey":{"signedKeyId":5827371,"baseKey":"Bc8Xog1fDG5VDAQrTBPpJlaAwgqi2owDZS0YSU/lNXRL","preKeyId":16005}},"BX7/h7CQYqHlOZgFi7dawwAZbimaA/Av47w3YOqnSm50":{"registrationId":1403495752,"currentRatchet":{"ephemeralKeyPair":{"pubKey":"BWxbCIUelDaWztYado8RQ/G/TdUMseTd7k7T0+p2vxoF","privKey":"4HzikGOFYauruJ8j/lDF55jnKU5V+5bjEcQsqtWjqVc="},"lastRemoteEphemeralKey":"BVElwqpdD8EmCA0AKq5x9oABe8ByqrzHDQaeFtF1fHw+","previousCounter":0,"rootKey":"wgQx1IIwaEpWeAmHeqXwjheay+EAMWxNHfgQarRMSc4="},"indexInfo":{"baseKey":"BX7/h7CQYqHlOZgFi7dawwAZbimaA/Av47w3YOqnSm50","baseKeyType":1,"closed":-1,"used":1742840827921,"created":1742840827921,"remoteIdentityKey":"BQXm13+iv5EmE0JKSMn3LZg51onH5XT64ZBMzVq+cnVg"},"_chains":{"BWxbCIUelDaWztYado8RQ/G/TdUMseTd7k7T0+p2vxoF":{"chainKey":{"counter":6,"key":"eT3sbXjjhbRM6auJaWHqe8xrWhViMqDHMvQt8NJ9Fio="},"chainType":1,"messageKeys":{}}},"pendingPreKey":{"signedKeyId":5827371,"baseKey":"BX7/h7CQYqHlOZgFi7dawwAZbimaA/Av47w3YOqnSm50","preKeyId":16120}}},"version":"v1"}