{"_sessions":{"BZDOp1J9mJboYuCKw1hsByHkaFhMW2nd/ZEe6nfKU5BH":{"registrationId":647149193,"currentRatchet":{"ephemeralKeyPair":{"pubKey":"BT3gghuS4S9PGc7gg2ZQqxMH9es6BHHyeax2DCR9Gdst","privKey":"iPqWkfgMRF+dVlP/cYpYGtEUocIKvf74rfRtyL4T1HU="},"lastRemoteEphemeralKey":"BVRrP+C4zxC9KcHNoNzzLjpcqrIW7SBerfj6+uObQjp1","previousCounter":0,"rootKey":"xu0WJMMPSvggl/9mvSKRTOIhOAgveQM9TVab00bLR2k="},"indexInfo":{"baseKey":"BZDOp1J9mJboYuCKw1hsByHkaFhMW2nd/ZEe6nfKU5BH","baseKeyType":1,"closed":-1,"used":1742840828007,"created":1742840828007,"remoteIdentityKey":"BWKgyICnj36WM6kzJOCrZtZRzsVseQWK9VB7inf7Y65e"},"_chains":{"BT3gghuS4S9PGc7gg2ZQqxMH9es6BHHyeax2DCR9Gdst":{"chainKey":{"counter":5,"key":"tB7D0eWrTH5bqSRbIqI9bQSaZCWSqseT0+qbCAizFuo="},"chainType":1,"messageKeys":{}}},"pendingPreKey":{"signedKeyId":9485558,"baseKey":"BZDOp1J9mJboYuCKw1hsByHkaFhMW2nd/ZEe6nfKU5BH","preKeyId":16861}}},"version":"v1"}