{"_sessions":{"BV3aeixPcE08K0JYsvbywzBlGSjhYtvKOa750sbjY8lU":{"registrationId":1644107267,"currentRatchet":{"ephemeralKeyPair":{"pubKey":"BSf0dq0nrfhaU4vqsjnVQdx4nogfGuQe2R0QIncSq055","privKey":"OPhcZ8riRUiUVnV90tigJHPAXUUTFnociVJp/FCOEmg="},"lastRemoteEphemeralKey":"BUdG7bV0BfBxFvZhzyCvJNkTNdQvV/xkxyCCxgi/qHQN","previousCounter":0,"rootKey":"XVF4BiHUD/jAFh0/xAIzq7lj18wznb8Duz3ibFMDVeA="},"indexInfo":{"baseKey":"BV3aeixPcE08K0JYsvbywzBlGSjhYtvKOa750sbjY8lU","baseKeyType":1,"closed":-1,"used":1742840825602,"created":1742840825602,"remoteIdentityKey":"BcyBKp2ZhYH60Qp8sZcx6LFHwEBlxe1+XsN39Kj7Z/ow"},"_chains":{"BSf0dq0nrfhaU4vqsjnVQdx4nogfGuQe2R0QIncSq055":{"chainKey":{"counter":4,"key":"+7tO2KDB6cD5Pr1Fl2zMj+RvGAnV8o9yl5GFAg7/d08="},"chainType":1,"messageKeys":{}}},"pendingPreKey":{"signedKeyId":0,"baseKey":"BV3aeixPcE08K0JYsvbywzBlGSjhYtvKOa750sbjY8lU"}}},"version":"v1"}