{"_sessions":{"BbIhpZ2fjrXneI6aYWBbxk79WG8Y2Kk4xNQsPYGgISJI":{"registrationId":1759472842,"currentRatchet":{"ephemeralKeyPair":{"pubKey":"Bfx48cVqbm0m5CwabwjIP0FLtmasdQEtpTSIcVbx40c/","privKey":"AB16rgq9taO0FH4WySbr2tdBI78PrHf45b2WYHTxa2w="},"lastRemoteEphemeralKey":"BTAh2IYnQxQWoIkoWjBLF8KMoYp3onNhBKmPxfEcdgZ6","previousCounter":0,"rootKey":"V6O3ZLPb+PDu5LgUyOYvtbdSJvu10e5ECeD2R0cvbTY="},"indexInfo":{"baseKey":"BbIhpZ2fjrXneI6aYWBbxk79WG8Y2Kk4xNQsPYGgISJI","baseKeyType":1,"closed":1742840809739,"used":1742840797729,"created":1742840797729,"remoteIdentityKey":"BegwVXxYtTpBOdVFO+A42f7M0voca+JUqIauqHJGIq5u"},"_chains":{"Bfx48cVqbm0m5CwabwjIP0FLtmasdQEtpTSIcVbx40c/":{"chainKey":{"counter":0,"key":"3xWhCFuSfNQIGhdB4cH0mVWzxh4/0RWXblOf12/qhoo="},"chainType":1,"messageKeys":{}}},"pendingPreKey":{"signedKeyId":7011165,"baseKey":"BbIhpZ2fjrXneI6aYWBbxk79WG8Y2Kk4xNQsPYGgISJI","preKeyId":5984}},"BfuZZW0x75lDQLpGgwcj27OpJn1GWoU8AUT/aXNU5Ex1":{"registrationId":1759472842,"currentRatchet":{"ephemeralKeyPair":{"pubKey":"BU12LgO7Q3LIQ277N4dyD0uUXrQPRnEwDX1JZxG7g0sR","privKey":"QHQW3OmY3gk98d/Bwp/1cuXBaHiflwuh5r1HC5UiTFU="},"lastRemoteEphemeralKey":"BTAh2IYnQxQWoIkoWjBLF8KMoYp3onNhBKmPxfEcdgZ6","previousCounter":0,"rootKey":"HXLgeQTjyaw5T46TujVLKgu2JokWTEGjwSqJiy0nxT4="},"indexInfo":{"baseKey":"BfuZZW0x75lDQLpGgwcj27OpJn1GWoU8AUT/aXNU5Ex1","baseKeyType":1,"closed":1742840826004,"used":1742840808777,"created":1742840808777,"remoteIdentityKey":"BegwVXxYtTpBOdVFO+A42f7M0voca+JUqIauqHJGIq5u"},"_chains":{"BU12LgO7Q3LIQ277N4dyD0uUXrQPRnEwDX1JZxG7g0sR":{"chainKey":{"counter":0,"key":"YvcOxEv6AiwSSuXEoBN0uul8fx577AWESPUFLXqsQ7U="},"chainType":1,"messageKeys":{}}},"pendingPreKey":{"signedKeyId":7011165,"baseKey":"BfuZZW0x75lDQLpGgwcj27OpJn1GWoU8AUT/aXNU5Ex1","preKeyId":6105}},"BdFPYQ15oS9N+ATeau3cvQzpV9emLFIv12QTn2TKEIdL":{"registrationId":1759472842,"currentRatchet":{"ephemeralKeyPair":{"pubKey":"BXRsuHRe8K6v1OobjnWuumv6t9RLnvsE+r31WoJHvsVb","privKey":"8M2ptjcTOeBd5Xk7Lq3ER7MM75qxqRPLxB0p9spt6GQ="},"lastRemoteEphemeralKey":"BTAh2IYnQxQWoIkoWjBLF8KMoYp3onNhBKmPxfEcdgZ6","previousCounter":0,"rootKey":"iKPFNThj9hjRl+eXqYmYmyRNW7bjAMzV0i/k69+U5nQ="},"indexInfo":{"baseKey":"BdFPYQ15oS9N+ATeau3cvQzpV9emLFIv12QTn2TKEIdL","baseKeyType":1,"closed":-1,"used":1742840825520,"created":1742840825520,"remoteIdentityKey":"BegwVXxYtTpBOdVFO+A42f7M0voca+JUqIauqHJGIq5u"},"_chains":{"BXRsuHRe8K6v1OobjnWuumv6t9RLnvsE+r31WoJHvsVb":{"chainKey":{"counter":1,"key":"GjrFyvTMYVSZRceyP0x44w/jRdDOqcR4wKFPRhcFu7E="},"chainType":1,"messageKeys":{}}},"pendingPreKey":{"signedKeyId":7011165,"baseKey":"BdFPYQ15oS9N+ATeau3cvQzpV9emLFIv12QTn2TKEIdL","preKeyId":6185}}},"version":"v1"}