{"_sessions":{"BZRV3i98Hk+whNmrn1x2r5VPjQu08WekItqD2Zi1diB+":{"registrationId":300955168,"currentRatchet":{"ephemeralKeyPair":{"pubKey":"BbMGOka35llZPNkFjVRtc11qItbDmlaVlYO3WakD4N55","privKey":"wEsWSt/8DxqgNZSckiiG4bkhhnT79FhRJPU7oRmrJEA="},"lastRemoteEphemeralKey":"BbU3hgoUCNh8/k4yhD7HC+hP51C0sCzIm4X8RFer6Zwz","previousCounter":0,"rootKey":"Mg8Ug8Lt4uFpRPV+zj6HkdN2ut8fm4qI0TB8NjO0VSk="},"indexInfo":{"baseKey":"BZRV3i98Hk+whNmrn1x2r5VPjQu08WekItqD2Zi1diB+","baseKeyType":1,"closed":1742930459528,"used":1742840827904,"created":1742840827904,"remoteIdentityKey":"Ba9yUEQPJc/ReQyv5joKCG8O21QbLC6KZHIP3ybx2bJe"},"_chains":{"BbMGOka35llZPNkFjVRtc11qItbDmlaVlYO3WakD4N55":{"chainKey":{"counter":6,"key":"790H6DtFrMTzoflByUvZA2v1JxafV9v3NBEVOAJOITk="},"chainType":1,"messageKeys":{}}},"pendingPreKey":{"signedKeyId":0,"baseKey":"BZRV3i98Hk+whNmrn1x2r5VPjQu08WekItqD2Zi1diB+","preKeyId":16226464}},"BQQ6qzzUoaRxdupKj91JR9jdAP88R8jz5W/QPw87pXFD":{"registrationId":1726815448,"currentRatchet":{"ephemeralKeyPair":{"pubKey":"BTkDFQJEbasf6A+tdHZoQQpU7XmBQDibz0iX+oHhWB4x","privKey":"wPqm+rx68pQD6duw/Tfeq1g7JkjWRl8/vw5i6G0sRk4="},"lastRemoteEphemeralKey":"BdJIenSX6QgEfjqJyy0unzbvl54scG86PwQZ1Zykrll8","previousCounter":0,"rootKey":"hDPqeAWdA1qmsgF5kdOQsApxbpUHgGzYN8N6Tz6Umm4="},"indexInfo":{"baseKey":"BQQ6qzzUoaRxdupKj91JR9jdAP88R8jz5W/QPw87pXFD","baseKeyType":1,"closed":1742930460142,"used":1742930459430,"created":1742930459430,"remoteIdentityKey":"BRfRvNKXelv7Y91pOi84YS8ibeDlrQ6CGNxw/4C3IeNX"},"_chains":{"BTkDFQJEbasf6A+tdHZoQQpU7XmBQDibz0iX+oHhWB4x":{"chainKey":{"counter":-1,"key":"uU2niM3QtTGT43oUWUq6qKN6AYl4RhtF3O7DXdSsR5Q="},"chainType":1,"messageKeys":{}}},"pendingPreKey":{"signedKeyId":0,"baseKey":"BQQ6qzzUoaRxdupKj91JR9jdAP88R8jz5W/QPw87pXFD"}},"BSQ5oOF0iL8EKintTX29jfVOr2SD2VV3/47DuTJ0+Ql1":{"registrationId":1726815448,"currentRatchet":{"ephemeralKeyPair":{"pubKey":"BUHJkarkJtDwVPXkQUjFlR3WwXVrtGkI/HVfXGbxT+Bk","privKey":"6IBBFJOMyzwM8MvLIx5QHmEhiLL5PItqd2CWBOyLXVk="},"lastRemoteEphemeralKey":"BdJIenSX6QgEfjqJyy0unzbvl54scG86PwQZ1Zykrll8","previousCounter":0,"rootKey":"dqpRNQ5PZFmKHidN9bqWHcqkdxUOmuwLuV24Vta9rxw="},"indexInfo":{"baseKey":"BSQ5oOF0iL8EKintTX29jfVOr2SD2VV3/47DuTJ0+Ql1","baseKeyType":1,"closed":1742930460669,"used":1742930460126,"created":1742930460126,"remoteIdentityKey":"BRfRvNKXelv7Y91pOi84YS8ibeDlrQ6CGNxw/4C3IeNX"},"_chains":{"BUHJkarkJtDwVPXkQUjFlR3WwXVrtGkI/HVfXGbxT+Bk":{"chainKey":{"counter":-1,"key":"vGp+Qn9OP+mXWAlzAuX/FFb7iPtq3wz1CatiRDGNV4A="},"chainType":1,"messageKeys":{}}},"pendingPreKey":{"signedKeyId":0,"baseKey":"BSQ5oOF0iL8EKintTX29jfVOr2SD2VV3/47DuTJ0+Ql1"}},"BZSSuPA8oD7ZC7P+bAy51Z0YFJVxl/SD51N0pXzBwC8t":{"registrationId":1726815448,"currentRatchet":{"ephemeralKeyPair":{"pubKey":"BR6RsDprcWyvunTqBRwirJZqpLZGdw0abGa3DjgAl/95","privKey":"OIeNGmfq16jJP0yHV1RisVws5Z8WZX9Tz/khlgudKHE="},"lastRemoteEphemeralKey":"BdJIenSX6QgEfjqJyy0unzbvl54scG86PwQZ1Zykrll8","previousCounter":0,"rootKey":"ghmiX19wENfiZqc94yU4zYoo+qMYzEBTQV9TYRkdYR8="},"indexInfo":{"baseKey":"BZSSuPA8oD7ZC7P+bAy51Z0YFJVxl/SD51N0pXzBwC8t","baseKeyType":1,"closed":-1,"used":1742930460659,"created":1742930460659,"remoteIdentityKey":"BRfRvNKXelv7Y91pOi84YS8ibeDlrQ6CGNxw/4C3IeNX"},"_chains":{"BR6RsDprcWyvunTqBRwirJZqpLZGdw0abGa3DjgAl/95":{"chainKey":{"counter":-1,"key":"yTawSORPxILiqTEKXU4p4+XeS2UZ8KqZDYH0Fc2Nci0="},"chainType":1,"messageKeys":{}}},"pendingPreKey":{"signedKeyId":0,"baseKey":"BZSSuPA8oD7ZC7P+bAy51Z0YFJVxl/SD51N0pXzBwC8t"}}},"version":"v1"}