{"_sessions":{"BQ//YOaMeUvSa/FbILo5BRRQNpDwjVxrrIbZJMrrj/c0":{"registrationId":2041227633,"currentRatchet":{"ephemeralKeyPair":{"pubKey":"BSTcixIsKc/V0jiwzFRBZlakEVkYrnKZJkvnFc1EP8dJ","privKey":"+I9OeJAguLobiYiAfybKCrIMI6vC7grYDdk9UUXy73c="},"lastRemoteEphemeralKey":"BY+tfz4e8WP7PNKXl8EfHPxhENuOHTv/47OIWoKs2TdF","previousCounter":0,"rootKey":"mBbFGCE2MaTUf1uX6gOygcDEYcuWT1Jt3OjwrAxPqmk="},"indexInfo":{"baseKey":"BQ//YOaMeUvSa/FbILo5BRRQNpDwjVxrrIbZJMrrj/c0","baseKeyType":1,"closed":-1,"used":1742840852051,"created":1742840852051,"remoteIdentityKey":"BRhLIy+P7f3ghtJ3CxKZPiFpGOPuG9JCrnEErc/44Bhb"},"_chains":{"BSTcixIsKc/V0jiwzFRBZlakEVkYrnKZJkvnFc1EP8dJ":{"chainKey":{"counter":0,"key":"yMMTGVGaeoebdoiIc7U/MhtahuA/yt8aDD7tAHl5KNg="},"chainType":1,"messageKeys":{}}},"pendingPreKey":{"signedKeyId":8,"baseKey":"BQ//YOaMeUvSa/FbILo5BRRQNpDwjVxrrIbZJMrrj/c0","preKeyId":14955705}}},"version":"v1"}