{"_sessions":{"BUb2U2DojjvsBgl5GlW5+ADrYskLjlEphf6Pa5kKkXt/":{"registrationId":1002370042,"currentRatchet":{"ephemeralKeyPair":{"pubKey":"BQFqxZpYUrVoHUNlqK9OU4+P8BpCIV0a6So5rYLyK/1s","privKey":"AKhIukYUKzOmkxPRFWJkIgwnHBG2ufFUDW1p0KCk4nE="},"lastRemoteEphemeralKey":"BV3fZ2LLNYTe0DJfWyQtJN1/7Q3Aw7LrPDPmeN9OfUtM","previousCounter":0,"rootKey":"e0DEoRyy8WHgJWM0Sqm7sF2eL3PVAytI0qC1GcIXZRg="},"indexInfo":{"baseKey":"BUb2U2DojjvsBgl5GlW5+ADrYskLjlEphf6Pa5kKkXt/","baseKeyType":1,"closed":1742840809938,"used":1742840797906,"created":1742840797906,"remoteIdentityKey":"BQCG7RoNtIjXfSMiRkqpzCJIomsUIMo8hLZOTMaT40J8"},"_chains":{"BQFqxZpYUrVoHUNlqK9OU4+P8BpCIV0a6So5rYLyK/1s":{"chainKey":{"counter":0,"key":"SlDMuC2QyVCa9rwoTwL3pYilbNDBYAyDWDfKf0OKU14="},"chainType":1,"messageKeys":{}}},"pendingPreKey":{"signedKeyId":0,"baseKey":"BUb2U2DojjvsBgl5GlW5+ADrYskLjlEphf6Pa5kKkXt/","preKeyId":12357154}},"BTYiEj6+wBG5g6ciLWEQ2Pfn/SqsE1jCeEcjvNVTvm1m":{"registrationId":1002370042,"currentRatchet":{"ephemeralKeyPair":{"pubKey":"BdaMb+awDaWlnUluMuMdFQA4jUpFkAwpTzHKgM/Zss9Y","privKey":"YMhVrbB4hbmt7IPgNXY9dAhDBW7fHC3ALz2rWKgNZW4="},"lastRemoteEphemeralKey":"BV3fZ2LLNYTe0DJfWyQtJN1/7Q3Aw7LrPDPmeN9OfUtM","previousCounter":0,"rootKey":"F4R6qnXM2OhRdeN5zbl11ZNOtU0jU44cn4VQiJpoooo="},"indexInfo":{"baseKey":"BTYiEj6+wBG5g6ciLWEQ2Pfn/SqsE1jCeEcjvNVTvm1m","baseKeyType":1,"closed":1742840828505,"used":1742840808947,"created":1742840808947,"remoteIdentityKey":"BQCG7RoNtIjXfSMiRkqpzCJIomsUIMo8hLZOTMaT40J8"},"_chains":{"BdaMb+awDaWlnUluMuMdFQA4jUpFkAwpTzHKgM/Zss9Y":{"chainKey":{"counter":0,"key":"WMfCKC8/rG0Qne4DG04/9xzeI2k5M7G6kQDqj+lbr4I="},"chainType":1,"messageKeys":{}}},"pendingPreKey":{"signedKeyId":0,"baseKey":"BTYiEj6+wBG5g6ciLWEQ2Pfn/SqsE1jCeEcjvNVTvm1m","preKeyId":12357156}},"BS8umGFHvjwOVG+6PQI8CJSvCGmCzg+5Tvwv0czuZkIK":{"registrationId":1002370042,"currentRatchet":{"ephemeralKeyPair":{"pubKey":"BWt5YZpSRra/ioj7r2/XVOtgmCfYcKP52MnKb4grT44T","privKey":"4Nv7eSeBoqhNZQ5QJo4pk1a00mXE2GghZmU8VD5Wt1Q="},"lastRemoteEphemeralKey":"BV3fZ2LLNYTe0DJfWyQtJN1/7Q3Aw7LrPDPmeN9OfUtM","previousCounter":0,"rootKey":"GOfDqFONgB3Dn6oVfsdBUPOKWJI/OcTKWcXtjYsuR1A="},"indexInfo":{"baseKey":"BS8umGFHvjwOVG+6PQI8CJSvCGmCzg+5Tvwv0czuZkIK","baseKeyType":1,"closed":-1,"used":1742840827550,"created":1742840827550,"remoteIdentityKey":"BQCG7RoNtIjXfSMiRkqpzCJIomsUIMo8hLZOTMaT40J8"},"_chains":{"BWt5YZpSRra/ioj7r2/XVOtgmCfYcKP52MnKb4grT44T":{"chainKey":{"counter":8,"key":"S4DMFTDgx80itsAgGcF1TGuS7VuSZa4rE/OP/FtHQ9E="},"chainType":1,"messageKeys":{}}},"pendingPreKey":{"signedKeyId":0,"baseKey":"BS8umGFHvjwOVG+6PQI8CJSvCGmCzg+5Tvwv0czuZkIK","preKeyId":12357172}}},"version":"v1"}