{"_sessions":{"BbytxNs9yQEHTJYI7QyWuNL1etWrXFMPQIjjp6+sa5ML":{"registrationId":94363653,"currentRatchet":{"ephemeralKeyPair":{"pubKey":"Be+mwTlXlpHmlzfNcLG+6Ff0af/2PHv3KPrZXYWd4XJg","privKey":"OHMju0beU1BHQadOAA0uutaCT4vH2InsmdpyGDDO9EI="},"lastRemoteEphemeralKey":"BWiwp+DUwjhIKXGyv0jUvJEuFvZtINccN85sl8YdLT5m","previousCounter":0,"rootKey":"Z9UPzu6Xtc5ZBaeyUfwP+Q5e9y2bfFRxgMD8COWiefo="},"indexInfo":{"baseKey":"BbytxNs9yQEHTJYI7QyWuNL1etWrXFMPQIjjp6+sa5ML","baseKeyType":1,"closed":-1,"used":1742840825630,"created":1742840825630,"remoteIdentityKey":"BYgBZNFHa9wmfJ1rYUipatnXm0724xBAg/D4Aa8SsWZC"},"_chains":{"Be+mwTlXlpHmlzfNcLG+6Ff0af/2PHv3KPrZXYWd4XJg":{"chainKey":{"counter":3,"key":"/RLgvoodsIAskaQQtwzFf+LwuQzr/6xmZjkhgsTcFrU="},"chainType":1,"messageKeys":{}}},"pendingPreKey":{"signedKeyId":3,"baseKey":"BbytxNs9yQEHTJYI7QyWuNL1etWrXFMPQIjjp6+sa5ML","preKeyId":12648073}}},"version":"v1"}