{"_sessions":{"BYdSloHyFqZqlYtA/7y4EnWGDZl0ZRBGYSBPJBXvcXQu":{"registrationId":304476750,"currentRatchet":{"ephemeralKeyPair":{"pubKey":"BfiI1Am5ZZPw2I2Bru7Oq8EK769r1ZMfcE8G4/+RtW8j","privKey":"gMKEMW7egdtVL5dwdheB2d5gpzUM43Wmewy2KNIm4VQ="},"lastRemoteEphemeralKey":"BYp8+ultz003+FDwCUbGkgJp6qqXm52TsMvZuuHFBWY+","previousCounter":0,"rootKey":"wo3YFYR1EWpDqgWprM57DC1OH10oufTT3U5qac5CkuQ="},"indexInfo":{"baseKey":"BYdSloHyFqZqlYtA/7y4EnWGDZl0ZRBGYSBPJBXvcXQu","baseKeyType":1,"closed":-1,"used":1742840827820,"created":1742840827820,"remoteIdentityKey":"BRyK2AXXMY1OAcBOGY1+kEs4BKhJFHG/SHO8XOJ5O8hm"},"_chains":{"BfiI1Am5ZZPw2I2Bru7Oq8EK769r1ZMfcE8G4/+RtW8j":{"chainKey":{"counter":1,"key":"a8EwVxWeGcHY641lzikrqAUqqO480deK7UIX3z06BRY="},"chainType":1,"messageKeys":{}}},"pendingPreKey":{"signedKeyId":11,"baseKey":"BYdSloHyFqZqlYtA/7y4EnWGDZl0ZRBGYSBPJBXvcXQu","preKeyId":12788727}}},"version":"v1"}