{"_sessions":{"BZwDTyQEq27ygh8GXfL+PKRGdr83liUyBWN0QwEfo2Zk":{"registrationId":4168,"currentRatchet":{"ephemeralKeyPair":{"pubKey":"BVa219YYC6qJaX/nlm2qHM66NeUGUuGpxVCr0cZW7gF4","privKey":"SGOvEaqqVISPBUlZ0m6gUjQbNFMAzPBc8nWM9DswJFM="},"lastRemoteEphemeralKey":"BVZxl5zbEMrBRQCYzdB7ziWYfe+ziJQTzrKMHdx9Grdv","previousCounter":0,"rootKey":"2wACvFua4aQY6A90eUI/af6DUZL38iweQyY/dVp3e8w="},"indexInfo":{"baseKey":"BZwDTyQEq27ygh8GXfL+PKRGdr83liUyBWN0QwEfo2Zk","baseKeyType":1,"closed":-1,"used":1742840822734,"created":1742840822734,"remoteIdentityKey":"BfqUeLfUOeMkZ9I9zKrycqP/WmMlbyuTfDP89vsq620R"},"_chains":{"BVa219YYC6qJaX/nlm2qHM66NeUGUuGpxVCr0cZW7gF4":{"chainKey":{"counter":5,"key":"IisfhKKxZkz13RBYRgnZXehzZ3qkmzgs5lKyBea+dnQ="},"chainType":1,"messageKeys":{}}},"pendingPreKey":{"signedKeyId":1,"baseKey":"BZwDTyQEq27ygh8GXfL+PKRGdr83liUyBWN0QwEfo2Zk","preKeyId":1}}},"version":"v1"}