{"_sessions":{"BbJwJmqLu/TavMPimMrVRnt3baww9NwJ5nsxaugT414T":{"registrationId":704965157,"currentRatchet":{"ephemeralKeyPair":{"pubKey":"Bf7RxShQWPJFGvUruRCRS2qPOWOBO4CoSWqYp2wlFA19","privKey":"CKCAMMdYNqFmyxUPOgX/0b1Mw+bTS1abIa9s6nstCkc="},"lastRemoteEphemeralKey":"BSMnLBMLmjMgRbquwbKYZRtm8Er23r7p0QMyUF3WOd4c","previousCounter":0,"rootKey":"tQf/E2C6+vkB6YPM7bJWKh0AB22oqgrVGTudlzBH81A="},"indexInfo":{"baseKey":"BbJwJmqLu/TavMPimMrVRnt3baww9NwJ5nsxaugT414T","baseKeyType":1,"closed":-1,"used":1742840828240,"created":1742840828240,"remoteIdentityKey":"BVjpaI0uLY4YpIxY5zeufwlS0ToJ8ZYqWvHJtFvbNQNc"},"_chains":{"Bf7RxShQWPJFGvUruRCRS2qPOWOBO4CoSWqYp2wlFA19":{"chainKey":{"counter":4,"key":"BE3zBH+5DsX14Jd4VgY6NCS55YKFhScWknd4Gv+Zm+s="},"chainType":1,"messageKeys":{}}},"pendingPreKey":{"signedKeyId":7,"baseKey":"BbJwJmqLu/TavMPimMrVRnt3baww9NwJ5nsxaugT414T","preKeyId":34129}}},"version":"v1"}