{"_sessions":{"BeucU7kA7vVxSzR0ACKi7fR90Owo8kbthSTMeK5ZndYY":{"registrationId":128088288,"currentRatchet":{"ephemeralKeyPair":{"pubKey":"BSZk93XLSSsQP+skz76wo+iCiZvyGZd92dw5LDf7JHIQ","privKey":"aOkslv36Thx0yOMN/ME5bxjb4eNHqmsorvRvps0fh20="},"lastRemoteEphemeralKey":"BUxWjeoE5iKPBSFOQ9omPlcnTbD8gamjhBmxVe7xH8EF","previousCounter":0,"rootKey":"c61BMbgz9ktedVSDVLN5loXNCg7ZiYRmFNx66FIJFQQ="},"indexInfo":{"baseKey":"BeucU7kA7vVxSzR0ACKi7fR90Owo8kbthSTMeK5ZndYY","baseKeyType":1,"closed":-1,"used":1742840828312,"created":1742840828312,"remoteIdentityKey":"BQna30YLmZVeWqvUhwYuonahi97BSu8U0uLekce/Xb8D"},"_chains":{"BSZk93XLSSsQP+skz76wo+iCiZvyGZd92dw5LDf7JHIQ":{"chainKey":{"counter":0,"key":"vqFLtFA52YJbDV/RNP54A1+YsMA0wOCY0cBa1M3Vi/M="},"chainType":1,"messageKeys":{}}},"pendingPreKey":{"signedKeyId":1,"baseKey":"BeucU7kA7vVxSzR0ACKi7fR90Owo8kbthSTMeK5ZndYY","preKeyId":14666471}}},"version":"v1"}