{"_sessions":{"BfV6F2+DvOqO1pnfxORaIFwbMtkGA9XCb0lYv+ix53gC":{"registrationId":1755239045,"currentRatchet":{"ephemeralKeyPair":{"pubKey":"BQyB2vWjJXgaOKJGpRBh/D+D0hsIGtMWLY3j9xaWAAFk","privKey":"6HsNwRL9Dr1MylWZcCYu39nSlZHad/0jGQ3fZlXdmnA="},"lastRemoteEphemeralKey":"BXTU8PjdzlYw/NZ0QT1IThRcJncRucMJEcQZv6j5jII8","previousCounter":0,"rootKey":"VdEAzSVm0lW+rtAcf6UO8ndck97xVSdPzmhj9HcpJJE="},"indexInfo":{"baseKey":"BfV6F2+DvOqO1pnfxORaIFwbMtkGA9XCb0lYv+ix53gC","baseKeyType":1,"closed":-1,"used":1742840825923,"created":1742840825923,"remoteIdentityKey":"BZ9bW71mUfna3xjqVK8udzjblgE1HqulBoRcCmaawYQ7"},"_chains":{"BQyB2vWjJXgaOKJGpRBh/D+D0hsIGtMWLY3j9xaWAAFk":{"chainKey":{"counter":1,"key":"TJ6NAz9LDWt9nkekN581s/QeeS7L9vWKQ+j1daCsDeg="},"chainType":1,"messageKeys":{}}},"pendingPreKey":{"signedKeyId":1,"baseKey":"BfV6F2+DvOqO1pnfxORaIFwbMtkGA9XCb0lYv+ix53gC","preKeyId":10160402}}},"version":"v1"}