{"_sessions":{"BW4ZOdyHoYxYfspiQp8RTYea7PNsOmuDpTADVKe8cjpj":{"registrationId":1648760634,"currentRatchet":{"ephemeralKeyPair":{"pubKey":"Bc8nELf5btWkBauru+24pOlOc4n5jPsRTuVBHvMsn3sx","privKey":"mBQSfbexu+AZDLmACol9tRdoF+Uhj/7Xvj+SS3qb3Wo="},"lastRemoteEphemeralKey":"Bfj9XBGkIX5aVMS8wca+vzv9gEQw022nwJUJ8J2YDb0L","previousCounter":0,"rootKey":"E408fCM6+MoefhIrjdc7lGZC26DrxihWv1FDyLvtsqs="},"indexInfo":{"baseKey":"BW4ZOdyHoYxYfspiQp8RTYea7PNsOmuDpTADVKe8cjpj","baseKeyType":1,"closed":-1,"used":1742840825495,"created":1742840825495,"remoteIdentityKey":"BQw8Jsh9hJlGEVWl8eTS7tZVOUlRG+Y/MiMedIuQxWFx"},"_chains":{"Bc8nELf5btWkBauru+24pOlOc4n5jPsRTuVBHvMsn3sx":{"chainKey":{"counter":1,"key":"TvkOpb4qHcuO/ZiD4GwfozGBXeMCg4CNEEqtlDBWnaU="},"chainType":1,"messageKeys":{}}},"pendingPreKey":{"signedKeyId":11,"baseKey":"BW4ZOdyHoYxYfspiQp8RTYea7PNsOmuDpTADVKe8cjpj","preKeyId":2418157}}},"version":"v1"}