{"_sessions":{"BVzVT8zkHxDHrGtzq7ircnZsANOQUYNMfRZu1E28ubog":{"registrationId":1811069029,"currentRatchet":{"ephemeralKeyPair":{"pubKey":"BZgccllx0TMR64AyRPofsFGvwvQqSlZorh+JyNR5V/VW","privKey":"EA75XFCg56usuIa1u25m9RtLaD63FZTQOXdIJYpiBEs="},"lastRemoteEphemeralKey":"Bd7QdHfUKOHPKLC9PtjTE71DRgWFIt5rGaWDXQi+oP80","previousCounter":0,"rootKey":"EsnHzltMciQhYdrZ2WopefZrjkRRbglGo6lckZX9kSA="},"indexInfo":{"baseKey":"BVzVT8zkHxDHrGtzq7ircnZsANOQUYNMfRZu1E28ubog","baseKeyType":1,"closed":-1,"used":1742840827710,"created":1742840827710,"remoteIdentityKey":"BdvQMMX9uRzTnNNQu0AD40PXNwRuqDwTPv4c+rRBpERU"},"_chains":{"BZgccllx0TMR64AyRPofsFGvwvQqSlZorh+JyNR5V/VW":{"chainKey":{"counter":0,"key":"wXyHomWHYAdiTIsfvtrGZKvhbkom6/inVcYoYUvJZeI="},"chainType":1,"messageKeys":{}}},"pendingPreKey":{"signedKeyId":15,"baseKey":"BVzVT8zkHxDHrGtzq7ircnZsANOQUYNMfRZu1E28ubog","preKeyId":5251431}}},"version":"v1"}