{"_sessions":{"BSjrqRxrbgMwSSexpR2IGmnnfQB08MctbmMDRfvdFghR":{"registrationId":485192237,"currentRatchet":{"ephemeralKeyPair":{"pubKey":"BUmwl42MIzs3yyUj1+ZC725UC9n5XFZo+LlBMi6d280i","privKey":"8C7x12soMvof9GSus07KtdOFiUcdIp6NUCt3hagT/Wg="},"lastRemoteEphemeralKey":"BWZjjUOMPhlZ/cNbVh2pAz3Bfmw0XVLSQwurFjHmvC1L","previousCounter":0,"rootKey":"Y50QDAKqjyIjVzwRtpNWphL9YKOTpKqNuwInv3qekEI="},"indexInfo":{"baseKey":"BSjrqRxrbgMwSSexpR2IGmnnfQB08MctbmMDRfvdFghR","baseKeyType":1,"closed":-1,"used":1742840828051,"created":1742840828051,"remoteIdentityKey":"Bagn0pEL8Q+fZXW+ExQy9+7OqIgQ/7/8p3ipmRSoA19Q"},"_chains":{"BUmwl42MIzs3yyUj1+ZC725UC9n5XFZo+LlBMi6d280i":{"chainKey":{"counter":5,"key":"1qcQIVdHzUYsA9a04lIMFnnXRu7m0ShBDfE5kBowOro="},"chainType":1,"messageKeys":{}}},"pendingPreKey":{"signedKeyId":12,"baseKey":"BSjrqRxrbgMwSSexpR2IGmnnfQB08MctbmMDRfvdFghR","preKeyId":13440446}}},"version":"v1"}