{"_sessions":{"BbUqc8mGikSStM3Zht7c57bqirfkY9oLAnNkVbNhcIQw":{"registrationId":2037317052,"currentRatchet":{"ephemeralKeyPair":{"pubKey":"BW1uBPSsEVYvw2HIgAudP4bWPmYqprovjLVSgjxOjs9l","privKey":"wGLn+NrTUwdWhWqpeTHD/JjTVkGsbphu63P6ONKeplY="},"lastRemoteEphemeralKey":"BYIoYnamfJURISDQbaongtdSvoGE7IYIhF99VaDBzl5J","previousCounter":0,"rootKey":"jsjAmR2ZQOToFBUGZNx5oE+5DWZ2nLqku83O/FLtg6Y="},"indexInfo":{"baseKey":"BbUqc8mGikSStM3Zht7c57bqirfkY9oLAnNkVbNhcIQw","baseKeyType":1,"closed":-1,"used":1742840825782,"created":1742840825782,"remoteIdentityKey":"Bb0XrZik4lvWMtgcohWixTxEdHarWdjv8Upe0hDj/Dgp"},"_chains":{"BW1uBPSsEVYvw2HIgAudP4bWPmYqprovjLVSgjxOjs9l":{"chainKey":{"counter":2,"key":"OeDxxEjJIkio0Aj3IcyxDuer5H1f1qvrTUWfUyl4Qu0="},"chainType":1,"messageKeys":{}}},"pendingPreKey":{"signedKeyId":47,"baseKey":"BbUqc8mGikSStM3Zht7c57bqirfkY9oLAnNkVbNhcIQw","preKeyId":5828312}}},"version":"v1"}