{"_sessions":{"BRVdVx/3Oqsnfxxi0a+ke8pkg1MMnjKQoYO1FDiJgRkn":{"registrationId":2053728487,"currentRatchet":{"ephemeralKeyPair":{"pubKey":"BYnjCX+KnHFtZ3cGynvqARJQZKW5u071VyARsNrT69Q7","privKey":"qFMnAjIoQBOE45kprmyfIF5lqgNGcdwDLt8JhChXR0k="},"lastRemoteEphemeralKey":"BWsimMFkKATxsXUJu0X0IfvQsqdnbF+o39uj17fZNGBR","previousCounter":0,"rootKey":"5G0Y2vQK/ua2wa+9TOrJbE2KsogwQc32YPDMAfM2l3s="},"indexInfo":{"baseKey":"BRVdVx/3Oqsnfxxi0a+ke8pkg1MMnjKQoYO1FDiJgRkn","baseKeyType":1,"closed":-1,"used":1742840852028,"created":1742840852028,"remoteIdentityKey":"BbhmEXuPe51gUdReX+ezoEYFABV0g/z13scHCepkwzAz"},"_chains":{"BYnjCX+KnHFtZ3cGynvqARJQZKW5u071VyARsNrT69Q7":{"chainKey":{"counter":0,"key":"Wn+edG9VSpFbdbvKESAanwIf3hEjW8w/LdiqORPeFqc="},"chainType":1,"messageKeys":{}}},"pendingPreKey":{"signedKeyId":3712073,"baseKey":"BRVdVx/3Oqsnfxxi0a+ke8pkg1MMnjKQoYO1FDiJgRkn","preKeyId":3544}}},"version":"v1"}