{"_sessions":{"BTo/NXfEgb8YHJBQPl3QbDhoocmDtFym2CSA3m16C+9t":{"registrationId":1475220221,"currentRatchet":{"ephemeralKeyPair":{"pubKey":"BSYiWdYMnKCdluLbqu545o8wcF58y6pjZEtUoiz5Tidu","privKey":"cCSoy3ZmE//AxJtzwWeDTfKzRE/CrCdjvy93OB1Qrno="},"lastRemoteEphemeralKey":"Bfs1CCxY5Jf5oIJoEwKXrbPE5tCsy27RVEnS1tDceKpf","previousCounter":0,"rootKey":"S65I4npB4TuKg9L/6vxcaMrJWZVyr8RrHj54ypvtNsk="},"indexInfo":{"baseKey":"BTo/NXfEgb8YHJBQPl3QbDhoocmDtFym2CSA3m16C+9t","baseKeyType":1,"closed":-1,"used":1742840827781,"created":1742840827781,"remoteIdentityKey":"Bfl5csTszYYno2h49Aj48n4Hhby1lcw05iXqaKqblJNv"},"_chains":{"BSYiWdYMnKCdluLbqu545o8wcF58y6pjZEtUoiz5Tidu":{"chainKey":{"counter":0,"key":"brgSoyitdg6NNoHkcPCp7RGlPz1rI2yVq6o8fIi6054="},"chainType":1,"messageKeys":{}}},"pendingPreKey":{"signedKeyId":3,"baseKey":"BTo/NXfEgb8YHJBQPl3QbDhoocmDtFym2CSA3m16C+9t","preKeyId":10317786}}},"version":"v1"}