{"_sessions":{"BQT44cCSB/C7buPsJXdVTkenxTbSvWSd+/qb819TESEy":{"registrationId":342319969,"currentRatchet":{"ephemeralKeyPair":{"pubKey":"BZzAQx3uhmMnWKhI0PCeykN2Zxcsm17xStBhia59TdNI","privKey":"wDSd/wjaUYrDbAJqynYUo27XmS/+dstWgfvMH+KXNGA="},"lastRemoteEphemeralKey":"BXm0HZ/rBGXHU7Qhf32kHTxhd4b2Ufvjb6pzCn9FUsAX","previousCounter":0,"rootKey":"fnYvdVg3s+fW7a5vkGFulqY8d/VnWJDRuc1YX13DDqg="},"indexInfo":{"baseKey":"BQT44cCSB/C7buPsJXdVTkenxTbSvWSd+/qb819TESEy","baseKeyType":1,"closed":-1,"used":1742840827973,"created":1742840827973,"remoteIdentityKey":"BSeMCQHJLt3SvWYHMPgAlE//ppsnPfqw7vmiPqQHtt1N"},"_chains":{"BZzAQx3uhmMnWKhI0PCeykN2Zxcsm17xStBhia59TdNI":{"chainKey":{"counter":0,"key":"EMgdEgbOzDEAbjVkRjXQ3v9sMxf/j4TqgPQiYSUDH2Y="},"chainType":1,"messageKeys":{}}},"pendingPreKey":{"signedKeyId":14,"baseKey":"BQT44cCSB/C7buPsJXdVTkenxTbSvWSd+/qb819TESEy","preKeyId":16462346}}},"version":"v1"}