{"_sessions":{"BZsy7NG6pSwgIBMyVsAnR6D6xX/7Pu0mdCKgfxOqNhJy":{"registrationId":470619198,"currentRatchet":{"ephemeralKeyPair":{"pubKey":"BQu+prrNQj/t2zA5FzqXjXojdvP/aUX7w5Km7qJN2V4y","privKey":"EOPy9W37mXz/KnCZTVoODhDgvitQTDCxwxvvId4I0Vk="},"lastRemoteEphemeralKey":"BX7SVUthdXmorMJs/a83kH49hzRdL1HYXqzvV+ut/8Vk","previousCounter":0,"rootKey":"t+cS7T8Wby9b91mkSYt1fBxq4sIfUKgX2+cKNAcgIm0="},"indexInfo":{"baseKey":"BZsy7NG6pSwgIBMyVsAnR6D6xX/7Pu0mdCKgfxOqNhJy","baseKeyType":1,"closed":1742840809817,"used":1742840797798,"created":1742840797798,"remoteIdentityKey":"BdxQEPdWTLDo/aBFPimM34mcyDv1lhg3ZtImEVOQdpIS"},"_chains":{"BQu+prrNQj/t2zA5FzqXjXojdvP/aUX7w5Km7qJN2V4y":{"chainKey":{"counter":0,"key":"qK1RteUbTudDobFUj7jN/AMGSbUpAnsvvAUgpTm8lsA="},"chainType":1,"messageKeys":{}}},"pendingPreKey":{"signedKeyId":4,"baseKey":"BZsy7NG6pSwgIBMyVsAnR6D6xX/7Pu0mdCKgfxOqNhJy","preKeyId":1854752}},"BeYMxxmnc9d6DAkjh+AgQtiZNdZWtTGDzAX6ySYEFiEl":{"registrationId":470619198,"currentRatchet":{"ephemeralKeyPair":{"pubKey":"BaFGI/N+ZdEas8EPvvMANOlWVAiYQEBKtUjUgF6Nbpdg","privKey":"2Eol6gAaPzHlv7LtWhbhwrMydj9w550t5JLTafwz3lU="},"lastRemoteEphemeralKey":"BX7SVUthdXmorMJs/a83kH49hzRdL1HYXqzvV+ut/8Vk","previousCounter":0,"rootKey":"oADiApYB/yoawGNK1BmhyKcpvQNBXF73OXtDxU60+Xg="},"indexInfo":{"baseKey":"BeYMxxmnc9d6DAkjh+AgQtiZNdZWtTGDzAX6ySYEFiEl","baseKeyType":1,"closed":1742840826024,"used":1742840808844,"created":1742840808844,"remoteIdentityKey":"BdxQEPdWTLDo/aBFPimM34mcyDv1lhg3ZtImEVOQdpIS"},"_chains":{"BaFGI/N+ZdEas8EPvvMANOlWVAiYQEBKtUjUgF6Nbpdg":{"chainKey":{"counter":0,"key":"sRAbaTFTS65TqxVYmTNFbY49dCLWy73HPXoH6lcYuqI="},"chainType":1,"messageKeys":{}}},"pendingPreKey":{"signedKeyId":4,"baseKey":"BeYMxxmnc9d6DAkjh+AgQtiZNdZWtTGDzAX6ySYEFiEl","preKeyId":1854431}},"BV7IFbFh8Sde5tJshGrErXR6KFaUuMgf7S3xQX7ixMYD":{"registrationId":470619198,"currentRatchet":{"ephemeralKeyPair":{"pubKey":"Be/ueigWjW/OayncOIj+J19qNiDt6p5Xn+7suN7wzfQC","privKey":"KAlPfxQ67UDj2fiRqjR45InnXARgrd7BWxa+Xbrh22o="},"lastRemoteEphemeralKey":"BX7SVUthdXmorMJs/a83kH49hzRdL1HYXqzvV+ut/8Vk","previousCounter":0,"rootKey":"F63zPgUonr2N6Ue9/GnyynLbRrPHJMXsmg1kvndtVB0="},"indexInfo":{"baseKey":"BV7IFbFh8Sde5tJshGrErXR6KFaUuMgf7S3xQX7ixMYD","baseKeyType":1,"closed":-1,"used":1742840825697,"created":1742840825697,"remoteIdentityKey":"BdxQEPdWTLDo/aBFPimM34mcyDv1lhg3ZtImEVOQdpIS"},"_chains":{"Be/ueigWjW/OayncOIj+J19qNiDt6p5Xn+7suN7wzfQC":{"chainKey":{"counter":8,"key":"5EYYYMKbN3Q26JsgpEhS429lszEAcLqJ8kkPyk3I9QM="},"chainType":1,"messageKeys":{}}},"pendingPreKey":{"signedKeyId":4,"baseKey":"BV7IFbFh8Sde5tJshGrErXR6KFaUuMgf7S3xQX7ixMYD","preKeyId":1854846}}},"version":"v1"}