{"_sessions":{"BeEI7Vy3mbNrbsSpq+Q5XI23kepT4AtN6Li/MOvcfMZ7":{"registrationId":1872019705,"currentRatchet":{"ephemeralKeyPair":{"pubKey":"Bc0BTyQnI9+zVu162mlPLecU48NxQZO4+ysXKiN0SWIC","privKey":"gC2UgKDomNmjJumFclVtnXnO/p1yGUHwAFX6IU2XS2w="},"lastRemoteEphemeralKey":"BUWtL4DaKzocn9EvT3dQwlD/ipccKEKWWlFhXKEoJKof","previousCounter":0,"rootKey":"7gyZUgs4nKZnuNSSLrStobbf9Ru61YtA1gL1XwDJpto="},"indexInfo":{"baseKey":"BeEI7Vy3mbNrbsSpq+Q5XI23kepT4AtN6Li/MOvcfMZ7","baseKeyType":1,"closed":1742840809942,"used":1742840797914,"created":1742840797914,"remoteIdentityKey":"BaYWLwkJ36HizSMVse9XYLz++ZPhOGiHNzhuzVpZqFgP"},"_chains":{"Bc0BTyQnI9+zVu162mlPLecU48NxQZO4+ysXKiN0SWIC":{"chainKey":{"counter":0,"key":"WN45OjE3RDqTY1phJhgNBy4+edu71nznwIrqXHNDGD8="},"chainType":1,"messageKeys":{}}},"pendingPreKey":{"signedKeyId":12,"baseKey":"BeEI7Vy3mbNrbsSpq+Q5XI23kepT4AtN6Li/MOvcfMZ7","preKeyId":11364278}},"BWxyQm1Xa79aRh5suxXfXZT1s5ZA8iu3u0aUd3jNrThu":{"registrationId":1872019705,"currentRatchet":{"ephemeralKeyPair":{"pubKey":"BaYwCuAUMu3YcNcdbcRJm0xihwJ3SA8VKgED6CrGq+dH","privKey":"8LB98xqJ6CWVR4SXDOn9fb9NLsxUely5wTVaW+l440A="},"lastRemoteEphemeralKey":"BUWtL4DaKzocn9EvT3dQwlD/ipccKEKWWlFhXKEoJKof","previousCounter":0,"rootKey":"/vmioU4V/pvMdoa5kHlWzf/DhJCL/ECFXfduPpnFpdA="},"indexInfo":{"baseKey":"BWxyQm1Xa79aRh5suxXfXZT1s5ZA8iu3u0aUd3jNrThu","baseKeyType":1,"closed":1742840828506,"used":1742840808955,"created":1742840808955,"remoteIdentityKey":"BaYWLwkJ36HizSMVse9XYLz++ZPhOGiHNzhuzVpZqFgP"},"_chains":{"BaYwCuAUMu3YcNcdbcRJm0xihwJ3SA8VKgED6CrGq+dH":{"chainKey":{"counter":0,"key":"uQ7S3n9tHvvDdiQ0XBJGFZ2ZtK4WrWbkvFq4jTWZ5J4="},"chainType":1,"messageKeys":{}}},"pendingPreKey":{"signedKeyId":12,"baseKey":"BWxyQm1Xa79aRh5suxXfXZT1s5ZA8iu3u0aUd3jNrThu","preKeyId":11364352}},"BdPlH5qrZO4Ozge5KkewT8gSoOZmKPtvPJZjpWo0ZWke":{"registrationId":1872019705,"currentRatchet":{"ephemeralKeyPair":{"pubKey":"BbdUZBr5XsTqY91eys7v8huDNBODKV+PbA3bTkGq2qwu","privKey":"oK1cQdMDV79vUA/ASiIleHOWEGVAGXBp2opp6PYvgHo="},"lastRemoteEphemeralKey":"BUWtL4DaKzocn9EvT3dQwlD/ipccKEKWWlFhXKEoJKof","previousCounter":0,"rootKey":"07wMc8+m/sNnYwUqcrIXmPIbrLFBFcg1et4V0OxVIGY="},"indexInfo":{"baseKey":"BdPlH5qrZO4Ozge5KkewT8gSoOZmKPtvPJZjpWo0ZWke","baseKeyType":1,"closed":-1,"used":1742840827576,"created":1742840827576,"remoteIdentityKey":"BaYWLwkJ36HizSMVse9XYLz++ZPhOGiHNzhuzVpZqFgP"},"_chains":{"BbdUZBr5XsTqY91eys7v8huDNBODKV+PbA3bTkGq2qwu":{"chainKey":{"counter":8,"key":"NdforJrkTkP+BtSnMsACkgNvZH6IEgC9qVlCH5gkst8="},"chainType":1,"messageKeys":{}}},"pendingPreKey":{"signedKeyId":12,"baseKey":"BdPlH5qrZO4Ozge5KkewT8gSoOZmKPtvPJZjpWo0ZWke","preKeyId":11364248}}},"version":"v1"}