{"_sessions":{"Bf33rC5hwmEoj3B+XBVww2bCRavqmC40hF8QO+lDVakc":{"registrationId":831977746,"currentRatchet":{"ephemeralKeyPair":{"pubKey":"BQSBaIsfcbVEsLnqFY0Jb5z+/4AwnnykLR3W/YpdH+FI","privKey":"uJuv9gsEuYYNW9qxzLcasfBGuobkqxil9bG4IqJr/2Q="},"lastRemoteEphemeralKey":"BVSxjOERVqxPgXe8cJrkhiCoXyBUyMk3RSWoUzdn3IQR","previousCounter":0,"rootKey":"HBZxwsZGnoiIOwzqdln5wM/XvpyJJ/WPPVZyQxHbILY="},"indexInfo":{"baseKey":"Bf33rC5hwmEoj3B+XBVww2bCRavqmC40hF8QO+lDVakc","baseKeyType":1,"closed":1742840812171,"used":1742840799434,"created":1742840799434,"remoteIdentityKey":"BegvQ/d7VIaAt6i1fHU+CFWMaoVNCXcP7uXVaL286RhM"},"_chains":{"BQSBaIsfcbVEsLnqFY0Jb5z+/4AwnnykLR3W/YpdH+FI":{"chainKey":{"counter":0,"key":"1vTMVT2aIEsu1T+Dqhkfw3wk6mcPa+MFCkwbkw3H2KQ="},"chainType":1,"messageKeys":{}}},"pendingPreKey":{"signedKeyId":0,"baseKey":"Bf33rC5hwmEoj3B+XBVww2bCRavqmC40hF8QO+lDVakc","preKeyId":7910285}},"BcQuoGljXY7c1DtdVzf149WCkGtbC0fKPUbcziYjQMJi":{"registrationId":831977746,"currentRatchet":{"ephemeralKeyPair":{"pubKey":"BcwGNdu1aMgSZqXn8CkipttjDR2sMjg8Mw7VGOdmMpoq","privKey":"6IGnF5eNXiDLThZ7VA3T/k0reFxY5Uh0MhCI1cOmU2s="},"lastRemoteEphemeralKey":"BVSxjOERVqxPgXe8cJrkhiCoXyBUyMk3RSWoUzdn3IQR","previousCounter":0,"rootKey":"/oDxJi/M62olOzyfO/vdfCX8wStM2mNP4zGnVyrUHI8="},"indexInfo":{"baseKey":"BcQuoGljXY7c1DtdVzf149WCkGtbC0fKPUbcziYjQMJi","baseKeyType":1,"closed":1742840828550,"used":1742840811376,"created":1742840811376,"remoteIdentityKey":"BegvQ/d7VIaAt6i1fHU+CFWMaoVNCXcP7uXVaL286RhM"},"_chains":{"BcwGNdu1aMgSZqXn8CkipttjDR2sMjg8Mw7VGOdmMpoq":{"chainKey":{"counter":0,"key":"tfxw/OAH8UHN3m6bflZ+WCRbHBeDjET5Z80APJHsaxY="},"chainType":1,"messageKeys":{}}},"pendingPreKey":{"signedKeyId":0,"baseKey":"BcQuoGljXY7c1DtdVzf149WCkGtbC0fKPUbcziYjQMJi","preKeyId":7910441}},"BXcypDOt5JWsR1xaxOBYl0zanOlNCumM4BKxxS2bqzZD":{"registrationId":831977746,"currentRatchet":{"ephemeralKeyPair":{"pubKey":"BYPJS9mmV6Or9uvBu0pkJ1xrSmFgCqKZ+c/krGBBYV9w","privKey":"eGXV3hlycJT//D+ThuHU9S3WiLHCXf/vtom6QK3Z+FQ="},"lastRemoteEphemeralKey":"BRHQdn4WFNBd9dr43JyKQ8e0VlJHGC5nmfFCU5sz22ca","previousCounter":6,"rootKey":"3I5MtMHU5dCY49jR8HGy85bwwJGt8UAbNWhBAIF7D5I="},"indexInfo":{"baseKey":"BXcypDOt5JWsR1xaxOBYl0zanOlNCumM4BKxxS2bqzZD","baseKeyType":1,"closed":-1,"used":1742905301692,"created":1742840827938,"remoteIdentityKey":"BegvQ/d7VIaAt6i1fHU+CFWMaoVNCXcP7uXVaL286RhM"},"_chains":{"BRHQdn4WFNBd9dr43JyKQ8e0VlJHGC5nmfFCU5sz22ca":{"chainKey":{"counter":1,"key":"D+mm06NKuzZfevSxJASS7kosi8hV10x4jey7xEE4EAw="},"chainType":2,"messageKeys":{}},"BYPJS9mmV6Or9uvBu0pkJ1xrSmFgCqKZ+c/krGBBYV9w":{"chainKey":{"counter":1,"key":"fHdQ90gChCRNsOJEZNumjeqTlEZVjuQVtKmjowzwYk0="},"chainType":1,"messageKeys":{}}}}},"version":"v1"}