{"_sessions":{"BVP8KpavwFsbkBLguKawNbuaifdOPzpiEJVoWFyGx3ZO":{"registrationId":2108893997,"currentRatchet":{"ephemeralKeyPair":{"pubKey":"BZg+eo0CcFaqinDxn45k+1Rx3B93taAwUq/yXn3+rO9s","privKey":"yDSXe6yb2whHJFPaJHqUMCIClhkiqdARKClW27jQSEM="},"lastRemoteEphemeralKey":"BZDg2n9a+tf8veiiMJGgLUyEMa5iBDfnPvPlH0oH6Tsj","previousCounter":0,"rootKey":"xfxgv6x78LwI6pZ1Sgr0IRQHdMOSx8FxtvAyp+0bcM4="},"indexInfo":{"baseKey":"BVP8KpavwFsbkBLguKawNbuaifdOPzpiEJVoWFyGx3ZO","baseKeyType":1,"closed":-1,"used":1742840825462,"created":1742840825462,"remoteIdentityKey":"BZUK+ubvr/mGYvZ8yTunF1mH1sTR3xBKo4M+QHxejXx0"},"_chains":{"BZg+eo0CcFaqinDxn45k+1Rx3B93taAwUq/yXn3+rO9s":{"chainKey":{"counter":3,"key":"An06L6ctGjHAzmh2qBuoFxmKW7WgCNkuEC3vaOsDEQ4="},"chainType":1,"messageKeys":{}}},"pendingPreKey":{"signedKeyId":1,"baseKey":"BVP8KpavwFsbkBLguKawNbuaifdOPzpiEJVoWFyGx3ZO","preKeyId":9296322}}},"version":"v1"}