{"_sessions":{"BVkRbf7fyNt/9aYQ7NGcKPLK8Qw1ykxIiinW0nHVCppw":{"registrationId":303918045,"currentRatchet":{"ephemeralKeyPair":{"pubKey":"BWA7dbaQUSSBlRf2ElcQoQmCqrswejVXr00H+xil5mQy","privKey":"ID2sNBdlFZ65PY9eNkBd94yekCMW9pxdGXNPmekkR0s="},"lastRemoteEphemeralKey":"BSgyFZIbUQ4eyrR3OMJxgmntMApObPMT0zh+EFxfgA0/","previousCounter":0,"rootKey":"k9m5z/odIL4tB9xh38CrtBHXCtunEifqGrLlTLj1RUc="},"indexInfo":{"baseKey":"BVkRbf7fyNt/9aYQ7NGcKPLK8Qw1ykxIiinW0nHVCppw","baseKeyType":1,"closed":-1,"used":1742840852083,"created":1742840852083,"remoteIdentityKey":"BbIfMq0qFNU67CLt3zZSqGxuyN8kE/3N0fHj6kQrq2Fz"},"_chains":{"BWA7dbaQUSSBlRf2ElcQoQmCqrswejVXr00H+xil5mQy":{"chainKey":{"counter":0,"key":"voPG0Se5YPrNX1SI5ol6h1hiDvAF8Ns2cdLByYWScds="},"chainType":1,"messageKeys":{}}},"pendingPreKey":{"signedKeyId":2,"baseKey":"BVkRbf7fyNt/9aYQ7NGcKPLK8Qw1ykxIiinW0nHVCppw","preKeyId":7713985}}},"version":"v1"}