{"_sessions":{"BXy7Zj0SCILHSwhzf2IPO0EdItPqhMFYXu66ZyaWtfdA":{"registrationId":537490660,"currentRatchet":{"ephemeralKeyPair":{"pubKey":"BdqYjUdGSweQ/A2piriht4JWIze1wsXXPNdZRrI2AlF2","privKey":"iGe6hI1XV/PRvMtp7KNW/7yLF6BVkUpeL8zgHl3aiE0="},"lastRemoteEphemeralKey":"BeczC0+CoyKx/aHdITmeDOAIspcoP4lXkIhmbxJVvdAl","previousCounter":0,"rootKey":"O2Uf45QvvuLfH9gBrbMSD6DmEd4h8c/DdJslc8On8F0="},"indexInfo":{"baseKey":"BXy7Zj0SCILHSwhzf2IPO0EdItPqhMFYXu66ZyaWtfdA","baseKeyType":1,"closed":-1,"used":1742840827675,"created":1742840827675,"remoteIdentityKey":"BWFs0/pP0rU2XmMuFXIfpz3hjSxgjvc9+QixPy5X/0M+"},"_chains":{"BdqYjUdGSweQ/A2piriht4JWIze1wsXXPNdZRrI2AlF2":{"chainKey":{"counter":0,"key":"EDVF3y0vmPMDs+tdqkUGfnnQKrtNPAlBkrAmRka+LWU="},"chainType":1,"messageKeys":{}}},"pendingPreKey":{"signedKeyId":11,"baseKey":"BXy7Zj0SCILHSwhzf2IPO0EdItPqhMFYXu66ZyaWtfdA","preKeyId":781910}}},"version":"v1"}