{"_sessions":{"BbExkwRNAI9gCDUXJsXrU2+MnHyE6Dx5ntZBOWCsHK0i":{"registrationId":1980699926,"currentRatchet":{"ephemeralKeyPair":{"pubKey":"BSiX7cIDQK8CoTMQt0cCi1jG+KBKTUtJp2PELZ7wII0O","privKey":"+FrD2Ck4tD+m8sW001B4wFbLatL+5Rh5gLsVh1CX/04="},"lastRemoteEphemeralKey":"BVIFTGWXeL+eoqD11Jw5Adsry/DxYjk9qfwuirZL8L5z","previousCounter":0,"rootKey":"5VYoz18kWany73JWxw7mc7Q527ooc2lcPWTPaMRwL0s="},"indexInfo":{"baseKey":"BbExkwRNAI9gCDUXJsXrU2+MnHyE6Dx5ntZBOWCsHK0i","baseKeyType":1,"closed":-1,"used":1742842541447,"created":1742842541447,"remoteIdentityKey":"BTtVq5gM+0p5v4iBbNZlMXdWPQhlQlKNFwZ/eDDhR4Vu"},"_chains":{"BSiX7cIDQK8CoTMQt0cCi1jG+KBKTUtJp2PELZ7wII0O":{"chainKey":{"counter":0,"key":"DZDcBSJm8mAm3DyDyUosRIzIzY3BoiUo/PvEH48271M="},"chainType":1,"messageKeys":{}}},"pendingPreKey":{"signedKeyId":2,"baseKey":"BbExkwRNAI9gCDUXJsXrU2+MnHyE6Dx5ntZBOWCsHK0i","preKeyId":5693409}}},"version":"v1"}