{"_sessions":{"Bb/0P3X+VLnUaL9DsQH2miIjpHloi/GWArCmjhQjHRdG":{"registrationId":774645328,"currentRatchet":{"ephemeralKeyPair":{"pubKey":"BZKrs/i58yKTyPNJ9rO/nU0BEG0IeGHesq6xvYZa+wso","privKey":"eKTDubIPwuha17HFct9cUPeJuutjwmRziycp32maCls="},"lastRemoteEphemeralKey":"BeQmhGSxMxNgZiHPP6Q/6v7YR9K/eU74Ffh9qLpqosJC","previousCounter":0,"rootKey":"7F4arUfSdUUgJZU7cvO5Jr+CXM09yqNXzsMteDOhfoI="},"indexInfo":{"baseKey":"Bb/0P3X+VLnUaL9DsQH2miIjpHloi/GWArCmjhQjHRdG","baseKeyType":1,"closed":-1,"used":1742840825416,"created":1742840825416,"remoteIdentityKey":"BXzxNXf392im7skpKy+lp92ptoefmTv4QHR0i4aEXPIG"},"_chains":{"BZKrs/i58yKTyPNJ9rO/nU0BEG0IeGHesq6xvYZa+wso":{"chainKey":{"counter":0,"key":"lvNntDMxnx6kuOofCx2DnDu2p4KWCiiOuQXvXPBwsmw="},"chainType":1,"messageKeys":{}}},"pendingPreKey":{"signedKeyId":15,"baseKey":"Bb/0P3X+VLnUaL9DsQH2miIjpHloi/GWArCmjhQjHRdG","preKeyId":4349019}}},"version":"v1"}