{"_sessions":{"BVpqUnYO60TWehTDkcvd0x7+IlLRfb+0o//KsDcKUKFs":{"registrationId":1989148568,"currentRatchet":{"ephemeralKeyPair":{"pubKey":"BU/1q9ccD728Gww/wAdGAQTxpZZpAO1CyBWmljRO02RV","privKey":"yLbBJedrJx73Gec26ymHfs7DvPB1eRUAnCeo+hPOck0="},"lastRemoteEphemeralKey":"BQHf/o9L+0ifoxKAzcjR9ysF0GTfU3M+hx0FBVTBKKoY","previousCounter":0,"rootKey":"fFw+nE+ot3cx9/luWJo8zQWEyiWoU90vnDiPOWHrdag="},"indexInfo":{"baseKey":"BVpqUnYO60TWehTDkcvd0x7+IlLRfb+0o//KsDcKUKFs","baseKeyType":1,"closed":-1,"used":1742840828042,"created":1742840828042,"remoteIdentityKey":"BfFV3gLScPYAqd0fFgcdUWMJ5aJwJOYQQdI/btmlUc4N"},"_chains":{"BU/1q9ccD728Gww/wAdGAQTxpZZpAO1CyBWmljRO02RV":{"chainKey":{"counter":1,"key":"rwq9lopqn4678pBEe3dw0kDxdgr4U+egzHK1eGMEM0w="},"chainType":1,"messageKeys":{}}},"pendingPreKey":{"signedKeyId":35,"baseKey":"BVpqUnYO60TWehTDkcvd0x7+IlLRfb+0o//KsDcKUKFs","preKeyId":14732379}}},"version":"v1"}