{"_sessions":{"BU5hkCLMdR3IvKS54Q4UrdfYsGXsmt2Cl90nvpk0Y01Y":{"registrationId":7914,"currentRatchet":{"ephemeralKeyPair":{"pubKey":"BXmw+X3U72M/zp+U8v7Qkf2E1dRJxNdYaMwjBWLCkIpl","privKey":"OHChFxtwV1B2Q33hU0K9mQ7KTMDkil1cqoQCOsvu2Fk="},"lastRemoteEphemeralKey":"BTPacK8AvuWZhg17Bx23lj+xS7YnriCNtleSSx7kI6Yk","previousCounter":0,"rootKey":"EoUNIVNrJGkTansF3dVvi9kSEwE3D3jMewyUvJJ10Jg="},"indexInfo":{"baseKey":"BU5hkCLMdR3IvKS54Q4UrdfYsGXsmt2Cl90nvpk0Y01Y","baseKeyType":1,"closed":-1,"used":1742840851700,"created":1742840851700,"remoteIdentityKey":"BS5f6ooSUSFT2+Bng7CAOjpUXXIzNQgyoWsHFf16ZGZC"},"_chains":{"BXmw+X3U72M/zp+U8v7Qkf2E1dRJxNdYaMwjBWLCkIpl":{"chainKey":{"counter":0,"key":"TLuBJOoAMxBNirXfwbqZYgRrr7myoE06zKPQFi8YfFg="},"chainType":1,"messageKeys":{}}},"pendingPreKey":{"signedKeyId":1,"baseKey":"BU5hkCLMdR3IvKS54Q4UrdfYsGXsmt2Cl90nvpk0Y01Y"}}},"version":"v1"}