{"_sessions":{"BaZV1kJ8HScklZ0Ty0aja2VSdbZE7alFuwguhEep+IoU":{"registrationId":1354390951,"currentRatchet":{"ephemeralKeyPair":{"pubKey":"BbQgKJXVdNck7SUKyjQH4cV8UfcQ48ItEGDj+bNW+JIW","privKey":"AMjjrkVmBUz6l1+AF1YeeMJIUKVyrFy+Zp8siiwk8GY="},"lastRemoteEphemeralKey":"BW5VYPzhgbOdUTcZqRGj48oiUIZmzudjWC5V6UHRbaxk","previousCounter":0,"rootKey":"RkM3HaGB/6PPBww6cDgaGxGDKvzHvdt1mjuzIT2z+sw="},"indexInfo":{"baseKey":"BaZV1kJ8HScklZ0Ty0aja2VSdbZE7alFuwguhEep+IoU","baseKeyType":1,"closed":-1,"used":1742840825398,"created":1742840825398,"remoteIdentityKey":"BetmRI78/oSJkF7bUL3YQ5uQElX7Rf2MK+2BNzmeIkFH"},"_chains":{"BbQgKJXVdNck7SUKyjQH4cV8UfcQ48ItEGDj+bNW+JIW":{"chainKey":{"counter":0,"key":"KDiFRyjU9Popw94UKUoM6zBeeBf1XTzkbJqnLyfW8hI="},"chainType":1,"messageKeys":{}}},"pendingPreKey":{"signedKeyId":14,"baseKey":"BaZV1kJ8HScklZ0Ty0aja2VSdbZE7alFuwguhEep+IoU","preKeyId":16749222}}},"version":"v1"}