{"_sessions":{"Bfmiqw76a6PQHfgpv1Sptp1nZR3lHq02bmSXLSL2QQwH":{"registrationId":1257033352,"currentRatchet":{"ephemeralKeyPair":{"pubKey":"BWa8pyYuymVUiln9Dp+doEdqEMfnic3jVPaZTif3k9Jj","privKey":"gCWDpJ/rdb6N3+thUaLoJ7+z2h+vfgAweDZ07PFr7WU="},"lastRemoteEphemeralKey":"BTY1f3xFvhrI3bAb2VEnjnjOEJi4ygBRMkVCiYgid3wT","previousCounter":0,"rootKey":"G+AFMaSwyj3C9dA1QL58Phd3c0Fu27RuY264gmA+RNA="},"indexInfo":{"baseKey":"Bfmiqw76a6PQHfgpv1Sptp1nZR3lHq02bmSXLSL2QQwH","baseKeyType":1,"closed":1742840810005,"used":1742840797972,"created":1742840797972,"remoteIdentityKey":"BYlZoG+6mZeUhujEVnjzUXQM64Xa68njRlj+naQ5Yk8B"},"_chains":{"BWa8pyYuymVUiln9Dp+doEdqEMfnic3jVPaZTif3k9Jj":{"chainKey":{"counter":0,"key":"qKi1/NbcWdikvBs64Axut5eXnApp6RR/88QRtiUg0Qg="},"chainType":1,"messageKeys":{}}},"pendingPreKey":{"signedKeyId":0,"baseKey":"Bfmiqw76a6PQHfgpv1Sptp1nZR3lHq02bmSXLSL2QQwH"}},"BXEOsa7y9/qhdzZ+j0qR5+pNjPnm7DUGUekd9oeECqxA":{"registrationId":1257033352,"currentRatchet":{"ephemeralKeyPair":{"pubKey":"BaWJNorLQHywFQrtQfU8L3R/QwnjRpH123GISIScKLNi","privKey":"eOoQUZPx1SGHbhOUIev6VFS63K6UOzEUrAczM11eQ24="},"lastRemoteEphemeralKey":"BTY1f3xFvhrI3bAb2VEnjnjOEJi4ygBRMkVCiYgid3wT","previousCounter":0,"rootKey":"HvhSuhrLEZJcFBgHQSQWs1cZEbAgZnJyOC1vuI2klRM="},"indexInfo":{"baseKey":"BXEOsa7y9/qhdzZ+j0qR5+pNjPnm7DUGUekd9oeECqxA","baseKeyType":1,"closed":1742840828530,"used":1742840809013,"created":1742840809013,"remoteIdentityKey":"BYlZoG+6mZeUhujEVnjzUXQM64Xa68njRlj+naQ5Yk8B"},"_chains":{"BaWJNorLQHywFQrtQfU8L3R/QwnjRpH123GISIScKLNi":{"chainKey":{"counter":0,"key":"tL5/YLeUv4tfsI9nERWdGUhSGiZoz6FmzWAs7zanGxM="},"chainType":1,"messageKeys":{}}},"pendingPreKey":{"signedKeyId":0,"baseKey":"BXEOsa7y9/qhdzZ+j0qR5+pNjPnm7DUGUekd9oeECqxA"}},"BRGYMwQMJziQIIcNJK/kjEMdWHBJlgJCR/B/EgMxR/QT":{"registrationId":1257033352,"currentRatchet":{"ephemeralKeyPair":{"pubKey":"BT5gaZef9cZPR+uAWhNaAhRuEJOqlGCdzfv3d17U/M0l","privKey":"iCiAg+0DWS848AFcabC+1rztStHkqvGGHFJ5LYU/+Go="},"lastRemoteEphemeralKey":"BTY1f3xFvhrI3bAb2VEnjnjOEJi4ygBRMkVCiYgid3wT","previousCounter":0,"rootKey":"JPjn4uF2lgUxGJOlgxrtd2JzTKOpGDdvKFoCnKCIq1Q="},"indexInfo":{"baseKey":"BRGYMwQMJziQIIcNJK/kjEMdWHBJlgJCR/B/EgMxR/QT","baseKeyType":1,"closed":-1,"used":1742840827747,"created":1742840827747,"remoteIdentityKey":"BYlZoG+6mZeUhujEVnjzUXQM64Xa68njRlj+naQ5Yk8B"},"_chains":{"BT5gaZef9cZPR+uAWhNaAhRuEJOqlGCdzfv3d17U/M0l":{"chainKey":{"counter":6,"key":"zhVVOiw88OS19KwxL21rO35PFJ0kxwXzq+RY48jHS40="},"chainType":1,"messageKeys":{}}},"pendingPreKey":{"signedKeyId":0,"baseKey":"BRGYMwQMJziQIIcNJK/kjEMdWHBJlgJCR/B/EgMxR/QT"}}},"version":"v1"}