{"_sessions":{"BWQ3TRGqUfOJxtbBYOEqYYvOWWoGmPHVcuDWsSzTLw1b":{"registrationId":518046237,"currentRatchet":{"ephemeralKeyPair":{"pubKey":"BSfSVnCPoiHoZY6j4l57oLDxqZfFC4HGHxO8+KIh8s5X","privKey":"aD53f1RvRTN7ew+0svbiQAu82JRpj+sy25y+JIr8zX8="},"lastRemoteEphemeralKey":"BZKXrTX0Rd9WkCnpbWdEBjFz8L7Q2QhjxixO9lVCQU8U","previousCounter":0,"rootKey":"n7Gj6100GCTVje1Tq1a7N8r1lpEWrt1JWSPFAMhZClc="},"indexInfo":{"baseKey":"BWQ3TRGqUfOJxtbBYOEqYYvOWWoGmPHVcuDWsSzTLw1b","baseKeyType":1,"closed":1742840812321,"used":1742840799585,"created":1742840799585,"remoteIdentityKey":"BfQ6JmnXG27jThKwzoclUgm+N7wh7eBvoY8osK7E1PQh"},"_chains":{"BSfSVnCPoiHoZY6j4l57oLDxqZfFC4HGHxO8+KIh8s5X":{"chainKey":{"counter":0,"key":"x9Xj2z0ferKvfer81yWzYC9l1+XCudQinJNxNdiF+AU="},"chainType":1,"messageKeys":{}}},"pendingPreKey":{"signedKeyId":4,"baseKey":"BWQ3TRGqUfOJxtbBYOEqYYvOWWoGmPHVcuDWsSzTLw1b","preKeyId":281888}},"BfzicXurPFt5Wy1IWoDodPTXMoep40IZlNyK9cC6j4Rf":{"registrationId":518046237,"currentRatchet":{"ephemeralKeyPair":{"pubKey":"Befnr2YowCN8ehh5/eAdErEZc+WNDW0eKSIrT9CI0Zs9","privKey":"ON5HB2RJ1pLXEQJbCtv+Nb+sbpDRRDOXXeVn7cQ/bHs="},"lastRemoteEphemeralKey":"BZKXrTX0Rd9WkCnpbWdEBjFz8L7Q2QhjxixO9lVCQU8U","previousCounter":0,"rootKey":"EMj5qgAIDKkmZTMcp272eruHqUVML8rI8bgBgD0snTs="},"indexInfo":{"baseKey":"BfzicXurPFt5Wy1IWoDodPTXMoep40IZlNyK9cC6j4Rf","baseKeyType":1,"closed":1742840828608,"used":1742840811515,"created":1742840811515,"remoteIdentityKey":"BfQ6JmnXG27jThKwzoclUgm+N7wh7eBvoY8osK7E1PQh"},"_chains":{"Befnr2YowCN8ehh5/eAdErEZc+WNDW0eKSIrT9CI0Zs9":{"chainKey":{"counter":0,"key":"f5zqm/5iPsVyvC54D/ovZmYpp/bhOJZAcg+64My45N0="},"chainType":1,"messageKeys":{}}},"pendingPreKey":{"signedKeyId":4,"baseKey":"BfzicXurPFt5Wy1IWoDodPTXMoep40IZlNyK9cC6j4Rf","preKeyId":281939}},"BVf0Tn8gRVgGnOMqX1jZx0khvJQRwfumE23cC7O/1yc7":{"registrationId":518046237,"currentRatchet":{"ephemeralKeyPair":{"pubKey":"BThkzGvJ7mNp6fMKE+lKe/0C9rOIRAIVxBIXL/3z2RMl","privKey":"wAe1ajpWYUbpsLlyqCunf2+SpuQWUoSjQYe5blCQBWg="},"lastRemoteEphemeralKey":"BZKXrTX0Rd9WkCnpbWdEBjFz8L7Q2QhjxixO9lVCQU8U","previousCounter":0,"rootKey":"l2Y+5MN9qMWkRYXWOYodhrqLXcSQpji8BNvE09ujCrA="},"indexInfo":{"baseKey":"BVf0Tn8gRVgGnOMqX1jZx0khvJQRwfumE23cC7O/1yc7","baseKeyType":1,"closed":-1,"used":1742840828330,"created":1742840828330,"remoteIdentityKey":"BfQ6JmnXG27jThKwzoclUgm+N7wh7eBvoY8osK7E1PQh"},"_chains":{"BThkzGvJ7mNp6fMKE+lKe/0C9rOIRAIVxBIXL/3z2RMl":{"chainKey":{"counter":6,"key":"n+54F+LjgeTZXRvyjqonF6V85odcT0By16kvJfdqjkQ="},"chainType":1,"messageKeys":{}}},"pendingPreKey":{"signedKeyId":4,"baseKey":"BVf0Tn8gRVgGnOMqX1jZx0khvJQRwfumE23cC7O/1yc7","preKeyId":282074}}},"version":"v1"}