{"_sessions":{"BdW+0aAeX7vs32qGsZVQrdY7HL1mh5x3el9l+ZIlIaQo":{"registrationId":1913777971,"currentRatchet":{"ephemeralKeyPair":{"pubKey":"BdSCFZbE9+URuuul1rNLKRan3xp8t7VzSI/eIgVbnkgl","privKey":"gD7uKPM9301RFPeKpTpIg6TJdvcDawZmWpI1fSBHv3E="},"lastRemoteEphemeralKey":"BRZ1uJGGF8keNEewo1IbhIHwCt9XeTHaX5++Rf8V3mtA","previousCounter":0,"rootKey":"m1jlVEXH1DjCzMboaeV6yhzRgXwEe9YEH3m56CLM1JA="},"indexInfo":{"baseKey":"BdW+0aAeX7vs32qGsZVQrdY7HL1mh5x3el9l+ZIlIaQo","baseKeyType":1,"closed":-1,"used":1742840828078,"created":1742840828078,"remoteIdentityKey":"BSi/ne451f4vj/yY8u0LMmmmZqMQRuYW8kkqrjkncOMn"},"_chains":{"BdSCFZbE9+URuuul1rNLKRan3xp8t7VzSI/eIgVbnkgl":{"chainKey":{"counter":0,"key":"lWMwZfylDal2LgvcRnAwjnRjdlkAYA+DvZPWDzEhB4M="},"chainType":1,"messageKeys":{}}},"pendingPreKey":{"signedKeyId":605353,"baseKey":"BdW+0aAeX7vs32qGsZVQrdY7HL1mh5x3el9l+ZIlIaQo","preKeyId":9114}}},"version":"v1"}