{"_sessions":{"BchS0f4itUnHQmyHNUSY0WPQbTnFVQeOFIo3W2ojy8V7":{"registrationId":2119449689,"currentRatchet":{"ephemeralKeyPair":{"pubKey":"BXzLnP6epvs76zgUD8EyWZ0yKwoq0+rF2cd+/TsdpD90","privKey":"KFI2QR7D6X+S1qv5f8EFCk3tpcKi6Vm0T4uKQVFKvlY="},"lastRemoteEphemeralKey":"BU8SckUYsiHge45gkHg25eYymIDak7o9r6jbZ5C6iTYB","previousCounter":0,"rootKey":"SuzpFinvKVSrt1NjLrdFmI/UKdLExqJd1+K90HGco3c="},"indexInfo":{"baseKey":"BchS0f4itUnHQmyHNUSY0WPQbTnFVQeOFIo3W2ojy8V7","baseKeyType":1,"closed":1742840812195,"used":1742840799469,"created":1742840799469,"remoteIdentityKey":"Bf2kmUaM07QAgAW2GvITNZuOng5aTBPWUY1TWEsWO5oe"},"_chains":{"BXzLnP6epvs76zgUD8EyWZ0yKwoq0+rF2cd+/TsdpD90":{"chainKey":{"counter":0,"key":"ocBulQDUJe50WlIVh30DKBU4FUplRhr0RxPyuMA/wDM="},"chainType":1,"messageKeys":{}}},"pendingPreKey":{"signedKeyId":2790825,"baseKey":"BchS0f4itUnHQmyHNUSY0WPQbTnFVQeOFIo3W2ojy8V7","preKeyId":13759}},"BRuYpnEmr1xaIFmIAqdg+QoGefDbgtnR0oWbL7UXXIFp":{"registrationId":2119449689,"currentRatchet":{"ephemeralKeyPair":{"pubKey":"BbiDZ+4aOmoJmWXS19as4rdfiXbmLYuabPc2ko8Ho3MA","privKey":"UD0WeWVhQrew6t9g1SmgOC+XBJ2zg0vrNFJ6oo37RVU="},"lastRemoteEphemeralKey":"BU8SckUYsiHge45gkHg25eYymIDak7o9r6jbZ5C6iTYB","previousCounter":0,"rootKey":"Bdviehnmhcw/1ruij1kt84Zs73XfNlHBVmVy1X7Zfl8="},"indexInfo":{"baseKey":"BRuYpnEmr1xaIFmIAqdg+QoGefDbgtnR0oWbL7UXXIFp","baseKeyType":1,"closed":-1,"used":1742840811400,"created":1742840811400,"remoteIdentityKey":"Bf2kmUaM07QAgAW2GvITNZuOng5aTBPWUY1TWEsWO5oe"},"_chains":{"BbiDZ+4aOmoJmWXS19as4rdfiXbmLYuabPc2ko8Ho3MA":{"chainKey":{"counter":2,"key":"Y36On+SMiacuxPjY8i1J7LWD/lWw4I/pcNBAyie9Zo0="},"chainType":1,"messageKeys":{}}},"pendingPreKey":{"signedKeyId":2790825,"baseKey":"BRuYpnEmr1xaIFmIAqdg+QoGefDbgtnR0oWbL7UXXIFp","preKeyId":13003}}},"version":"v1"}