{"_sessions":{"BVxDqb2UdGpvYxopV/5RGxvg2U5mlfa1fc9AB9SHxdoN":{"registrationId":21558619,"currentRatchet":{"ephemeralKeyPair":{"pubKey":"BSouAKtO/XNialtcg180lTWqbNifoZcMLaIvW/MAwP0x","privKey":"aGnJtlHhChl8GWl9SeovWK7OpOjwKtFr+aYRO1jIc0E="},"lastRemoteEphemeralKey":"BQ2sYPCv66KgQHyx6DuZBuG2XkZFqzXhaPyTw1k3Fg0N","previousCounter":0,"rootKey":"A94KpC0GAwQzzhDtS6UhCJEI1TFnHUZd5RAlzD1g3y8="},"indexInfo":{"baseKey":"BVxDqb2UdGpvYxopV/5RGxvg2U5mlfa1fc9AB9SHxdoN","baseKeyType":1,"closed":-1,"used":1742840825821,"created":1742840825821,"remoteIdentityKey":"Bc+mnPR5U0Zf6A/jEqLNc18CSWU6xqTIo+TdqTTHrmw/"},"_chains":{"BSouAKtO/XNialtcg180lTWqbNifoZcMLaIvW/MAwP0x":{"chainKey":{"counter":0,"key":"R386KWtL2DjlEMzIuwxCPemYXxMPnMtQ5Ek2H434X5U="},"chainType":1,"messageKeys":{}}},"pendingPreKey":{"signedKeyId":4,"baseKey":"BVxDqb2UdGpvYxopV/5RGxvg2U5mlfa1fc9AB9SHxdoN","preKeyId":1636597}}},"version":"v1"}