{"_sessions":{"BdeRNXpoR9QeyhTZC29LN37GtzaNDo+T6tfObFQqQWxl":{"registrationId":1700276089,"currentRatchet":{"ephemeralKeyPair":{"pubKey":"BQyKPgOnXnOiiaXACbJD1lHQk2DwbkO21OboYXexHM56","privKey":"UByIQ81DvEoguHj7WnDG8ex72jACU8k3Q3NPm7jNhHg="},"lastRemoteEphemeralKey":"BX92i1xhKE+QM4mM1siS+2fwWEnYjtHGKgt3COqqYxt1","previousCounter":0,"rootKey":"wjKEk6viqOjpxh09j/pPURJR1DQOYrzCt/VCd/zhNRU="},"indexInfo":{"baseKey":"BdeRNXpoR9QeyhTZC29LN37GtzaNDo+T6tfObFQqQWxl","baseKeyType":1,"closed":-1,"used":1742840828373,"created":1742840828373,"remoteIdentityKey":"BZLVDc2j+zq5KpW+LMA84whai80f9HYVQN8KOdCnTGsJ"},"_chains":{"BQyKPgOnXnOiiaXACbJD1lHQk2DwbkO21OboYXexHM56":{"chainKey":{"counter":1,"key":"IYvUp2MJsgr5Nurd8LVN+lfSOfH556TNzSrySI/vDwA="},"chainType":1,"messageKeys":{}}},"pendingPreKey":{"signedKeyId":4902385,"baseKey":"BdeRNXpoR9QeyhTZC29LN37GtzaNDo+T6tfObFQqQWxl","preKeyId":20771}}},"version":"v1"}