{"_sessions":{"BXSQ0JBwR9Rx71TT+N3x+2pEi1c5dnK5EvNgwdl29gRg":{"registrationId":1605583083,"currentRatchet":{"ephemeralKeyPair":{"pubKey":"BZ86Rc3ulbPsQ1VAr75TA/NhnS2ZZ5fAlf67Bo+cMnYl","privKey":"YD1Fu4i4tPI4zhzxyqFTYxvwpjzfjXCgvEpncRYn8E8="},"lastRemoteEphemeralKey":"BRuLSGbrIlWuGKYjsyE7R9ZXV8h1/fEO9Mcm1uFobS50","previousCounter":0,"rootKey":"RL1ED78SEs7oz/qddOnCBqOCTS2Mxod+hzXYE8VpYt8="},"indexInfo":{"baseKey":"BXSQ0JBwR9Rx71TT+N3x+2pEi1c5dnK5EvNgwdl29gRg","baseKeyType":1,"closed":-1,"used":1742840830201,"created":1742840830201,"remoteIdentityKey":"BcCjsOAlPg8oNWMQ4n3ctjIlxyGM9cWBeBRU1zk0bSkG"},"_chains":{"BZ86Rc3ulbPsQ1VAr75TA/NhnS2ZZ5fAlf67Bo+cMnYl":{"chainKey":{"counter":3,"key":"aP/AjClBWM0zVjVikoIimiOE50JQ8qAYVcxZeozaLOE="},"chainType":1,"messageKeys":{}}},"pendingPreKey":{"signedKeyId":14835470,"baseKey":"BXSQ0JBwR9Rx71TT+N3x+2pEi1c5dnK5EvNgwdl29gRg","preKeyId":4545}}},"version":"v1"}