{"_sessions":{"BerYHcgFLldWJjB0bhGGnpH55+rYbMIK9cvGa1IB4ucI":{"registrationId":1750840797,"currentRatchet":{"ephemeralKeyPair":{"pubKey":"BeivpTwOKE5cs+RBvIaPvEjEEAk+QXrVc6obvAU2Q1p3","privKey":"KEoghv0ouGAnszehE3TF7hgXaTXDcy0cZh1L1o3ytGs="},"lastRemoteEphemeralKey":"BcsAGev5g6MWsA5pgV09FmKqMxzj6tLVEbT7DuDhRO4X","previousCounter":0,"rootKey":"+pp01spAP2cJbfoJgDJl+3V0ckQkrkpl3RbTZl+74nw="},"indexInfo":{"baseKey":"BerYHcgFLldWJjB0bhGGnpH55+rYbMIK9cvGa1IB4ucI","baseKeyType":1,"closed":-1,"used":1742840828364,"created":1742840828364,"remoteIdentityKey":"Bc0p1JI9XdFgzGDnFea0EqbQq7dMTWGorAnE58poJAN3"},"_chains":{"BeivpTwOKE5cs+RBvIaPvEjEEAk+QXrVc6obvAU2Q1p3":{"chainKey":{"counter":6,"key":"BXZBwTihEOvDSYHffoHezyXxUxQR9T0GSebLJrBm54E="},"chainType":1,"messageKeys":{}}},"pendingPreKey":{"signedKeyId":5,"baseKey":"BerYHcgFLldWJjB0bhGGnpH55+rYbMIK9cvGa1IB4ucI","preKeyId":10889726}}},"version":"v1"}