{"_sessions":{"BZZtf9QFHVJmC4R4w3sxcvTV15NPS9FsVO1Ds3yUA5xF":{"registrationId":783461768,"currentRatchet":{"ephemeralKeyPair":{"pubKey":"BZbkId13s4eRJY/PgAKenFMFeXomalydMwE3zCP+/9Uc","privKey":"AMOCYk4CCr4Ac/nWveyw+wz1Tsnp5MZ9Xs1ZV4dn7GY="},"lastRemoteEphemeralKey":"BRa8ue8B5WkdrqPc7w141fgHCMqXq2qTHyIRBwAjCjh4","previousCounter":0,"rootKey":"mEXdyCTqI+1MSDBeEKGs6ir3qX/SgQG6FaIi0976/X0="},"indexInfo":{"baseKey":"BZZtf9QFHVJmC4R4w3sxcvTV15NPS9FsVO1Ds3yUA5xF","baseKeyType":1,"closed":-1,"used":1742840825594,"created":1742840825594,"remoteIdentityKey":"BRv+Z371TPCSnObq2U41F53KtsizxdSoUh4YIvKFcKsf"},"_chains":{"BZbkId13s4eRJY/PgAKenFMFeXomalydMwE3zCP+/9Uc":{"chainKey":{"counter":6,"key":"IleTi2VCLr1z/rhuih23HQC7YBFIheZt2yaxlpBDGtA="},"chainType":1,"messageKeys":{}}},"pendingPreKey":{"signedKeyId":10,"baseKey":"BZZtf9QFHVJmC4R4w3sxcvTV15NPS9FsVO1Ds3yUA5xF","preKeyId":16311577}}},"version":"v1"}