{"_sessions":{"BWHQ9/kZ6k+FyOQhDaRpjV771c26RECqZgF+E0Caeg0B":{"registrationId":371906652,"currentRatchet":{"ephemeralKeyPair":{"pubKey":"BYrf1U6pvzDhxbQOWyV0QZJ81LZKxWTnhto+cAWkkJhW","privKey":"kCnRlrMnUTUbD6AcsBasq4qGX+2Xgdw/4menHGBvrXs="},"lastRemoteEphemeralKey":"BQBQahIgjOa0bMQRvm2L2f64ZEtc7rfepk6hAA7KCKZM","previousCounter":0,"rootKey":"l78nk7wOc8BMohL+ncqeRUBRgNKmwN4KT8/BDh/Ufpc="},"indexInfo":{"baseKey":"BWHQ9/kZ6k+FyOQhDaRpjV771c26RECqZgF+E0Caeg0B","baseKeyType":1,"closed":-1,"used":1742840828167,"created":1742840828167,"remoteIdentityKey":"BesHUP5DRZ2aK/Dyz/RCA5EIABn4JY5aqUJJCI0ZOlZI"},"_chains":{"BYrf1U6pvzDhxbQOWyV0QZJ81LZKxWTnhto+cAWkkJhW":{"chainKey":{"counter":8,"key":"LDkqq6iD0JNFQNATiC9ny20BkT+UUD7nVl67BSpSH3s="},"chainType":1,"messageKeys":{}}},"pendingPreKey":{"signedKeyId":4,"baseKey":"BWHQ9/kZ6k+FyOQhDaRpjV771c26RECqZgF+E0Caeg0B","preKeyId":5098438}}},"version":"v1"}