{"_sessions":{"Ba8spZxuE5Pw62gR7Ook7UkPvVCyBKK16JFYi5N/pe9e":{"registrationId":1614845766,"currentRatchet":{"ephemeralKeyPair":{"pubKey":"BcASoUqEYn8i+9pOFEl+r4yJMZekHg0erKVOTlDRcS4/","privKey":"MCYzsQUJ1ZnibdR3kvEIHQZmvPoNtRC/xKD9km0ZYE0="},"lastRemoteEphemeralKey":"BbCQYL50cJrfK/6FmYYW+gzdwcHwnToTLY3rOnyjCpEo","previousCounter":0,"rootKey":"flmR0Zb34v1l2oBBiCEpKmKXp8L5FUXT3T+4kp25zV8="},"indexInfo":{"baseKey":"Ba8spZxuE5Pw62gR7Ook7UkPvVCyBKK16JFYi5N/pe9e","baseKeyType":1,"closed":1742840809802,"used":1742840797790,"created":1742840797790,"remoteIdentityKey":"BZDna8XsuDRfQY/GrOICKm9qxnVXfowcD+c0fAodlch0"},"_chains":{"BcASoUqEYn8i+9pOFEl+r4yJMZekHg0erKVOTlDRcS4/":{"chainKey":{"counter":0,"key":"S2DwrICvoVKYSttuZYIlj6PKufCApH5jTG7aedb1WzE="},"chainType":1,"messageKeys":{}}},"pendingPreKey":{"signedKeyId":3,"baseKey":"Ba8spZxuE5Pw62gR7Ook7UkPvVCyBKK16JFYi5N/pe9e","preKeyId":4926353}},"BekPXoh4WPdxuBcIPp4HaoobV9riUMhdOgNs5iOrt2kA":{"registrationId":1614845766,"currentRatchet":{"ephemeralKeyPair":{"pubKey":"BUZ8UyJ6/Z+ndkOKWLqCTFVzN+PMq2OA6Puit5eFE/I2","privKey":"GLc/cvC6JdagXWYzdVO8qOY23QTamisayHfnxa5pJWc="},"lastRemoteEphemeralKey":"BbCQYL50cJrfK/6FmYYW+gzdwcHwnToTLY3rOnyjCpEo","previousCounter":0,"rootKey":"pFifCbnoytuy0oUb99yTk8NdLglVKEhI9Pt9OQBU/TQ="},"indexInfo":{"baseKey":"BekPXoh4WPdxuBcIPp4HaoobV9riUMhdOgNs5iOrt2kA","baseKeyType":1,"closed":1742840826021,"used":1742840808836,"created":1742840808836,"remoteIdentityKey":"BZDna8XsuDRfQY/GrOICKm9qxnVXfowcD+c0fAodlch0"},"_chains":{"BUZ8UyJ6/Z+ndkOKWLqCTFVzN+PMq2OA6Puit5eFE/I2":{"chainKey":{"counter":0,"key":"cMdvFwD+qwcClOENuLOeq4X1MC7fFriJ6xL9R7kifjQ="},"chainType":1,"messageKeys":{}}},"pendingPreKey":{"signedKeyId":3,"baseKey":"BekPXoh4WPdxuBcIPp4HaoobV9riUMhdOgNs5iOrt2kA","preKeyId":4926597}},"BVjxsCyBiDrkG6MkhlKwAVpKclClGmMGNkeofS/4buxi":{"registrationId":1614845766,"currentRatchet":{"ephemeralKeyPair":{"pubKey":"BRx+klYhrVVuTq/KHYyc32Sssrmfb2VMWOFAhtx7l545","privKey":"UJNTgiQ7gl6FRDPGol6wnThTF5aO2nB8zVfxGL3urGM="},"lastRemoteEphemeralKey":"BbCQYL50cJrfK/6FmYYW+gzdwcHwnToTLY3rOnyjCpEo","previousCounter":0,"rootKey":"c0iO1GWe6CByfHwldVCwZbUdtXQYxz1hvjx7eD4ZDfA="},"indexInfo":{"baseKey":"BVjxsCyBiDrkG6MkhlKwAVpKclClGmMGNkeofS/4buxi","baseKeyType":1,"closed":-1,"used":1742840825657,"created":1742840825657,"remoteIdentityKey":"BZDna8XsuDRfQY/GrOICKm9qxnVXfowcD+c0fAodlch0"},"_chains":{"BRx+klYhrVVuTq/KHYyc32Sssrmfb2VMWOFAhtx7l545":{"chainKey":{"counter":8,"key":"t2UMBcFej3x2XKWu000U4P99lKF0OsLUvccT8rc/p/4="},"chainType":1,"messageKeys":{}}},"pendingPreKey":{"signedKeyId":3,"baseKey":"BVjxsCyBiDrkG6MkhlKwAVpKclClGmMGNkeofS/4buxi","preKeyId":4926581}}},"version":"v1"}