{"_sessions":{"BUJW6nDxhQdjuBvl2a8+T77WzK135GWkhHp0gECaALwR":{"registrationId":1938539363,"currentRatchet":{"ephemeralKeyPair":{"pubKey":"BWvHaMEkFDtNGgvA8LUxHdpcv+Q++sgAqTxOGHc4TQgt","privKey":"gPz2qE8zc9xI7o0tvw90BH8CtNWdjC6u5sBJM5EjqX8="},"lastRemoteEphemeralKey":"BT5Xp+HH2rYKVJfIIWbzLR3bvZy5NrxnZC0xhv/s76Ic","previousCounter":0,"rootKey":"t2WAufTUljZdtdpG9SLJq7O6zYybiVgxm0bjxHCh/oQ="},"indexInfo":{"baseKey":"BUJW6nDxhQdjuBvl2a8+T77WzK135GWkhHp0gECaALwR","baseKeyType":1,"closed":-1,"used":1742840825575,"created":1742840825575,"remoteIdentityKey":"Bb66r6B8kJkoU4NUdIvP9MIm0c3cUtj7DPbtQIQBYLBC"},"_chains":{"BWvHaMEkFDtNGgvA8LUxHdpcv+Q++sgAqTxOGHc4TQgt":{"chainKey":{"counter":1,"key":"jom2uFMNQEBrfWdhj/QlT3pFNnjOOsMyLEAGSPic1m0="},"chainType":1,"messageKeys":{}}},"pendingPreKey":{"signedKeyId":11090570,"baseKey":"BUJW6nDxhQdjuBvl2a8+T77WzK135GWkhHp0gECaALwR","preKeyId":2712}}},"version":"v1"}