{"_sessions":{"Be2pfTgjHXZBxWJg+L8ZJn33bWVgC7QjwDVxsdAoYe5S":{"registrationId":1422361733,"currentRatchet":{"ephemeralKeyPair":{"pubKey":"BXKO5UQkF4uqtvmyXNMOO1CPOYfFYLjWgGbSGpp9RjsK","privKey":"GD4p05944TVJ3EJkRCBMpyB/V+0RZO8kVWLAIB51qXE="},"lastRemoteEphemeralKey":"BRxd98gBP5SvA/qhSpDQIJgVvdeYc5A5a6QKOU68Ukh8","previousCounter":0,"rootKey":"WKjbmYm1+s5JrQFJhCCS4OwgUBFodqCQk0w4gJQuLf8="},"indexInfo":{"baseKey":"Be2pfTgjHXZBxWJg+L8ZJn33bWVgC7QjwDVxsdAoYe5S","baseKeyType":1,"closed":-1,"used":1742840828390,"created":1742840828390,"remoteIdentityKey":"BVt2HmawJRlN/rWacFKCzqPuc+aezorxYfQo2hpWTtBx"},"_chains":{"BXKO5UQkF4uqtvmyXNMOO1CPOYfFYLjWgGbSGpp9RjsK":{"chainKey":{"counter":4,"key":"jfmctLCh8fnUlOYcbxuF8qrw2Ca3STFKP0KavCwgUUM="},"chainType":1,"messageKeys":{}}},"pendingPreKey":{"signedKeyId":21,"baseKey":"Be2pfTgjHXZBxWJg+L8ZJn33bWVgC7QjwDVxsdAoYe5S","preKeyId":15436906}}},"version":"v1"}