{"_sessions":{"BTGY4WCPsQM8gURPfeiKfRGWocpMVU4s302Q+N3srOg2":{"registrationId":108873790,"currentRatchet":{"ephemeralKeyPair":{"pubKey":"BUEmMGLrQEtKYMdfrWiFmuc+3DE9U1jXxTpQDc9f0qZW","privKey":"+Pk3nOhNKdMeImzivszda7i02bLXUsmQgVfZtsGZB3M="},"lastRemoteEphemeralKey":"BbBlKfOibPOf+KzFz3ev6LNz7EMjj5G1VmteIMTNTH5Z","previousCounter":0,"rootKey":"+oPjrE7twqaeTRNyydearBFV8iZFZch6hF2KjmHOwDQ="},"indexInfo":{"baseKey":"BTGY4WCPsQM8gURPfeiKfRGWocpMVU4s302Q+N3srOg2","baseKeyType":1,"closed":1742840809900,"used":1742840797875,"created":1742840797875,"remoteIdentityKey":"BT337KYW9CC138hdyIj/Geujy1xGX07X2FNZWK6/0xhP"},"_chains":{"BUEmMGLrQEtKYMdfrWiFmuc+3DE9U1jXxTpQDc9f0qZW":{"chainKey":{"counter":0,"key":"cQZt6Hevy6/54yYF4lbXeyZ9jJVcgfhk8Pv8vqLIu4Q="},"chainType":1,"messageKeys":{}}},"pendingPreKey":{"signedKeyId":7,"baseKey":"BTGY4WCPsQM8gURPfeiKfRGWocpMVU4s302Q+N3srOg2","preKeyId":9370021}},"BWY/OhkrQAwPIAxBk1zMS1QkcWPWrUcFio84ijhxkicu":{"registrationId":108873790,"currentRatchet":{"ephemeralKeyPair":{"pubKey":"BdiYcwN5vAGF7jgG/zxdu8a3d9PHNVYR5nEuOkMuhgIa","privKey":"eKcvPcJN2cVAkCQuE7VX6qu4JLA5JeumEdfvoNrSQl0="},"lastRemoteEphemeralKey":"BbBlKfOibPOf+KzFz3ev6LNz7EMjj5G1VmteIMTNTH5Z","previousCounter":0,"rootKey":"wLkv+bxuTPaVtn6Kn28ThF26pOOVErKI3OZkfP6RkXs="},"indexInfo":{"baseKey":"BWY/OhkrQAwPIAxBk1zMS1QkcWPWrUcFio84ijhxkicu","baseKeyType":1,"closed":-1,"used":1742840808917,"created":1742840808917,"remoteIdentityKey":"BT337KYW9CC138hdyIj/Geujy1xGX07X2FNZWK6/0xhP"},"_chains":{"BdiYcwN5vAGF7jgG/zxdu8a3d9PHNVYR5nEuOkMuhgIa":{"chainKey":{"counter":1,"key":"Aefx5f8vcpO6NNnkQ434H5XlQ+Vk6OmbDrH2UuaGe/Y="},"chainType":1,"messageKeys":{}}},"pendingPreKey":{"signedKeyId":7,"baseKey":"BWY/OhkrQAwPIAxBk1zMS1QkcWPWrUcFio84ijhxkicu","preKeyId":9370071}}},"version":"v1"}