{"_sessions":{"BSIahMe7SeEHyJ+gXhCwoszOFkFCFuCvIZhLB/fRCnAv":{"registrationId":197415502,"currentRatchet":{"ephemeralKeyPair":{"pubKey":"BZCRjWw6woAUV8nGwcy9g1XJOAOX7WD4BSf7VXFWhvtm","privKey":"gCW9ol3lrdrATyYJJ4YkXZ7u65Zz7BkFfeZzZnS9GUo="},"lastRemoteEphemeralKey":"BcSLk+5+N/a0d3jLmsqph8C6M3IoweyD21rlX4cCewk5","previousCounter":0,"rootKey":"TgogDprszwvJ8ZplkUogZCDxpDGDvMk0SziolKNNwjc="},"indexInfo":{"baseKey":"BSIahMe7SeEHyJ+gXhCwoszOFkFCFuCvIZhLB/fRCnAv","baseKeyType":1,"closed":-1,"used":1742840851874,"created":1742840851874,"remoteIdentityKey":"BfR31/TzK8JCZ62u99feDnLulxxgwJCvVPgVfVRCmfcV"},"_chains":{"BZCRjWw6woAUV8nGwcy9g1XJOAOX7WD4BSf7VXFWhvtm":{"chainKey":{"counter":0,"key":"o4rITZa/Qq9tmzj6Xap7j4AhVkGNReErviRv7i0qufM="},"chainType":1,"messageKeys":{}}},"pendingPreKey":{"signedKeyId":16,"baseKey":"BSIahMe7SeEHyJ+gXhCwoszOFkFCFuCvIZhLB/fRCnAv","preKeyId":11921810}}},"version":"v1"}