{"_sessions":{"BVkTn/h/6T7CtRE+XH9MhJ8MH3bS7m8KGvOttReVEbcp":{"registrationId":1236508702,"currentRatchet":{"ephemeralKeyPair":{"pubKey":"BZNy31TzL7kUaSpbi+kcDUWr97fM6YPKU6dyusZT4z0V","privKey":"sBwPa/qKKHq9PBo56D7NA/TZReX1M/RAXAQijn26kVQ="},"lastRemoteEphemeralKey":"BRyobtI7B2tmJOgm/1KKjKmCMCZekTuI9xiRyXX/Ebcp","previousCounter":0,"rootKey":"j86eyWPoh48t00+4zx4ev+AJ2lEgRcJ+zLSG5pMMuds="},"indexInfo":{"baseKey":"BVkTn/h/6T7CtRE+XH9MhJ8MH3bS7m8KGvOttReVEbcp","baseKeyType":1,"closed":1742840809874,"used":1742840797845,"created":1742840797845,"remoteIdentityKey":"BRo1a8IRB+FodEXe7Cv4ZXZ4rlNXCr+y+n86k4gqRg93"},"_chains":{"BZNy31TzL7kUaSpbi+kcDUWr97fM6YPKU6dyusZT4z0V":{"chainKey":{"counter":0,"key":"qPhPPTQretlZ1DhXv6SZ87j1G9nSzv76dQVeO8TToyw="},"chainType":1,"messageKeys":{}}},"pendingPreKey":{"signedKeyId":3,"baseKey":"BVkTn/h/6T7CtRE+XH9MhJ8MH3bS7m8KGvOttReVEbcp","preKeyId":2567266}},"BRcpC+spiPjqleLM22FpFRLGTyn6uCO9HK6GEwbAJ4UH":{"registrationId":1236508702,"currentRatchet":{"ephemeralKeyPair":{"pubKey":"BUkEVi5gUL2Fa8F2cWnyqFDJnr84Er0r/vqhnFVbdrVh","privKey":"EAXXbTWcpIV0wx/bOnFZKOjL/RQKFYOvnUUdQQ1Yi3c="},"lastRemoteEphemeralKey":"BRyobtI7B2tmJOgm/1KKjKmCMCZekTuI9xiRyXX/Ebcp","previousCounter":0,"rootKey":"FaUceor3kv5qdHSVCNF5T3w2Nf08Vdro0bSuwZNJ7yg="},"indexInfo":{"baseKey":"BRcpC+spiPjqleLM22FpFRLGTyn6uCO9HK6GEwbAJ4UH","baseKeyType":1,"closed":1742840826030,"used":1742840808889,"created":1742840808889,"remoteIdentityKey":"BRo1a8IRB+FodEXe7Cv4ZXZ4rlNXCr+y+n86k4gqRg93"},"_chains":{"BUkEVi5gUL2Fa8F2cWnyqFDJnr84Er0r/vqhnFVbdrVh":{"chainKey":{"counter":0,"key":"obUISJKMV9KCheUl04ufEpIBC8aWDWoEmGpRt5754Mk="},"chainType":1,"messageKeys":{}}},"pendingPreKey":{"signedKeyId":3,"baseKey":"BRcpC+spiPjqleLM22FpFRLGTyn6uCO9HK6GEwbAJ4UH","preKeyId":2567242}},"BXhh4qVIyYV7G/8g/aV0QIJJ6cUhMarrPWGsxmuRB7B6":{"registrationId":1236508702,"currentRatchet":{"ephemeralKeyPair":{"pubKey":"BTN1+PxoOEgwyaQSWxgbmib59yqu6xzNy4ZDzGwV1DY8","privKey":"2Crl0OUIYv5FkpijCq7Eb+Kqn1N3YH61MzvqDIiiJHg="},"lastRemoteEphemeralKey":"BRyobtI7B2tmJOgm/1KKjKmCMCZekTuI9xiRyXX/Ebcp","previousCounter":0,"rootKey":"daoDyLIkPPABiEjFWRVGQZTqMhkElrtgCTSsgiaahuo="},"indexInfo":{"baseKey":"BXhh4qVIyYV7G/8g/aV0QIJJ6cUhMarrPWGsxmuRB7B6","baseKeyType":1,"closed":-1,"used":1742840825766,"created":1742840825766,"remoteIdentityKey":"BRo1a8IRB+FodEXe7Cv4ZXZ4rlNXCr+y+n86k4gqRg93"},"_chains":{"BTN1+PxoOEgwyaQSWxgbmib59yqu6xzNy4ZDzGwV1DY8":{"chainKey":{"counter":7,"key":"xl3Fg1wptf/ArQRjYtH7NI3ZhlpBbABjRA2sQgN3tHs="},"chainType":1,"messageKeys":{}}},"pendingPreKey":{"signedKeyId":3,"baseKey":"BXhh4qVIyYV7G/8g/aV0QIJJ6cUhMarrPWGsxmuRB7B6","preKeyId":2567275}}},"version":"v1"}