{"_sessions":{"BSCaWutp9cIyPTuAR/pKcYHCgG6TRytPPxYXMXutjMRM":{"registrationId":1378300543,"currentRatchet":{"ephemeralKeyPair":{"pubKey":"BR/JWb/JKt+5D9uzeGpmVZIECZ6wny3N00iXwm5q0RoQ","privKey":"SKyW9P5w50SBJBRg32Xm+dfKqS1ObSiEClaIKtCoBmE="},"lastRemoteEphemeralKey":"BX2eTJ9tX+WslHUDcMAJgqKFtYFo6w+TvqePXaIv91Ac","previousCounter":0,"rootKey":"6QFZm10J8BsYFMvw7mdgS+rRO9ocaRr/XyLmOstHOno="},"indexInfo":{"baseKey":"BSCaWutp9cIyPTuAR/pKcYHCgG6TRytPPxYXMXutjMRM","baseKeyType":1,"closed":-1,"used":1742842541439,"created":1742842541439,"remoteIdentityKey":"BbxxptpFKZJvr6qHNYAE+T3fXENoS2ai8XsyvbSJre1J"},"_chains":{"BR/JWb/JKt+5D9uzeGpmVZIECZ6wny3N00iXwm5q0RoQ":{"chainKey":{"counter":0,"key":"LKljF63b8YSI07y/atqvHVfWCdh7rbieU4c12OZL6c0="},"chainType":1,"messageKeys":{}}},"pendingPreKey":{"signedKeyId":6,"baseKey":"BSCaWutp9cIyPTuAR/pKcYHCgG6TRytPPxYXMXutjMRM","preKeyId":7708163}}},"version":"v1"}