{"_sessions":{"BZgFD40QlJkjEjepDjDLlx9KukPzNAeMPLnUmTmgINRm":{"registrationId":959846055,"currentRatchet":{"ephemeralKeyPair":{"pubKey":"BRXccthd469s1BHkS+4vA05ZxgvtlR0qyAXBaj9IWw8T","privKey":"yE1kLnZ1Px58xiu8ddcCXUeqysBZfxmPxJ58o4sKPHw="},"lastRemoteEphemeralKey":"BZVq4k9jgEXZkP6gWjKi7M6tbMZULZMLVvHKKg8tWoVJ","previousCounter":0,"rootKey":"OVbtleuyDSphslI7w9QS/z8INhUzZwSTsCiPAzktkKE="},"indexInfo":{"baseKey":"BZgFD40QlJkjEjepDjDLlx9KukPzNAeMPLnUmTmgINRm","baseKeyType":1,"closed":-1,"used":1742840852075,"created":1742840852075,"remoteIdentityKey":"BadSKlTnTkz4j4kFCvEGqT3zTS2SwSB1oJF+/sfguVsN"},"_chains":{"BRXccthd469s1BHkS+4vA05ZxgvtlR0qyAXBaj9IWw8T":{"chainKey":{"counter":0,"key":"aw+NDacQ358FUarJFTnXkMq876O+nJqLKGpqaNmrSA8="},"chainType":1,"messageKeys":{}}},"pendingPreKey":{"signedKeyId":3,"baseKey":"BZgFD40QlJkjEjepDjDLlx9KukPzNAeMPLnUmTmgINRm","preKeyId":4639536}}},"version":"v1"}