{"_sessions":{"Bftp5xSV6dYFFIBYgSGW92EJJJQBw27+wrkDQ+cKfhMW":{"registrationId":981168792,"currentRatchet":{"ephemeralKeyPair":{"pubKey":"BW65IucByL2wVRWL5N/u0TFLV5N9iW5fPzh9HCrhKhRk","privKey":"8D+XBxbhQjX+v/siviFSZQ/GgKN8eC7+vuCqKCAGLWA="},"lastRemoteEphemeralKey":"BeKKLfGFtqS38s+YPuKj7PdUl2Uxw7issC8jWLQ3xN9D","previousCounter":0,"rootKey":"f5obZEeNoN4uIOnehFp8Rmw1mmSJM+sXAQ78oMmDuhk="},"indexInfo":{"baseKey":"Bftp5xSV6dYFFIBYgSGW92EJJJQBw27+wrkDQ+cKfhMW","baseKeyType":1,"closed":-1,"used":1742840827845,"created":1742840827845,"remoteIdentityKey":"BSIiRZYCGzl5Ega37/9/nQOA/jeyYPUhsTp/vUw172EO"},"_chains":{"BW65IucByL2wVRWL5N/u0TFLV5N9iW5fPzh9HCrhKhRk":{"chainKey":{"counter":0,"key":"jde/ZrZUY6zl2d+fQ4qKWwh97E2CP/o09uXaw1nFiRQ="},"chainType":1,"messageKeys":{}}},"pendingPreKey":{"signedKeyId":3932420,"baseKey":"Bftp5xSV6dYFFIBYgSGW92EJJJQBw27+wrkDQ+cKfhMW","preKeyId":4112}}},"version":"v1"}