{"_sessions":{"BWwq43c809TAJ1e46gwIXX/DRQTw2wET8/B5YCwNtDMj":{"registrationId":1970383974,"currentRatchet":{"ephemeralKeyPair":{"pubKey":"BWPQ8sUG+fu+x/5XCV1QZDoN0vAjUboDranzL4xNMvNC","privKey":"oGvb6V6rECOF+D/y2OCj42qyCGCPY14rLQijkMIGdFU="},"lastRemoteEphemeralKey":"BTxKwT/AJ2BVWm0F8GCYNp963jnFKkZrnyZ4nT/Lp65s","previousCounter":0,"rootKey":"qHBQKwy7LXKQt25s6MTYJNfJCFxrLcKlcFXs1NRhuhk="},"indexInfo":{"baseKey":"BWwq43c809TAJ1e46gwIXX/DRQTw2wET8/B5YCwNtDMj","baseKeyType":1,"closed":-1,"used":1742840827947,"created":1742840827947,"remoteIdentityKey":"BT8al9VTfRzrzhUiumdHQvl7daH0IQsTmqiLCwPtegNb"},"_chains":{"BWPQ8sUG+fu+x/5XCV1QZDoN0vAjUboDranzL4xNMvNC":{"chainKey":{"counter":0,"key":"awI4AllyAKIq/5gmURJCci0eXyDlQhpdT9yuY2z1/7Y="},"chainType":1,"messageKeys":{}}},"pendingPreKey":{"signedKeyId":1,"baseKey":"BWwq43c809TAJ1e46gwIXX/DRQTw2wET8/B5YCwNtDMj","preKeyId":11101083}}},"version":"v1"}