{"_sessions":{"BZhvgHFlJAEpk6OBlrVRYxnDs7aF6dtGJmRSJga+EgE1":{"registrationId":1058027217,"currentRatchet":{"ephemeralKeyPair":{"pubKey":"Banzvbmib0vLAXP9Rv3XV2S8kt/KAW8uR1qZ0MK1XDpk","privKey":"OIjKvPacdDbasluAbopisBIRL8GwFQZbKesEhdW0ZV0="},"lastRemoteEphemeralKey":"BcWEMHHD5KKnLcGO5stukXFpKJXsuNtwbjGhfyrqLlFk","previousCounter":0,"rootKey":"uBBCfaVQX1iCuLhUbP1FdiPutjKW5zEWBFBCe1rnQvQ="},"indexInfo":{"baseKey":"BZhvgHFlJAEpk6OBlrVRYxnDs7aF6dtGJmRSJga+EgE1","baseKeyType":1,"closed":-1,"used":1742840852105,"created":1742840852105,"remoteIdentityKey":"BZqdE7vpMppjHo2V9oXVpuyMty44eq1wD1f7dctN96hi"},"_chains":{"Banzvbmib0vLAXP9Rv3XV2S8kt/KAW8uR1qZ0MK1XDpk":{"chainKey":{"counter":1,"key":"8GgFSdqLJzVqXwHKj0IecW5qX64xmNWH1olTGPHzjKg="},"chainType":1,"messageKeys":{}}},"pendingPreKey":{"signedKeyId":1,"baseKey":"BZhvgHFlJAEpk6OBlrVRYxnDs7aF6dtGJmRSJga+EgE1","preKeyId":576943}}},"version":"v1"}