{"_sessions":{"BXFgDvzXqNoelTGnAMqNVZt8ul2gc3MZS1nhqMRovakc":{"registrationId":293601319,"currentRatchet":{"ephemeralKeyPair":{"pubKey":"BXTw3WHhMPK32GYyJ7PbNkqL7qLJmaNWyak+iYIPV05u","privKey":"oJJktwsMi5we6e7yuyC9RqQ6XCIr6CK4Vue1VQil4Hw="},"lastRemoteEphemeralKey":"Bba3xjFjv0KYj97BzZzX9UG9wkysdGAgpAeXVAx7wiYL","previousCounter":0,"rootKey":"5S3VcsyFcTNraMx1IEUmPloDwkMLzJDBTEDM6HtF+Lo="},"indexInfo":{"baseKey":"BXFgDvzXqNoelTGnAMqNVZt8ul2gc3MZS1nhqMRovakc","baseKeyType":1,"closed":-1,"used":1742840827733,"created":1742840827733,"remoteIdentityKey":"BS+Um1iwvFThWkdkajg6kkmTE2TeR7dqKAyksA/y7SoA"},"_chains":{"BXTw3WHhMPK32GYyJ7PbNkqL7qLJmaNWyak+iYIPV05u":{"chainKey":{"counter":2,"key":"xQfFdMiP2PexgCodtBEsECIprv1mBm0EJEdehkn5PUs="},"chainType":1,"messageKeys":{}}},"pendingPreKey":{"signedKeyId":2,"baseKey":"BXFgDvzXqNoelTGnAMqNVZt8ul2gc3MZS1nhqMRovakc","preKeyId":7575111}}},"version":"v1"}