{"_sessions":{"BQw4qMqQBPqBwdjHMBPfz329meJ9n6AKoE6aLHlB1MlZ":{"registrationId":525357959,"currentRatchet":{"ephemeralKeyPair":{"pubKey":"BbfakYN3CDKQpRTIBhLwm8eYyL9xPini3A+LRFq5oeNx","privKey":"yG1L/F20xyDmHPoY32KlsnKP4Mt4lKvg4ijZK260B0k="},"lastRemoteEphemeralKey":"Beq8ofHWxwh61Qp5EMnsKv2QZRAcTcbYemHRfwBhIX1Y","previousCounter":0,"rootKey":"YsT8wyv356ioWDOGugYXyulPeNHgW50CI3d8s6gRdkE="},"indexInfo":{"baseKey":"BQw4qMqQBPqBwdjHMBPfz329meJ9n6AKoE6aLHlB1MlZ","baseKeyType":1,"closed":1742840810028,"used":1742840797996,"created":1742840797996,"remoteIdentityKey":"BYyawdju2jNpPvB8diJF4FEzvleWCuoVUCyzVhkG1YV7"},"_chains":{"BbfakYN3CDKQpRTIBhLwm8eYyL9xPini3A+LRFq5oeNx":{"chainKey":{"counter":0,"key":"W2nvCFOk2bJOfpxR1DASrN6CP0M7BQxuevHR1ahsNPI="},"chainType":1,"messageKeys":{}}},"pendingPreKey":{"signedKeyId":2,"baseKey":"BQw4qMqQBPqBwdjHMBPfz329meJ9n6AKoE6aLHlB1MlZ","preKeyId":10908509}},"BU71zFv95zLzx6tKt5Ulc3RrGzYuJhbCUQN8qbJlautl":{"registrationId":525357959,"currentRatchet":{"ephemeralKeyPair":{"pubKey":"BXITEWSKsVUEuxb7pcsESkDcTkCo1e6j86Vhb6Lg1DNV","privKey":"OMB9v6aiuTzxEgpgWnimxuyHIsw4arDCDpRh7JfTfHk="},"lastRemoteEphemeralKey":"Beq8ofHWxwh61Qp5EMnsKv2QZRAcTcbYemHRfwBhIX1Y","previousCounter":0,"rootKey":"9SlAPmxqcpiA+BoVhl5y59zZ0OfPzvYZTzFPaA8b75U="},"indexInfo":{"baseKey":"BU71zFv95zLzx6tKt5Ulc3RrGzYuJhbCUQN8qbJlautl","baseKeyType":1,"closed":1742840828533,"used":1742840809036,"created":1742840809036,"remoteIdentityKey":"BYyawdju2jNpPvB8diJF4FEzvleWCuoVUCyzVhkG1YV7"},"_chains":{"BXITEWSKsVUEuxb7pcsESkDcTkCo1e6j86Vhb6Lg1DNV":{"chainKey":{"counter":0,"key":"+K9dbkoImMT2OPfmgT628nakzhmFZThdV2TjxsCDkpI="},"chainType":1,"messageKeys":{}}},"pendingPreKey":{"signedKeyId":2,"baseKey":"BU71zFv95zLzx6tKt5Ulc3RrGzYuJhbCUQN8qbJlautl","preKeyId":10908610}},"BURN9rhCvKzSuBKzi4ycnPlUmZpteWPORRX8fm6/cOFi":{"registrationId":525357959,"currentRatchet":{"ephemeralKeyPair":{"pubKey":"BUfKEtSOzAPBLGUHfmmsDVoRI95TO5s8FV1iWMp1UNBJ","privKey":"6F8YpudGOFLVEnFORji9VKVa3y2h8wk+FWsIYZAzJGY="},"lastRemoteEphemeralKey":"Beq8ofHWxwh61Qp5EMnsKv2QZRAcTcbYemHRfwBhIX1Y","previousCounter":0,"rootKey":"i3yYGyMGkmGQ7qPQx21TDrXlqWR9FGIZhv4QIIqR6EM="},"indexInfo":{"baseKey":"BURN9rhCvKzSuBKzi4ycnPlUmZpteWPORRX8fm6/cOFi","baseKeyType":1,"closed":1742905299226,"used":1742840827828,"created":1742840827828,"remoteIdentityKey":"BYyawdju2jNpPvB8diJF4FEzvleWCuoVUCyzVhkG1YV7"},"_chains":{"BUfKEtSOzAPBLGUHfmmsDVoRI95TO5s8FV1iWMp1UNBJ":{"chainKey":{"counter":6,"key":"Pt2S4786OM1TO5Mh9lUyMvKjikZ+DUTdwCUpoGCl8mY="},"chainType":1,"messageKeys":{}}},"pendingPreKey":{"signedKeyId":2,"baseKey":"BURN9rhCvKzSuBKzi4ycnPlUmZpteWPORRX8fm6/cOFi","preKeyId":10908532}},"BSbupjP9qg30rl8yqwpMXURlFsRFxP0MVIqExXgxnft+":{"registrationId":2005367621,"currentRatchet":{"ephemeralKeyPair":{"pubKey":"BQd65MRJE36LowTgDjTJ9/9HRVJfmQBYgUfJtt9SVnoy","privKey":"0NwAXF5t6k8sqOdUafGVGVPmggkVnZSvYNFcQ7DO038="},"lastRemoteEphemeralKey":"BasD7cltvw2QNuyBP1XewS2rPwREG2V5qab/eitWwSxU","previousCounter":0,"rootKey":"toyjlZkK7EqzSIsHKcePrexHitASHa3DLFaFjmyElQc="},"indexInfo":{"baseKey":"BSbupjP9qg30rl8yqwpMXURlFsRFxP0MVIqExXgxnft+","baseKeyType":1,"closed":1742905299480,"used":1742905299159,"created":1742905299159,"remoteIdentityKey":"BYWRfimKFbguBV1O+oQAkgmtcWn4JSqNbA9OvRbziFIT"},"_chains":{"BQd65MRJE36LowTgDjTJ9/9HRVJfmQBYgUfJtt9SVnoy":{"chainKey":{"counter":-1,"key":"BzkZNevl8Hwu7m9GdnXZ2We3VChdouzvRBANUI9NHFg="},"chainType":1,"messageKeys":{}}},"pendingPreKey":{"signedKeyId":0,"baseKey":"BSbupjP9qg30rl8yqwpMXURlFsRFxP0MVIqExXgxnft+"}},"BUsZK2h1hKvhGgHFsrgWD+/x86+5EPC8FcDq0ZAi815S":{"registrationId":2005367621,"currentRatchet":{"ephemeralKeyPair":{"pubKey":"BTV9PPYJ5hZc08iSVmmvViZAUkFDEmRjfUm6da2wxaRj","privKey":"UAVdzwFtADCD6+emlLN4EAZBqTuzT7pdKz9UT/pv53U="},"lastRemoteEphemeralKey":"BasD7cltvw2QNuyBP1XewS2rPwREG2V5qab/eitWwSxU","previousCounter":0,"rootKey":"GPbZ6KdtzewXxj7W1iDpA+yWNukidyvcXmofKXpNWwI="},"indexInfo":{"baseKey":"BUsZK2h1hKvhGgHFsrgWD+/x86+5EPC8FcDq0ZAi815S","baseKeyType":1,"closed":1742905299735,"used":1742905299470,"created":1742905299470,"remoteIdentityKey":"BYWRfimKFbguBV1O+oQAkgmtcWn4JSqNbA9OvRbziFIT"},"_chains":{"BTV9PPYJ5hZc08iSVmmvViZAUkFDEmRjfUm6da2wxaRj":{"chainKey":{"counter":-1,"key":"vqDjgv4keE1nLrBqHZF1A3BuLnjJkYJ/GFvBzLDcUOY="},"chainType":1,"messageKeys":{}}},"pendingPreKey":{"signedKeyId":0,"baseKey":"BUsZK2h1hKvhGgHFsrgWD+/x86+5EPC8FcDq0ZAi815S"}},"BSdoynnx90k+mrO1CbnHFcemmd8Llp+oVyjXBkK5HUBl":{"registrationId":2005367621,"currentRatchet":{"ephemeralKeyPair":{"pubKey":"BZELU7OXBrXmkvi6fy9wVGM+VjtctKj+jSTr+ZOkPFEv","privKey":"aMvSDMhbLZLhT7xgzJmCSxMRBsp71YiWqD5mCwnt9Gk="},"lastRemoteEphemeralKey":"BasD7cltvw2QNuyBP1XewS2rPwREG2V5qab/eitWwSxU","previousCounter":0,"rootKey":"f/E35zh0bjfr+Ym2QhuyL6xmtekIRHw93jKM5LjXTak="},"indexInfo":{"baseKey":"BSdoynnx90k+mrO1CbnHFcemmd8Llp+oVyjXBkK5HUBl","baseKeyType":1,"closed":1742905299974,"used":1742905299726,"created":1742905299726,"remoteIdentityKey":"BYWRfimKFbguBV1O+oQAkgmtcWn4JSqNbA9OvRbziFIT"},"_chains":{"BZELU7OXBrXmkvi6fy9wVGM+VjtctKj+jSTr+ZOkPFEv":{"chainKey":{"counter":-1,"key":"104ufKXxYqHQl9B+rlbPlDyavo9v7Ch8S1cqlNFCl4Q="},"chainType":1,"messageKeys":{}}},"pendingPreKey":{"signedKeyId":0,"baseKey":"BSdoynnx90k+mrO1CbnHFcemmd8Llp+oVyjXBkK5HUBl"}},"BYIGRAhV/5nvRIWrbmtvG2XDOaplDWaJfSoBT7TAKbB5":{"registrationId":2005367621,"currentRatchet":{"ephemeralKeyPair":{"pubKey":"BUdWJOwov2018J07QSsFlAXxGNx/nhxI/oayo78HJOEH","privKey":"GL3XIbSQwGQIdZLjIVnM83TwnZmscq65WrF6JUdPP04="},"lastRemoteEphemeralKey":"BasD7cltvw2QNuyBP1XewS2rPwREG2V5qab/eitWwSxU","previousCounter":0,"rootKey":"bqJJHRFlDBUJN7lv29Yowmdy3xMybHx3W5TqT6iUTEU="},"indexInfo":{"baseKey":"BYIGRAhV/5nvRIWrbmtvG2XDOaplDWaJfSoBT7TAKbB5","baseKeyType":1,"closed":1742905300221,"used":1742905299966,"created":1742905299966,"remoteIdentityKey":"BYWRfimKFbguBV1O+oQAkgmtcWn4JSqNbA9OvRbziFIT"},"_chains":{"BUdWJOwov2018J07QSsFlAXxGNx/nhxI/oayo78HJOEH":{"chainKey":{"counter":-1,"key":"ceV2xt0xSunt+z8DlpLdDo8GPF4bBvD+WCX2f/cOK8s="},"chainType":1,"messageKeys":{}}},"pendingPreKey":{"signedKeyId":0,"baseKey":"BYIGRAhV/5nvRIWrbmtvG2XDOaplDWaJfSoBT7TAKbB5"}},"BQUQ0AbbZkWup7w2VLFjJken4uOdUdV2F/ZysO+O6pUQ":{"registrationId":2005367621,"currentRatchet":{"ephemeralKeyPair":{"pubKey":"BQVqhEyUVGteM2YYlVqwvU+iwKT5TleeI5xkgSveUxVn","privKey":"uJJp8yJfQE2ncn8lf3cM2Psrdvys6bE9byWqBDxLJ3Q="},"lastRemoteEphemeralKey":"BasD7cltvw2QNuyBP1XewS2rPwREG2V5qab/eitWwSxU","previousCounter":0,"rootKey":"GiDLW2YFHjtaJ8fDamiSTo8eOWAaVwsLMtN6Nxs5YeY="},"indexInfo":{"baseKey":"BQUQ0AbbZkWup7w2VLFjJken4uOdUdV2F/ZysO+O6pUQ","baseKeyType":1,"closed":1742905300467,"used":1742905300212,"created":1742905300212,"remoteIdentityKey":"BYWRfimKFbguBV1O+oQAkgmtcWn4JSqNbA9OvRbziFIT"},"_chains":{"BQVqhEyUVGteM2YYlVqwvU+iwKT5TleeI5xkgSveUxVn":{"chainKey":{"counter":-1,"key":"0n2tFgqzmkSKox4YpkmVBR8RJRAO8ZopgSNwNZsSOcI="},"chainType":1,"messageKeys":{}}},"pendingPreKey":{"signedKeyId":0,"baseKey":"BQUQ0AbbZkWup7w2VLFjJken4uOdUdV2F/ZysO+O6pUQ"}},"BSfn67l4DgeNIMWlmoUmuJSsDp8Lox2eOIWGPg1M7Vx5":{"registrationId":2005367621,"currentRatchet":{"ephemeralKeyPair":{"pubKey":"BX4VJe+JpQUY03HsdYS5+bWVzJCogkRZ1AEXDcGGyoof","privKey":"KN+yzGijnwcRI7cnps6Jh2yu3vR2bQ7ZA7wLyNkxFkc="},"lastRemoteEphemeralKey":"BasD7cltvw2QNuyBP1XewS2rPwREG2V5qab/eitWwSxU","previousCounter":0,"rootKey":"aC5VTbIWRM5VFxoZcePKDkpUT8zQ5aXERP2qKILJHyc="},"indexInfo":{"baseKey":"BSfn67l4DgeNIMWlmoUmuJSsDp8Lox2eOIWGPg1M7Vx5","baseKeyType":1,"closed":-1,"used":1742905300459,"created":1742905300459,"remoteIdentityKey":"BYWRfimKFbguBV1O+oQAkgmtcWn4JSqNbA9OvRbziFIT"},"_chains":{"BX4VJe+JpQUY03HsdYS5+bWVzJCogkRZ1AEXDcGGyoof":{"chainKey":{"counter":1,"key":"OZ7fuui+j836xwspQ3EnZAGLQ/EjO9xYT3qeHi0Z0rs="},"chainType":1,"messageKeys":{}}},"pendingPreKey":{"signedKeyId":0,"baseKey":"BSfn67l4DgeNIMWlmoUmuJSsDp8Lox2eOIWGPg1M7Vx5"}}},"version":"v1"}