{"_sessions":{"BeC7afVTcXBYionNZL+QF5qq3u56/pKqiCYPoVGS2Kon":{"registrationId":668256992,"currentRatchet":{"ephemeralKeyPair":{"pubKey":"BV0QNX4XSpAdSRL+e0IUJ+rn8bCehbF/yqnw3n/maZx6","privKey":"OEnB6OcOhuRIXbtuoc3QKYe4YiI+6a3UarE5snFH0Fw="},"lastRemoteEphemeralKey":"BecxkyEZTpX6ZfoP8Pq54ur8k0JIGoedWb1flu79MQIY","previousCounter":26,"rootKey":"HOArB32JaQglFlna1tjLb1nkp/rxDSuIMvwuRvOa85o="},"indexInfo":{"baseKey":"BeC7afVTcXBYionNZL+QF5qq3u56/pKqiCYPoVGS2Kon","baseKeyType":2,"closed":-1,"used":1742931654986,"created":1742905492017,"remoteIdentityKey":"BZx/Ua4z7Ini/dy7Gbxa1pBQ/CIbe8B1EMeyVIJtlRw9"},"_chains":{"BSdGSSfuV7eZSKMHb35kpaHi5bbNK771lAQF8DqNYZZJ":{"chainKey":{"counter":0},"chainType":2,"messageKeys":{}},"BecxkyEZTpX6ZfoP8Pq54ur8k0JIGoedWb1flu79MQIY":{"chainKey":{"counter":0,"key":"xp9SzCw3DfuOCCuzJY6irayPa9tC7t/ZI2UKZHSSIzI="},"chainType":2,"messageKeys":{}},"BV0QNX4XSpAdSRL+e0IUJ+rn8bCehbF/yqnw3n/maZx6":{"chainKey":{"counter":0,"key":"Gdtrad/LaGzr4TlGNFh9rJiKWdY4pcnzvoJ/JIfJqK0="},"chainType":1,"messageKeys":{}}}}},"version":"v1"}