{"_sessions":{"BcGB/wLO4EyL+YA3yUq+cWggFWVysL0bYychIWumPxpv":{"registrationId":559274031,"currentRatchet":{"ephemeralKeyPair":{"pubKey":"BaVsq55lEPE8eJtUcCUENu3J6Ahj9jD9iKYCDrBdYEVI","privKey":"IAsycrIp203gR9nHmSFUXMrHhr2BKRYoGSJxDFR0hG0="},"lastRemoteEphemeralKey":"BVB3CdExegfghUqo+YuABlRTRX9rIVk3EXI/hcUVcmg+","previousCounter":0,"rootKey":"kXQN1alyR+a/OCXVOASOWJnEDmyOYLL411dqncQzgYg="},"indexInfo":{"baseKey":"BcGB/wLO4EyL+YA3yUq+cWggFWVysL0bYychIWumPxpv","baseKeyType":1,"closed":-1,"used":1742840825612,"created":1742840825612,"remoteIdentityKey":"BUQLzID582js+/0U/4dUKfERJz6eKvlx8mlmtPv9Xn1f"},"_chains":{"BaVsq55lEPE8eJtUcCUENu3J6Ahj9jD9iKYCDrBdYEVI":{"chainKey":{"counter":0,"key":"dQQIFGn0PY3j2gwck3dGDxk49n0KnoYiCWvAXQy4mcc="},"chainType":1,"messageKeys":{}}},"pendingPreKey":{"signedKeyId":0,"baseKey":"BcGB/wLO4EyL+YA3yUq+cWggFWVysL0bYychIWumPxpv","preKeyId":16347704}}},"version":"v1"}