{"_sessions":{"Bcsc3I5ihSDhaeeyJ7ENGIy9wpRUAuWvTwRf8JPGVc5/":{"registrationId":1241030868,"currentRatchet":{"ephemeralKeyPair":{"pubKey":"Bce1LT2+gfagXOOyzuSvOM9zS3owXPOIxvZmjy5pZf1r","privKey":"sIIY0W/Z8Vj6z5n4S9bKTxcSrevNmAJbcfq2BeM8aHw="},"lastRemoteEphemeralKey":"BRa7EffUa9rrDfSEXCVcaKOv+HDqU4dQZytIhrVHfkx6","previousCounter":0,"rootKey":"ECNtgF4mOBdmk0M2pFFaE/Lltzbi3WpLQgikWm6nJt4="},"indexInfo":{"baseKey":"Bcsc3I5ihSDhaeeyJ7ENGIy9wpRUAuWvTwRf8JPGVc5/","baseKeyType":1,"closed":-1,"used":1742840825676,"created":1742840825676,"remoteIdentityKey":"BQ6Pf0qs7UW5Us8JgxU2VS5nmW4uO4afjDxjNi+52C4j"},"_chains":{"Bce1LT2+gfagXOOyzuSvOM9zS3owXPOIxvZmjy5pZf1r":{"chainKey":{"counter":6,"key":"ik6RmKtb7+rhS21IOAoqDU4G2G7eta0y0oIGmhuqXkA="},"chainType":1,"messageKeys":{}}},"pendingPreKey":{"signedKeyId":14,"baseKey":"Bcsc3I5ihSDhaeeyJ7ENGIy9wpRUAuWvTwRf8JPGVc5/","preKeyId":5118071}}},"version":"v1"}