{"_sessions":{"BYX2Yng2VaY03rc7v1qJ66TSpuE3LnekG8g8BcfUDoUX":{"registrationId":1333874905,"currentRatchet":{"ephemeralKeyPair":{"pubKey":"BQJ5Efg0cyw4BnuFWFxpR2v9Bj650n77O90Tj41wP5Md","privKey":"cDaxtOCqzKtaOeY5EsDJW204+XRCjf90VzC8pYepJ20="},"lastRemoteEphemeralKey":"BXF/89HG/ixNuxBno9l9ML3kLeLgXCAZ9yRsB2c2YfcP","previousCounter":0,"rootKey":"GCq96bv2+mqe+4csTFXcaLNxZmOqeRiWfougd5hnCSo="},"indexInfo":{"baseKey":"BYX2Yng2VaY03rc7v1qJ66TSpuE3LnekG8g8BcfUDoUX","baseKeyType":1,"closed":-1,"used":1742840851867,"created":1742840851867,"remoteIdentityKey":"BVXDwtSYiiaBr8Ha5QJqk+Ir+3m4bdy++20PHHP9mRhH"},"_chains":{"BQJ5Efg0cyw4BnuFWFxpR2v9Bj650n77O90Tj41wP5Md":{"chainKey":{"counter":0,"key":"MOlDl6CWo/KhIyevcK78JuVm7Ow6s0KG68ynzKK4NEI="},"chainType":1,"messageKeys":{}}},"pendingPreKey":{"signedKeyId":0,"baseKey":"BYX2Yng2VaY03rc7v1qJ66TSpuE3LnekG8g8BcfUDoUX","preKeyId":14621749}}},"version":"v1"}