{"_sessions":{"BdnSl29rxWyjq7ty+peuYe8to68dOxEgW6ad/9d76eo1":{"registrationId":81257504,"currentRatchet":{"ephemeralKeyPair":{"pubKey":"BQaUH/bIuTc+/OOGCO7QDIch0Np8tQT42LruOazNt+9f","privKey":"mAbsc2nxq2c0nbllGOeHEfk287eEWWPK8YBDobYauF0="},"lastRemoteEphemeralKey":"BVZUZRElVJ+PsLsVCzwcPaAXqulYn8xb8U9/ykM/eW5R","previousCounter":0,"rootKey":"9tBuEsxlqHOYnqzYF3LzhfJz3lrQCmp3HN4SSythLCA="},"indexInfo":{"baseKey":"BdnSl29rxWyjq7ty+peuYe8to68dOxEgW6ad/9d76eo1","baseKeyType":1,"closed":1742840812375,"used":1742840799623,"created":1742840799623,"remoteIdentityKey":"BVI9fUwp+ncWaTcw3gsMHI3hLXf3uiLi7D930oJZDyNG"},"_chains":{"BQaUH/bIuTc+/OOGCO7QDIch0Np8tQT42LruOazNt+9f":{"chainKey":{"counter":0,"key":"oBmbZpqjcQ8aPt+cVEfFkJEgdgsXeyWb5qWjsFPxUEc="},"chainType":1,"messageKeys":{}}},"pendingPreKey":{"signedKeyId":3,"baseKey":"BdnSl29rxWyjq7ty+peuYe8to68dOxEgW6ad/9d76eo1"}},"BYUkHbkwVA3ZiqaKURBNwkEN4Xs0CqrczPWBtlPwZnJ+":{"registrationId":81257504,"currentRatchet":{"ephemeralKeyPair":{"pubKey":"BZB7XwPb5/C5PmqkwQ2p8tcR/c16i1rbYhBpnbR7mHUt","privKey":"IDgjaFRcr9Kc4rfhPiNFyGBl3hSVOtWcXaogtBnu7kM="},"lastRemoteEphemeralKey":"BVZUZRElVJ+PsLsVCzwcPaAXqulYn8xb8U9/ykM/eW5R","previousCounter":0,"rootKey":"Pvw8OH4Abv42Nuzj1bIoOc6rnA2e1F3U4HGc2YIz7fI="},"indexInfo":{"baseKey":"BYUkHbkwVA3ZiqaKURBNwkEN4Xs0CqrczPWBtlPwZnJ+","baseKeyType":1,"closed":-1,"used":1742840811554,"created":1742840811554,"remoteIdentityKey":"BVI9fUwp+ncWaTcw3gsMHI3hLXf3uiLi7D930oJZDyNG"},"_chains":{"BZB7XwPb5/C5PmqkwQ2p8tcR/c16i1rbYhBpnbR7mHUt":{"chainKey":{"counter":4,"key":"kI1D1Jki6hsGQcJjmPYiFp+9pxqI7DxgQhHiFZfztUI="},"chainType":1,"messageKeys":{}}},"pendingPreKey":{"signedKeyId":3,"baseKey":"BYUkHbkwVA3ZiqaKURBNwkEN4Xs0CqrczPWBtlPwZnJ+"}}},"version":"v1"}