{"_sessions":{"BSugySkHCwsKOCkbFYHLvHYYo7cYPATqnAaYgX2oig5Y":{"registrationId":417889659,"currentRatchet":{"ephemeralKeyPair":{"pubKey":"BSDcGPVmoCoVehFhHK1r5UEX2MVkxEwxfixqsV054J52","privKey":"EHT2ODgKbiTlvrQRcZZyxXVf8zvn+pd38BfPui0tWFU="},"lastRemoteEphemeralKey":"BZ1L1aYhs2/xYMk2eAALMbKWlODcFHPHWitaGgNYfP4r","previousCounter":0,"rootKey":"wXEcxO+yaha2ZIcMTDmZdPHoAVK6rlbnZpsOXET4mx8="},"indexInfo":{"baseKey":"BSugySkHCwsKOCkbFYHLvHYYo7cYPATqnAaYgX2oig5Y","baseKeyType":1,"closed":-1,"used":1742840825503,"created":1742840825503,"remoteIdentityKey":"BWqAzdtrWvBtvKf+TXI8mHflpgUO2EwLwT/NVjhag0RS"},"_chains":{"BSDcGPVmoCoVehFhHK1r5UEX2MVkxEwxfixqsV054J52":{"chainKey":{"counter":4,"key":"s4cMkXGwAcYH/mZLLRPQaNtp1oXaDaKZUqnV1MZgJmk="},"chainType":1,"messageKeys":{}}},"pendingPreKey":{"signedKeyId":3,"baseKey":"BSugySkHCwsKOCkbFYHLvHYYo7cYPATqnAaYgX2oig5Y","preKeyId":10017967}}},"version":"v1"}