{"_sessions":{"Bfl+FCZwO9fwymduuDg8SFSZV7wZ2Q6dyKo77iNfHula":{"registrationId":225036458,"currentRatchet":{"ephemeralKeyPair":{"pubKey":"BSKoMZ6LBfhti3DZtpNijUESTPLO+COywSkn+VewpoUB","privKey":"UDHi2YJO2we42kHJyqi1dvsUzP4Yi1TbHzgd2pdVX0c="},"lastRemoteEphemeralKey":"BRKaddkswNfq4VvH30KGxo/tbxNvsJSZwQB+52AgImoR","previousCounter":0,"rootKey":"CmIEExwHZ4oKjdNkUOiwGqmmz+UXVeIIpkQ4gC+fm90="},"indexInfo":{"baseKey":"Bfl+FCZwO9fwymduuDg8SFSZV7wZ2Q6dyKo77iNfHula","baseKeyType":1,"closed":-1,"used":1742840828465,"created":1742840828465,"remoteIdentityKey":"BYZZJivUogjKJsy/StDo0OjRmi3V/odKafAtFpX0I+t3"},"_chains":{"BSKoMZ6LBfhti3DZtpNijUESTPLO+COywSkn+VewpoUB":{"chainKey":{"counter":0,"key":"x/kUjTAmTCNx/0DKAlWx7Qo47KjCxP43iExJHRIVdWM="},"chainType":1,"messageKeys":{}}},"pendingPreKey":{"signedKeyId":9,"baseKey":"Bfl+FCZwO9fwymduuDg8SFSZV7wZ2Q6dyKo77iNfHula","preKeyId":12619756}}},"version":"v1"}