{"_sessions":{"BVnnvweQtyBZ/pHXc4ScQHju9uNq2GpTEssMowGqZ/B5":{"registrationId":2037938441,"currentRatchet":{"ephemeralKeyPair":{"pubKey":"BUBB9w00VbE6v1WmrfUgl663usPEig6mkfUsk68V6/t2","privKey":"CN1mCqbBieY6HSFjeuOHLV+jX1b643a6mDDwYbPK0WM="},"lastRemoteEphemeralKey":"BQNgmw8u69uMt87CoQRL4Fvqa7fZ67uIEkvsxTVDCxtr","previousCounter":0,"rootKey":"r4wP1xH0QJ87mMzJ8ujEucK+4lIm3PAqvztpeK7u7rA="},"indexInfo":{"baseKey":"BVnnvweQtyBZ/pHXc4ScQHju9uNq2GpTEssMowGqZ/B5","baseKeyType":1,"closed":-1,"used":1742840828248,"created":1742840828248,"remoteIdentityKey":"Bfyjcqm7EMDFMWevsbyMfEHciCWtKJhLSsLBrhmfrb0q"},"_chains":{"BUBB9w00VbE6v1WmrfUgl663usPEig6mkfUsk68V6/t2":{"chainKey":{"counter":0,"key":"VA6DepGMcF2s3qaf7TEqUEeGWksagjzc17IizW/PPyQ="},"chainType":1,"messageKeys":{}}},"pendingPreKey":{"signedKeyId":11,"baseKey":"BVnnvweQtyBZ/pHXc4ScQHju9uNq2GpTEssMowGqZ/B5","preKeyId":14524050}}},"version":"v1"}