{"_sessions":{"BclDAC42Mk7GTxokY7aRlmRLFqXnzvyWHOifW1UjVh1e":{"registrationId":1448930742,"currentRatchet":{"ephemeralKeyPair":{"pubKey":"BZQKbqjSXgTmlzYV+u7TTs+UVYP0HUgvqQ5gCuuW3Vou","privKey":"6GV5d4pGcTzT2MSAIkTBD5HE4CGI2gTBCopD566TVVI="},"lastRemoteEphemeralKey":"BaXCmEQ0v9jsQtUbiFwBHGgCUtiuorKEObGbwe/9IuJh","previousCounter":0,"rootKey":"QecBsMuJ6HvKhrHAP4XHgWHbWYKu6GgNVA1TxOMrILk="},"indexInfo":{"baseKey":"BclDAC42Mk7GTxokY7aRlmRLFqXnzvyWHOifW1UjVh1e","baseKeyType":1,"closed":-1,"used":1742840852012,"created":1742840852012,"remoteIdentityKey":"BVeMSow98xD4cOxrRLo8ssBPCi1GApcJgVjs0u/hazRS"},"_chains":{"BZQKbqjSXgTmlzYV+u7TTs+UVYP0HUgvqQ5gCuuW3Vou":{"chainKey":{"counter":0,"key":"L8cyWGJ0c3mJLgx03SLfr70X1HyN0ZZaHeluOVpcbaw="},"chainType":1,"messageKeys":{}}},"pendingPreKey":{"signedKeyId":4,"baseKey":"BclDAC42Mk7GTxokY7aRlmRLFqXnzvyWHOifW1UjVh1e","preKeyId":1747235}}},"version":"v1"}