{"_sessions":{"BQseR/s6G+tGiY0O2ZrEU/e1RvLMgnpqCsB5SsgeANRj":{"registrationId":1776401803,"currentRatchet":{"ephemeralKeyPair":{"pubKey":"BSmcLRLCqReYxr57V9mM7qOv1fvgSGWh7TVG6fcbwhtA","privKey":"WMv+WEOG8DkoAhp3uWCbjJOaTa7G4mIMCC9yUOU9RHw="},"lastRemoteEphemeralKey":"BS78LZhJKEEFu6RCLXDb4lLgGNxawjdJtpgXfsyMa0tu","previousCounter":0,"rootKey":"N0xdSxDdiyCycWyAGBnS2kxe6hXLKbsMRkk9YtVQSS8="},"indexInfo":{"baseKey":"BQseR/s6G+tGiY0O2ZrEU/e1RvLMgnpqCsB5SsgeANRj","baseKeyType":1,"closed":-1,"used":1742840825714,"created":1742840825714,"remoteIdentityKey":"Bc8WhzXVHi4sddAAQTCZs7+y27+S3W5RVarj7W/Cg1F1"},"_chains":{"BSmcLRLCqReYxr57V9mM7qOv1fvgSGWh7TVG6fcbwhtA":{"chainKey":{"counter":1,"key":"ij1GtbzrP3rzVgWR1jirw94AnW5b4cRqeUs/32Ni8kI="},"chainType":1,"messageKeys":{}}},"pendingPreKey":{"signedKeyId":1,"baseKey":"BQseR/s6G+tGiY0O2ZrEU/e1RvLMgnpqCsB5SsgeANRj","preKeyId":5702184}}},"version":"v1"}