{"_sessions":{"Ba7ihpr7IHbxFo30/DFl6sj88x4622SJ2VnSZDCsnlcz":{"registrationId":1714420362,"currentRatchet":{"ephemeralKeyPair":{"pubKey":"BVgEsEG4UxwgnoeqNtew4KaHcXKmRNCAzT3xB3yaXMVT","privKey":"aBWyeTqgz5OiUfDqSgqo/mykxNOOIZUD3Uw2p4Tc8Wg="},"lastRemoteEphemeralKey":"BUnCUlQeIjxaan0HM6Ly/5tHuaeoiYD9UrcGoDxtOUl1","previousCounter":0,"rootKey":"60JgJX2RHCUAPIpDB8zQ58Rb7cfuJQ93rOkG1x3tiP0="},"indexInfo":{"baseKey":"Ba7ihpr7IHbxFo30/DFl6sj88x4622SJ2VnSZDCsnlcz","baseKeyType":1,"closed":-1,"used":1742840825665,"created":1742840825665,"remoteIdentityKey":"Ba43Ahgevee84KSS0e1lXW9v0MmsTMDMQIxzLd7C0R4+"},"_chains":{"BVgEsEG4UxwgnoeqNtew4KaHcXKmRNCAzT3xB3yaXMVT":{"chainKey":{"counter":0,"key":"8pWgeP/oobSiNQTCsiHN3Kv5qY096Q/QpL1ELm+xfA8="},"chainType":1,"messageKeys":{}}},"pendingPreKey":{"signedKeyId":4,"baseKey":"Ba7ihpr7IHbxFo30/DFl6sj88x4622SJ2VnSZDCsnlcz","preKeyId":5906436}}},"version":"v1"}