{"_sessions":{"BS+QB5SZweAqbPUogEFI0BFoi0nCVAOR7Pm6eDVActpI":{"registrationId":1656655176,"currentRatchet":{"ephemeralKeyPair":{"pubKey":"BW3Yeiizi5nxilCZaVLEggAIdbIPq9j//uGqyuvrTeJo","privKey":"MMggcTViSBoOH4a69f+RP8J+GWh9Hd0Ud+VpBAMXFHQ="},"lastRemoteEphemeralKey":"BdrHy8ieUczrSIT1gvZVmUd9KmdI3VV6YvtVeapOMrQG","previousCounter":0,"rootKey":"1zRadsW0GA+ZjRJnPtkn765OmJn9ZPUvudXu9uqyTSU="},"indexInfo":{"baseKey":"BS+QB5SZweAqbPUogEFI0BFoi0nCVAOR7Pm6eDVActpI","baseKeyType":1,"closed":1742840812214,"used":1742840799485,"created":1742840799485,"remoteIdentityKey":"BYBpHUtjoy8LPJ0KG1r9mujJfcxUZphsmIuG2lGQFqw+"},"_chains":{"BW3Yeiizi5nxilCZaVLEggAIdbIPq9j//uGqyuvrTeJo":{"chainKey":{"counter":0,"key":"+KvSvAUVAs1MaDU3AFvLC+7O206X2HbkzvAXykEk50c="},"chainType":1,"messageKeys":{}}},"pendingPreKey":{"signedKeyId":3,"baseKey":"BS+QB5SZweAqbPUogEFI0BFoi0nCVAOR7Pm6eDVActpI","preKeyId":3947808}},"BadwD/HIf2AbkIoMWIlJAmnDm28wLE/MG97Hsyk+IrAy":{"registrationId":1656655176,"currentRatchet":{"ephemeralKeyPair":{"pubKey":"BTLNedOlB0CDQQvmfgNRajgF9q4c1VajHISgeXrW6EQ7","privKey":"GFVWFAp0xR3ApDHCddZ59MAOcbeYyGRvZVwBO+yhD00="},"lastRemoteEphemeralKey":"BdrHy8ieUczrSIT1gvZVmUd9KmdI3VV6YvtVeapOMrQG","previousCounter":0,"rootKey":"S/6zFbl6rEaR9adOUMtyxu3QGyhkdbQ3t4XA0zMkftI="},"indexInfo":{"baseKey":"BadwD/HIf2AbkIoMWIlJAmnDm28wLE/MG97Hsyk+IrAy","baseKeyType":1,"closed":1742840828566,"used":1742840811415,"created":1742840811415,"remoteIdentityKey":"BYBpHUtjoy8LPJ0KG1r9mujJfcxUZphsmIuG2lGQFqw+"},"_chains":{"BTLNedOlB0CDQQvmfgNRajgF9q4c1VajHISgeXrW6EQ7":{"chainKey":{"counter":0,"key":"D0BYPbgIB03r7tYxRGuK+A36s20tBvTccah50Raqw5Q="},"chainType":1,"messageKeys":{}}},"pendingPreKey":{"signedKeyId":3,"baseKey":"BadwD/HIf2AbkIoMWIlJAmnDm28wLE/MG97Hsyk+IrAy","preKeyId":3947980}},"BbhkdIPqUqjgFXnReCj8v38T+Bu+FJzIcOUo+8OvElov":{"registrationId":1656655176,"currentRatchet":{"ephemeralKeyPair":{"pubKey":"BUgo/oPHbI1QbaUoK8j+aLoRUxq+C2HASgv7K7b4hWRD","privKey":"4C7TG+PaFpya1cOG+1ACH6KSvIva5d5NmvoOpfx2IXA="},"lastRemoteEphemeralKey":"BdrHy8ieUczrSIT1gvZVmUd9KmdI3VV6YvtVeapOMrQG","previousCounter":0,"rootKey":"hTZoC1WjhGRY+XvKHazZU2gIdC+8ElB/FwZK0GQLGuE="},"indexInfo":{"baseKey":"BbhkdIPqUqjgFXnReCj8v38T+Bu+FJzIcOUo+8OvElov","baseKeyType":1,"closed":-1,"used":1742840828024,"created":1742840828024,"remoteIdentityKey":"BYBpHUtjoy8LPJ0KG1r9mujJfcxUZphsmIuG2lGQFqw+"},"_chains":{"BUgo/oPHbI1QbaUoK8j+aLoRUxq+C2HASgv7K7b4hWRD":{"chainKey":{"counter":8,"key":"8QtvTBW5a6CCQruHcfXTmD+8QsACPCfkLUD5+uCuoK0="},"chainType":1,"messageKeys":{}}},"pendingPreKey":{"signedKeyId":3,"baseKey":"BbhkdIPqUqjgFXnReCj8v38T+Bu+FJzIcOUo+8OvElov","preKeyId":3947856}}},"version":"v1"}