{"_sessions":{"BSvxgBK9e44BmvHBAS+uH5TAzClZJ1DmeoArQjEAIzZJ":{"registrationId":2050471094,"currentRatchet":{"ephemeralKeyPair":{"pubKey":"BcJlvNtZmRpdq5WSXvKE1AFUDy4xgOhYNv62vKCjOO0q","privKey":"qHPyRdekTeFJSh/rBPbIArOqzhyN4yv6uNxo9jyZkEw="},"lastRemoteEphemeralKey":"BasP7DuUoa9bMRgBOf/dbp8mMO20SsrS3GO41eAUErd7","previousCounter":0,"rootKey":"Z5lRYBFqvcmETH9LYh484nCn2gyky7e4Wkqxn0eFA7o="},"indexInfo":{"baseKey":"BSvxgBK9e44BmvHBAS+uH5TAzClZJ1DmeoArQjEAIzZJ","baseKeyType":1,"closed":-1,"used":1742840827740,"created":1742840827740,"remoteIdentityKey":"Bav0lJqiKD8V/s7tw8PBNKHqViDgZYsC7L7afbxqIYIi"},"_chains":{"BcJlvNtZmRpdq5WSXvKE1AFUDy4xgOhYNv62vKCjOO0q":{"chainKey":{"counter":5,"key":"9nolUhsm1iLvOh2JNZa/hOHLgilxSVyD83ja6+17x5c="},"chainType":1,"messageKeys":{}}},"pendingPreKey":{"signedKeyId":3,"baseKey":"BSvxgBK9e44BmvHBAS+uH5TAzClZJ1DmeoArQjEAIzZJ"}}},"version":"v1"}