{"_sessions":{"BX1IddY2o935ATpk0uptWFnk5UwhPc5/cKMNwYLq0K4C":{"registrationId":713074974,"currentRatchet":{"ephemeralKeyPair":{"pubKey":"BVgNcB5flanlSrCUAwlQCF8Eqwr1rOn6iz4eNrZkb4dq","privKey":"oPILd3YUz6jAmjh1rNaaVCOGpVj1YHNOIUsFCwmi/Xs="},"lastRemoteEphemeralKey":"BTv2VDWi2N+8MnyAalAL0EaqcUsoyVGTmgGPKdxhSDgq","previousCounter":0,"rootKey":"jPkyJcJQeE6qq3Ef4Puq+Ghs4tuPjYXZ0AGtv18+2Lk="},"indexInfo":{"baseKey":"BX1IddY2o935ATpk0uptWFnk5UwhPc5/cKMNwYLq0K4C","baseKeyType":1,"closed":-1,"used":1742840828266,"created":1742840828266,"remoteIdentityKey":"BeytbZ2lsqqn7lgyHZI4FXbHI58FqKqstN6S9AC1NjRp"},"_chains":{"BVgNcB5flanlSrCUAwlQCF8Eqwr1rOn6iz4eNrZkb4dq":{"chainKey":{"counter":0,"key":"9Nv0k3XWaQ1bXt+h59+abVk4m0sTKdV+vQN+RIy5WjA="},"chainType":1,"messageKeys":{}}},"pendingPreKey":{"signedKeyId":27,"baseKey":"BX1IddY2o935ATpk0uptWFnk5UwhPc5/cKMNwYLq0K4C","preKeyId":11122604}}},"version":"v1"}