{"_sessions":{"BV2/2FtvhVz780neQd+6HksWdzSsSownxADA1wQ3j1tZ":{"registrationId":327280532,"currentRatchet":{"ephemeralKeyPair":{"pubKey":"Bal+yVeR4gB5LC5oQY2voNlGCkosgSx+VPHko+EITdtJ","privKey":"eDTbsUAfhxk2Ba9txSyfbTMfWYOLYeeoI49BzX8yE3g="},"lastRemoteEphemeralKey":"BY0xJEj8w9EwIuIvVWTK5lF8X9PUHXSseHjCUQul4zpe","previousCounter":0,"rootKey":"g14S94HyQhTTim8Kr9sThtAq/iSjeREapQ0wT4oVflE="},"indexInfo":{"baseKey":"BV2/2FtvhVz780neQd+6HksWdzSsSownxADA1wQ3j1tZ","baseKeyType":1,"closed":-1,"used":1742840825731,"created":1742840825731,"remoteIdentityKey":"BfdRmKf8rcN54rqfqYnztthpHz76UJDNoU7sdJyqXwUI"},"_chains":{"Bal+yVeR4gB5LC5oQY2voNlGCkosgSx+VPHko+EITdtJ":{"chainKey":{"counter":2,"key":"np5MgutwLDz8ic8DSO2xUel++7KGBZ3niVRGZYc3q9g="},"chainType":1,"messageKeys":{}}},"pendingPreKey":{"signedKeyId":5,"baseKey":"BV2/2FtvhVz780neQd+6HksWdzSsSownxADA1wQ3j1tZ","preKeyId":5865215}}},"version":"v1"}