{"_sessions":{"BbwTi5SR3S6eM9R2SL5MBUx95KYTfEMxntmlL985JGEr":{"registrationId":1095199271,"currentRatchet":{"ephemeralKeyPair":{"pubKey":"BRhXKGKv9umkWyZAakN6jobir0vGrHC7PEsuVnirWe47","privKey":"cMCUuYMYWWWCRw3ANGrxVIHPGY6rIUNe9z2/yEJYYWk="},"lastRemoteEphemeralKey":"Bbzxd4S4Qxit3O8jg9o2gasa2hsYd+khqgiKvOP77jwc","previousCounter":0,"rootKey":"WBEEXXTLoSZFJCUbfX0i7DIVvHkK/STrocu7UtPaqmQ="},"indexInfo":{"baseKey":"BbwTi5SR3S6eM9R2SL5MBUx95KYTfEMxntmlL985JGEr","baseKeyType":1,"closed":-1,"used":1742840830175,"created":1742840830175,"remoteIdentityKey":"BbMdq/B/C2LK7h9+y7Wtc2N8c5WBvXoh+Hy9DRy6sMBd"},"_chains":{"BRhXKGKv9umkWyZAakN6jobir0vGrHC7PEsuVnirWe47":{"chainKey":{"counter":0,"key":"VBoO8x0OMr0ewO1jp/E15HvGUZCjhP07uHE7vSq52no="},"chainType":1,"messageKeys":{}}},"pendingPreKey":{"signedKeyId":4,"baseKey":"BbwTi5SR3S6eM9R2SL5MBUx95KYTfEMxntmlL985JGEr","preKeyId":9751662}}},"version":"v1"}