{"_sessions":{"BcSZuUfAnaak++mNVhLG008RcAL+Owd2LEI6NPL6tuRp":{"registrationId":14574,"currentRatchet":{"ephemeralKeyPair":{"pubKey":"Ba8XNpAIKzfWkT4bteGobzzBWyvTofG90yC6uX3DpYsP","privKey":"QD79D4f9rDAU+iwbb8bM8HZwCVDmxRJcot9MaJvt5Wg="},"lastRemoteEphemeralKey":"BbiKRDp9maW/mwHQi3twZ/82Bqhs2eIKK2ZTuO6g6oJt","previousCounter":0,"rootKey":"X2yCORJ2HYvVbZQR5zy00JPWNhzIzXDALC0JpnGzgv4="},"indexInfo":{"baseKey":"BcSZuUfAnaak++mNVhLG008RcAL+Owd2LEI6NPL6tuRp","baseKeyType":1,"closed":-1,"used":1742840825280,"created":1742840825280,"remoteIdentityKey":"BSwWyyAy59MCvB0yKetcnyfGe8lXVs/ipUCR2hz6NfoI"},"_chains":{"Ba8XNpAIKzfWkT4bteGobzzBWyvTofG90yC6uX3DpYsP":{"chainKey":{"counter":3,"key":"w81vPCF0+YjvnOCoHKFlSr+Pf2EEiqqCAPIt2LbxjXI="},"chainType":1,"messageKeys":{}}},"pendingPreKey":{"signedKeyId":2,"baseKey":"BcSZuUfAnaak++mNVhLG008RcAL+Owd2LEI6NPL6tuRp","preKeyId":3431}}},"version":"v1"}