{"_sessions":{"BRoISPuWt9Kpx4mQpDq2ZCiaSpHQ8UP25sRApBU/4yl0":{"registrationId":1027604909,"currentRatchet":{"ephemeralKeyPair":{"pubKey":"BUFIoOrk1foQce/3vDaBM7K4PKtWOTvqNG+E8ovd+UFJ","privKey":"UNZGsGje8kxpLUqOe5A9IEada7QpV82L38Pm7lGYHXI="},"lastRemoteEphemeralKey":"BXYavDDtrwCLI5FmVD+LzzGxTSDRfOmBoUrpkf7ilRsP","previousCounter":0,"rootKey":"Hd+BLdgx095NwcCdeIO6JmkF6YLtxon7+mtDx0LY8+k="},"indexInfo":{"baseKey":"BRoISPuWt9Kpx4mQpDq2ZCiaSpHQ8UP25sRApBU/4yl0","baseKeyType":1,"closed":1742840812150,"used":1742840799417,"created":1742840799417,"remoteIdentityKey":"BWk+SAd4T8a1oUX9GIzLzgrgbE+EXhQH1Cwo0ksodW43"},"_chains":{"BUFIoOrk1foQce/3vDaBM7K4PKtWOTvqNG+E8ovd+UFJ":{"chainKey":{"counter":0,"key":"PDJ80Fc34G6/h1M8u5pmhDq/W0gAbi/eukmOW1wFCG0="},"chainType":1,"messageKeys":{}}},"pendingPreKey":{"signedKeyId":6,"baseKey":"BRoISPuWt9Kpx4mQpDq2ZCiaSpHQ8UP25sRApBU/4yl0","preKeyId":667525}},"BXRTcYKHVm2zOI6jyb8zlf96kjolLHkg/uxjAeI+VG55":{"registrationId":1027604909,"currentRatchet":{"ephemeralKeyPair":{"pubKey":"BRXCIItKnHwwCtfvGsBqdJIqay+7y6yoIOrDDMpG0yMp","privKey":"cJbu/KEznH2864VMiJw1Z5meR0XP3GXPrTMALuDZIV4="},"lastRemoteEphemeralKey":"BXYavDDtrwCLI5FmVD+LzzGxTSDRfOmBoUrpkf7ilRsP","previousCounter":0,"rootKey":"FrLIbSzLVwlIOupU7dn5ltd15o4axZlbWmGTMWW7Y1E="},"indexInfo":{"baseKey":"BXRTcYKHVm2zOI6jyb8zlf96kjolLHkg/uxjAeI+VG55","baseKeyType":1,"closed":-1,"used":1742840811356,"created":1742840811356,"remoteIdentityKey":"BWk+SAd4T8a1oUX9GIzLzgrgbE+EXhQH1Cwo0ksodW43"},"_chains":{"BRXCIItKnHwwCtfvGsBqdJIqay+7y6yoIOrDDMpG0yMp":{"chainKey":{"counter":3,"key":"pyjUjDrW8AVEgsScBryInZBS1twMUs/wsUtFzM6nfTA="},"chainType":1,"messageKeys":{}}},"pendingPreKey":{"signedKeyId":6,"baseKey":"BXRTcYKHVm2zOI6jyb8zlf96kjolLHkg/uxjAeI+VG55","preKeyId":667568}}},"version":"v1"}