{"_sessions":{"BeP09hyZ0w8NoPgeXiI3fWMI3dp0Bt36QctGTC/fJrwC":{"registrationId":1930960745,"currentRatchet":{"ephemeralKeyPair":{"pubKey":"BS5WbDBBq8YRbL2T4UjXKf4HDbNtLVAaI9xZg7lb39Eh","privKey":"qEzyNqlE3Xabd6GzSKQoBCce2yfecgS8WbUpUbxKUns="},"lastRemoteEphemeralKey":"BTznlenIFx2Ew4Gji3zCcOWJqs84Aa1HAQWpUQrH6KET","previousCounter":0,"rootKey":"wikhFEN7BJx+0d093TK2tHuDtfJBLLyvDmVVWvFeJwM="},"indexInfo":{"baseKey":"BeP09hyZ0w8NoPgeXiI3fWMI3dp0Bt36QctGTC/fJrwC","baseKeyType":1,"closed":1742840809860,"used":1742840797838,"created":1742840797838,"remoteIdentityKey":"BdKiYPZC3Hg/QjFNShtBQ7wYcla3N0Zmqay4fxIDAs0w"},"_chains":{"BS5WbDBBq8YRbL2T4UjXKf4HDbNtLVAaI9xZg7lb39Eh":{"chainKey":{"counter":0,"key":"w/uymSM0PJnPnGtquzsdEOXODm71TUG6nVPsjGfeIzQ="},"chainType":1,"messageKeys":{}}},"pendingPreKey":{"signedKeyId":10,"baseKey":"BeP09hyZ0w8NoPgeXiI3fWMI3dp0Bt36QctGTC/fJrwC","preKeyId":13382118}},"BRNMT1D7FFGsb2I2L75zlu8/oeKwZTt7affSf+5DNjxU":{"registrationId":1930960745,"currentRatchet":{"ephemeralKeyPair":{"pubKey":"BSzqNzwG3fQ1nPb3pFiv+reu6wM4DuSRVIgACVF3qMoE","privKey":"MFdWXo8Li4oqWeUV06jitruS8s+k5dw4YDC5Z6TtUno="},"lastRemoteEphemeralKey":"BTznlenIFx2Ew4Gji3zCcOWJqs84Aa1HAQWpUQrH6KET","previousCounter":0,"rootKey":"vRxNJv7QlKblRahAPF8ZcP01BPfoLKbI0KnTxqlxThk="},"indexInfo":{"baseKey":"BRNMT1D7FFGsb2I2L75zlu8/oeKwZTt7affSf+5DNjxU","baseKeyType":1,"closed":1742840826028,"used":1742840808881,"created":1742840808881,"remoteIdentityKey":"BdKiYPZC3Hg/QjFNShtBQ7wYcla3N0Zmqay4fxIDAs0w"},"_chains":{"BSzqNzwG3fQ1nPb3pFiv+reu6wM4DuSRVIgACVF3qMoE":{"chainKey":{"counter":0,"key":"HqdRU6NHkDxWuk/lCH7I75XbglBKFCByTXIOByEOF0Y="},"chainType":1,"messageKeys":{}}},"pendingPreKey":{"signedKeyId":10,"baseKey":"BRNMT1D7FFGsb2I2L75zlu8/oeKwZTt7affSf+5DNjxU","preKeyId":13382705}},"BS4JNPOpmFw0zPJjcU6OCd/eZBnO7CSHOLsnEyFIKPIX":{"registrationId":1930960745,"currentRatchet":{"ephemeralKeyPair":{"pubKey":"BXr5VPk8kYpIJMIxC7dDO9gQ0gB4Tb2aSsT1zOSKnfok","privKey":"cMzTpQOD4PP3XyW0edp/ilcLv5C9m3pSF1ZTCnyTtW0="},"lastRemoteEphemeralKey":"BTznlenIFx2Ew4Gji3zCcOWJqs84Aa1HAQWpUQrH6KET","previousCounter":0,"rootKey":"gKtBEqndjNV/gDND0Dy3OGJ+B4qqptdsbMoL4pTR3P8="},"indexInfo":{"baseKey":"BS4JNPOpmFw0zPJjcU6OCd/eZBnO7CSHOLsnEyFIKPIX","baseKeyType":1,"closed":-1,"used":1742840825741,"created":1742840825741,"remoteIdentityKey":"BdKiYPZC3Hg/QjFNShtBQ7wYcla3N0Zmqay4fxIDAs0w"},"_chains":{"BXr5VPk8kYpIJMIxC7dDO9gQ0gB4Tb2aSsT1zOSKnfok":{"chainKey":{"counter":3,"key":"/ysY1HfNW707H8k64LNQfXf+eOYYr1j8Oqx/BYKpQVw="},"chainType":1,"messageKeys":{}}},"pendingPreKey":{"signedKeyId":10,"baseKey":"BS4JNPOpmFw0zPJjcU6OCd/eZBnO7CSHOLsnEyFIKPIX","preKeyId":13382715}}},"version":"v1"}