{"_sessions":{"BRxncYZIwlF8YemO278svEOfcUJxOHX6i7gut3Fh1zhX":{"registrationId":254953271,"currentRatchet":{"ephemeralKeyPair":{"pubKey":"BVWOWyFrXalLfsb9fGU5nYlPeJe8e12sQnX6075JO2gT","privKey":"qKkbM7OPiEy1/ierGEZOkQ0qzAc7ejbJYatetlFy6X0="},"lastRemoteEphemeralKey":"BakaypmrZOeJrYjRr3QB9IEASVS6zyVlVLKEIa+u+K5q","previousCounter":0,"rootKey":"OouydDDvhowF/qBGQJY5u8iT/EiUAZhw48UuH3LU6No="},"indexInfo":{"baseKey":"BRxncYZIwlF8YemO278svEOfcUJxOHX6i7gut3Fh1zhX","baseKeyType":1,"closed":-1,"used":1742840825271,"created":1742840825271,"remoteIdentityKey":"BZbnhApEainYLG77mSr6ROaRZw1IZ/9+uRyA2GPPenFz"},"_chains":{"BVWOWyFrXalLfsb9fGU5nYlPeJe8e12sQnX6075JO2gT":{"chainKey":{"counter":5,"key":"4nOia2ITW3CCsFg11L0qhExWXZtZDNPJZeAYL4g27kc="},"chainType":1,"messageKeys":{}}},"pendingPreKey":{"signedKeyId":1,"baseKey":"BRxncYZIwlF8YemO278svEOfcUJxOHX6i7gut3Fh1zhX","preKeyId":12826128}}},"version":"v1"}