{"_sessions":{"BZS/doys1bZdMuDL3mGUl22QO7etTs452QyyYYIi6rt+":{"registrationId":1346924386,"currentRatchet":{"ephemeralKeyPair":{"pubKey":"BfTmXFgL9mUExFn2qEJw2MXbwQC6KcHrFGoH1NPrInA4","privKey":"yAZ2k4x1naotOOn0RA8740u1aAeX+RfAq+aJmW6HIHM="},"lastRemoteEphemeralKey":"BTazbKsFVygZEvOV/2En2LHIV6Uf1rm+3RYN7owHqVQL","previousCounter":0,"rootKey":"v30S1iro42UKELSS1mdGYHmhXSQ9hRwcMLKbxjYvw30="},"indexInfo":{"baseKey":"BZS/doys1bZdMuDL3mGUl22QO7etTs452QyyYYIi6rt+","baseKeyType":1,"closed":-1,"used":1742840851844,"created":1742840851844,"remoteIdentityKey":"Bcv+QufLpLm4FjfUw9b5DRZvWybAOW3N4yckQDR2rM8a"},"_chains":{"BfTmXFgL9mUExFn2qEJw2MXbwQC6KcHrFGoH1NPrInA4":{"chainKey":{"counter":0,"key":"lJVzwF9JJX880i6Y/sI1AXTfWnu66LsQpzcFZuG7t/Q="},"chainType":1,"messageKeys":{}}},"pendingPreKey":{"signedKeyId":16604342,"baseKey":"BZS/doys1bZdMuDL3mGUl22QO7etTs452QyyYYIi6rt+","preKeyId":3234}}},"version":"v1"}