{"_sessions":{"BUY2TOG4aI2MIpnVlMykOuJQvPecJpaHizuvWxjxv6M6":{"registrationId":1194881794,"currentRatchet":{"ephemeralKeyPair":{"pubKey":"BbAgj61XjxkyeleHEMvEC5Vn7TdXcWUg6G9JvGCiFjRh","privKey":"cHZgKYBIe6zOTXPLxV+WlLE0f0w6kfs6rJiOgH6sa00="},"lastRemoteEphemeralKey":"BQ7EuQs1Q2KvbnBjLdvPzHZCfm9OvixndLdzk3Rb5wRA","previousCounter":4,"rootKey":"DfX/Qt9RKKehyj6NBVUKvk/znjchd8qni85O28Si11g="},"indexInfo":{"baseKey":"BUY2TOG4aI2MIpnVlMykOuJQvPecJpaHizuvWxjxv6M6","baseKeyType":1,"closed":-1,"used":1742998424251,"created":1742840827956,"remoteIdentityKey":"BcLiFiHwO0/CR8wdTPI2iK0oEmBk7U/UDO4uBkTNFZR6"},"_chains":{"BeDGmYfj2vwFKQGjVH8QGV45b2975CvQvpA+6eH5UnoL":{"chainKey":{"counter":14},"chainType":2,"messageKeys":{"3":"qp4LJEHHWO6AI9YtZ7c663Ct4Fhu7/OOk1p7EgsF1hQ=","4":"DZIv1+DnXOqn1KPvJH38W9RTJ1+ATNEVmiOwbQmsQ+Q=","5":"r2e7xnuvYLMyuhZ6xCZeVKTOT9lw+nBMcXQT36P4l0I=","6":"RIyhOH97fHufruScWdYUcsJas3U0oaHZJgkX9Bt7z90=","7":"JpSY2Iwk92Ix5DCFvWTbai1jc7RovdPvZmGzL6iPdlI=","9":"xll+oISXc+SliZByNk/FeHVdm2j7ExKVTk+NnnJXSLU=","10":"h9qpfXT7Ed7qzuiGfQ2wHKZB8NYZEJKUwuePbrxuHQU=","11":"Zx3iz/U2OzeNVjjsforiFexeo23sL3otwNXnemT2BL8=","12":"vNtTxDjCYdC7NoEz/dT1OFkkQE1Xc1bXVpoQPgYcDAA="}},"BQ7EuQs1Q2KvbnBjLdvPzHZCfm9OvixndLdzk3Rb5wRA":{"chainKey":{"counter":0,"key":"WzL09jotNqlVIQuy3l0pOf0+6oFN6gTLtKkNoMuO/JA="},"chainType":2,"messageKeys":{}},"BbAgj61XjxkyeleHEMvEC5Vn7TdXcWUg6G9JvGCiFjRh":{"chainKey":{"counter":-1,"key":"rfE4jvie1MoiDDbfR41c7/llzlTwBo+8oeT0jkQEW1Y="},"chainType":1,"messageKeys":{}}}}},"version":"v1"}