{"_sessions":{"BQirr9yyyJ7ku10zMGDC525tbOX2xTGPd1dXHMMn+gdk":{"registrationId":1252279730,"currentRatchet":{"ephemeralKeyPair":{"pubKey":"BY5zl1a6iczSrleERns/ydJSwj4adTUy5dsKdz9TaZss","privKey":"UAj+7F1vgEctRRAiKdHTvrL1DebyQMeK1U+r4Y0LdVY="},"lastRemoteEphemeralKey":"BYTKVmkefo3J+G9DbV5a/th5lrq0duQHYquKlh1PSU8K","previousCounter":0,"rootKey":"YnadfsBQ5jurcMhKWabc95s+BDdlNmzanFobv2zltc0="},"indexInfo":{"baseKey":"BQirr9yyyJ7ku10zMGDC525tbOX2xTGPd1dXHMMn+gdk","baseKeyType":1,"closed":1742840854666,"used":1742840852020,"created":1742840852020,"remoteIdentityKey":"BRnLaBUgg0WOaL4rvmr0ttEWF73zZyo4qraGyupRG+Zc"},"_chains":{"BY5zl1a6iczSrleERns/ydJSwj4adTUy5dsKdz9TaZss":{"chainKey":{"counter":0,"key":"BOkqv+w1v4bJzAYVqN6R31WAn0m/Yyoje9A89duxdsQ="},"chainType":1,"messageKeys":{}}},"pendingPreKey":{"signedKeyId":13,"baseKey":"BQirr9yyyJ7ku10zMGDC525tbOX2xTGPd1dXHMMn+gdk","preKeyId":7275975}},"BakBkK/ggzoozPlM6DY+tfseH6cetgsnl2G8d4bLFLk6":{"registrationId":1252279730,"currentRatchet":{"ephemeralKeyPair":{"pubKey":"BcwSLan33hyQcjOqT/Z8WlOVaVpgmlNpp58QSoTckbkf","privKey":"WMkY8hqAbq08Rzls9Ojng0T1+QyZ+DlTzhAq9iwlCV8="},"lastRemoteEphemeralKey":"BYTKVmkefo3J+G9DbV5a/th5lrq0duQHYquKlh1PSU8K","previousCounter":0,"rootKey":"pt+PLnTxuVqo2t+9k9qGQZ2Ama0aaH/N+uKGXMDkeUE="},"indexInfo":{"baseKey":"BakBkK/ggzoozPlM6DY+tfseH6cetgsnl2G8d4bLFLk6","baseKeyType":1,"closed":-1,"used":1742840854514,"created":1742840854514,"remoteIdentityKey":"BRnLaBUgg0WOaL4rvmr0ttEWF73zZyo4qraGyupRG+Zc"},"_chains":{"BcwSLan33hyQcjOqT/Z8WlOVaVpgmlNpp58QSoTckbkf":{"chainKey":{"counter":2,"key":"YY+CpYoBThRqgs+zBnFYDMTub+KZ+z/IwLy5gqiH8Os="},"chainType":1,"messageKeys":{}}},"pendingPreKey":{"signedKeyId":13,"baseKey":"BakBkK/ggzoozPlM6DY+tfseH6cetgsnl2G8d4bLFLk6","preKeyId":7276078}}},"version":"v1"}