{"_sessions":{"BYHSuwj5CFiv5XUW0KRIldUA7/WzJwutT3p+nsPMpGwQ":{"registrationId":15846,"currentRatchet":{"ephemeralKeyPair":{"pubKey":"BSnX2LmXE8kuJfgW7mzn2fDpezAnXT4pj63rVZRXFDZ7","privKey":"aLwusfReXCl2nbqIfbJYoedB+g8d9AX5Jg0UENiUAUs="},"lastRemoteEphemeralKey":"BWlqh9CczL+fjnMs4Ofv8jY0d37l4JkSzywV8z/n/nlM","previousCounter":0,"rootKey":"nVQbI9S+8kTuPdeAU9vEuap3hDvzOnN65pvx0E6cGlQ="},"indexInfo":{"baseKey":"BYHSuwj5CFiv5XUW0KRIldUA7/WzJwutT3p+nsPMpGwQ","baseKeyType":1,"closed":1742840809432,"used":1742840797466,"created":1742840797466,"remoteIdentityKey":"BScIqBFMrXCQ+a/5lGIRhEfmAxuufREy3OFC21pJVuAe"},"_chains":{"BSnX2LmXE8kuJfgW7mzn2fDpezAnXT4pj63rVZRXFDZ7":{"chainKey":{"counter":0,"key":"YZpqdieA6tUdGdW1p3+L0VILzlRixmtZj47GTKeoPwE="},"chainType":1,"messageKeys":{}}},"pendingPreKey":{"signedKeyId":1,"baseKey":"BYHSuwj5CFiv5XUW0KRIldUA7/WzJwutT3p+nsPMpGwQ"}},"BU6bezm/P6HBP6O+piftZeFxz7WskEYJkC2HVeTdGDkP":{"registrationId":15846,"currentRatchet":{"ephemeralKeyPair":{"pubKey":"Bepg4TX9j7vrHJeKVnPG2b3BqPolRG4YL19Q0dhO0q5P","privKey":"ON5zKLZzMQlhhZJ3pEKViJpxfj75B+ho55MBYdo0W3o="},"lastRemoteEphemeralKey":"BWlqh9CczL+fjnMs4Ofv8jY0d37l4JkSzywV8z/n/nlM","previousCounter":0,"rootKey":"qRtS1gE6WU1UuiSe1fqUXk9LxFKAGX56eZl5ciRFfm8="},"indexInfo":{"baseKey":"BU6bezm/P6HBP6O+piftZeFxz7WskEYJkC2HVeTdGDkP","baseKeyType":1,"closed":1742840823568,"used":1742840808524,"created":1742840808524,"remoteIdentityKey":"BScIqBFMrXCQ+a/5lGIRhEfmAxuufREy3OFC21pJVuAe"},"_chains":{"Bepg4TX9j7vrHJeKVnPG2b3BqPolRG4YL19Q0dhO0q5P":{"chainKey":{"counter":0,"key":"qaIBf89r4MAP0bGIZOLtiNNmyFaZcQMybOB38QzDSeQ="},"chainType":1,"messageKeys":{}}},"pendingPreKey":{"signedKeyId":1,"baseKey":"BU6bezm/P6HBP6O+piftZeFxz7WskEYJkC2HVeTdGDkP"}},"BX0m0m2/jOzMeb6mLWHPP/Gk+1uHd8N4ntNqXoVxJs9l":{"registrationId":15846,"currentRatchet":{"ephemeralKeyPair":{"pubKey":"Bb+F0gWYUR/IS8k3KGYLyaSWGGOKIDl+w5VMwfNIhowF","privKey":"oEEEOqe16Az/AdnkNur2hh/KD6ZAbNev+F0HJdiXen8="},"lastRemoteEphemeralKey":"BWlqh9CczL+fjnMs4Ofv8jY0d37l4JkSzywV8z/n/nlM","previousCounter":0,"rootKey":"mFDJ3tJfszpn3PAZZCZQOnQtK/eSbI/NiIn/mzAkFu4="},"indexInfo":{"baseKey":"BX0m0m2/jOzMeb6mLWHPP/Gk+1uHd8N4ntNqXoVxJs9l","baseKeyType":1,"closed":-1,"used":1742840823125,"created":1742840823125,"remoteIdentityKey":"BScIqBFMrXCQ+a/5lGIRhEfmAxuufREy3OFC21pJVuAe"},"_chains":{"Bb+F0gWYUR/IS8k3KGYLyaSWGGOKIDl+w5VMwfNIhowF":{"chainKey":{"counter":2,"key":"7CiL5VBAWfj4gkscFpR+KrsUXHbmwHXXeZ7Y1M/DHm8="},"chainType":1,"messageKeys":{}}},"pendingPreKey":{"signedKeyId":1,"baseKey":"BX0m0m2/jOzMeb6mLWHPP/Gk+1uHd8N4ntNqXoVxJs9l"}}},"version":"v1"}