{"_sessions":{"BR8iONQrQiRyFJ+pYoX/EoBTlUyvgyC99iVh5AobLoc8":{"registrationId":984925234,"currentRatchet":{"ephemeralKeyPair":{"pubKey":"BTE3w7utNRIbjakDE9s1jTAHpvNVnHRC4MYKa4o85d8s","privKey":"sLfy15IWths2rfDNzwe9nHtVJB/lNmEX4lL/gqnHhmw="},"lastRemoteEphemeralKey":"BRvTdmfmCzz1lSTuI0vrCzYUDrBnoErZpOptezla2QIf","previousCounter":0,"rootKey":"fvjK4dWn0/XWQepkS8gU7a15tAfwWMP4t1fvJWM6hgA="},"indexInfo":{"baseKey":"BR8iONQrQiRyFJ+pYoX/EoBTlUyvgyC99iVh5AobLoc8","baseKeyType":1,"closed":1742840809983,"used":1742840797950,"created":1742840797950,"remoteIdentityKey":"BWRKZAz+6rG4ZyrjJ9kGpn3UdIZBxBiItJPI6NMaPfxt"},"_chains":{"BTE3w7utNRIbjakDE9s1jTAHpvNVnHRC4MYKa4o85d8s":{"chainKey":{"counter":0,"key":"9OZKZAPqgtkSzMYNcFzMXbQ3QA9ukt1UXPPrYMscBEQ="},"chainType":1,"messageKeys":{}}},"pendingPreKey":{"signedKeyId":1,"baseKey":"BR8iONQrQiRyFJ+pYoX/EoBTlUyvgyC99iVh5AobLoc8"}},"Bb0Yi8mNHyCS6cDp5/3ffkmCFzIADr1h0PJx3IlBjdc/":{"registrationId":984925234,"currentRatchet":{"ephemeralKeyPair":{"pubKey":"BTqXHOVvfRyz3blLK/cG4aR+mDoYeaZoeJhY4ztxNJID","privKey":"QPpaCXivZl6stImEaE0i+9UJKoELfKhuDt5WnQkxgE8="},"lastRemoteEphemeralKey":"BRvTdmfmCzz1lSTuI0vrCzYUDrBnoErZpOptezla2QIf","previousCounter":0,"rootKey":"lmkAu8BVWmvfy7cxyTAfY53pwFQg6rgfAHqSd6OYcJo="},"indexInfo":{"baseKey":"Bb0Yi8mNHyCS6cDp5/3ffkmCFzIADr1h0PJx3IlBjdc/","baseKeyType":1,"closed":1742840828527,"used":1742840808991,"created":1742840808991,"remoteIdentityKey":"BWRKZAz+6rG4ZyrjJ9kGpn3UdIZBxBiItJPI6NMaPfxt"},"_chains":{"BTqXHOVvfRyz3blLK/cG4aR+mDoYeaZoeJhY4ztxNJID":{"chainKey":{"counter":0,"key":"gfftUAeM6stUivwdZzokaVeXrIARRSm5xPZEsDHZ9WI="},"chainType":1,"messageKeys":{}}},"pendingPreKey":{"signedKeyId":1,"baseKey":"Bb0Yi8mNHyCS6cDp5/3ffkmCFzIADr1h0PJx3IlBjdc/"}},"Bfc8VDY4w3mD10MoanfMHCNq3o3x3QEX7vtdWsxzQf8b":{"registrationId":984925234,"currentRatchet":{"ephemeralKeyPair":{"pubKey":"BcVl1EUvyoB7+6tn3rIhtRT/ihNr1UracAqCnQLg9BoD","privKey":"8I8TqGvDp/q8HvvjnMKnyhR7vMo3mhaulh8g78ggkHk="},"lastRemoteEphemeralKey":"BRvTdmfmCzz1lSTuI0vrCzYUDrBnoErZpOptezla2QIf","previousCounter":0,"rootKey":"OpZRplp4qZPwqhcOODS9jcLtStnHHof4OL54yJJIFFU="},"indexInfo":{"baseKey":"Bfc8VDY4w3mD10MoanfMHCNq3o3x3QEX7vtdWsxzQf8b","baseKeyType":1,"closed":-1,"used":1742840827717,"created":1742840827717,"remoteIdentityKey":"BWRKZAz+6rG4ZyrjJ9kGpn3UdIZBxBiItJPI6NMaPfxt"},"_chains":{"BcVl1EUvyoB7+6tn3rIhtRT/ihNr1UracAqCnQLg9BoD":{"chainKey":{"counter":7,"key":"MLn0oo/WEYMhQWWJHaUKqwW9BVaRKJXe/5BaqCSYjhM="},"chainType":1,"messageKeys":{}}},"pendingPreKey":{"signedKeyId":1,"baseKey":"Bfc8VDY4w3mD10MoanfMHCNq3o3x3QEX7vtdWsxzQf8b"}}},"version":"v1"}