{"_sessions":{"BXSg9r3v5CRepfhf7nmOjx1wDfS+1fGfbGZvdJYbnDZH":{"registrationId":205234585,"currentRatchet":{"ephemeralKeyPair":{"pubKey":"BciNPz6IhnZhSYx+x50UGYSQYP5OwWHBzGF5zKK0uu5V","privKey":"MK4uYwW4U02vitT08J4Iqt/rUnbbj7h7jxD/y36UTWc="},"lastRemoteEphemeralKey":"BRLYuqqRGWZ4kCjE2Xd/phunhu5IscE60b7Zj9qbbWVB","previousCounter":0,"rootKey":"4mI0l6BdBf2RbyHgKSEGU2TeMqmCCwHt6h8+Fe9PMJs="},"indexInfo":{"baseKey":"BXSg9r3v5CRepfhf7nmOjx1wDfS+1fGfbGZvdJYbnDZH","baseKeyType":1,"closed":-1,"used":1742840825867,"created":1742840825867,"remoteIdentityKey":"BVYoPjqrIgoTIHSuUBduJNRbjMp+Xf6egQrXtjkxy+ov"},"_chains":{"BciNPz6IhnZhSYx+x50UGYSQYP5OwWHBzGF5zKK0uu5V":{"chainKey":{"counter":2,"key":"+A5fB/wZzuYxlW5b9/XILW4KuopXjwNmH/DQgCZ2sCA="},"chainType":1,"messageKeys":{}}},"pendingPreKey":{"signedKeyId":19,"baseKey":"BXSg9r3v5CRepfhf7nmOjx1wDfS+1fGfbGZvdJYbnDZH","preKeyId":15188903}}},"version":"v1"}