{"_sessions":{"Bc6lIIVZUS+OZkwvAJeIS/8C7LP581cWkoWv4IcEqEdA":{"registrationId":413416031,"currentRatchet":{"ephemeralKeyPair":{"pubKey":"BXB/ba5YFTmaG/2aKkWX1n/FjZgDG9jUZW0F5SjDm7xb","privKey":"SHY8N4J/7uzTSx0cfbAsENbCXWFkHBPyvRZ0Cegpimk="},"lastRemoteEphemeralKey":"BU7mW3Ary5OcD9YUUz/He/EzEID2EmG7P7LgdB/SpbZl","previousCounter":0,"rootKey":"+RxH4gGg9aI9bnF2JtZfsybXdwCL2duyiA2l+gBKooQ="},"indexInfo":{"baseKey":"Bc6lIIVZUS+OZkwvAJeIS/8C7LP581cWkoWv4IcEqEdA","baseKeyType":1,"closed":1742840809896,"used":1742840797867,"created":1742840797867,"remoteIdentityKey":"BWslw0SAXJ6Mxqtm8uaE6nkh6Rpu7ExUmOxv15IfClZu"},"_chains":{"BXB/ba5YFTmaG/2aKkWX1n/FjZgDG9jUZW0F5SjDm7xb":{"chainKey":{"counter":0,"key":"FR0sN6wlxFBkYQFwNjjY5HHCOmIRxgDgKQJnlYTAfVA="},"chainType":1,"messageKeys":{}}},"pendingPreKey":{"signedKeyId":0,"baseKey":"Bc6lIIVZUS+OZkwvAJeIS/8C7LP581cWkoWv4IcEqEdA","preKeyId":1713147}},"BTwi+jtjDh+7dZoaoi3Ys4KSROipg0wIgqM3KJQbl7dl":{"registrationId":413416031,"currentRatchet":{"ephemeralKeyPair":{"pubKey":"BXAnG7nUGP3+wg+SoU1qTrXNAuooTTS7eqcz/o7zugZj","privKey":"8OgZ66v9RjGjuHlRnnkHPpVa25ZahSGAO1czSfxmVm0="},"lastRemoteEphemeralKey":"BU7mW3Ary5OcD9YUUz/He/EzEID2EmG7P7LgdB/SpbZl","previousCounter":0,"rootKey":"20pcJ4UUDZgBYIos73cjXiEBLkuV6J5O1y9+zHd7xy4="},"indexInfo":{"baseKey":"BTwi+jtjDh+7dZoaoi3Ys4KSROipg0wIgqM3KJQbl7dl","baseKeyType":1,"closed":-1,"used":1742840808910,"created":1742840808910,"remoteIdentityKey":"BWslw0SAXJ6Mxqtm8uaE6nkh6Rpu7ExUmOxv15IfClZu"},"_chains":{"BXAnG7nUGP3+wg+SoU1qTrXNAuooTTS7eqcz/o7zugZj":{"chainKey":{"counter":0,"key":"ivRIjJk4sbtBr/P1v/HFQktHdgwo1PZNHdIFN1EFYQg="},"chainType":1,"messageKeys":{}}},"pendingPreKey":{"signedKeyId":0,"baseKey":"BTwi+jtjDh+7dZoaoi3Ys4KSROipg0wIgqM3KJQbl7dl","preKeyId":1713170}}},"version":"v1"}