{"_sessions":{"BWvu0t8Ol6vbfYEHhwLwlXsR3AFqIitmpeCsmR1wikBw":{"registrationId":1608186920,"currentRatchet":{"ephemeralKeyPair":{"pubKey":"BXjwrMt5XIU3SMFH1WyfAbH9+WJq8HVrJv5bHGN3o+8k","privKey":"2EKoaYHwTbpGVh6ZGA3V13NGiwNePvnBVwU5TdpNm14="},"lastRemoteEphemeralKey":"BcomUjSwShLeamPMAM+tbM7mFbr2jbM0LUxdViVsm7tQ","previousCounter":0,"rootKey":"is+CQIc2jlHaPqJg0TIUphygrQgQYjw3w/9G3koOr4U="},"indexInfo":{"baseKey":"BWvu0t8Ol6vbfYEHhwLwlXsR3AFqIitmpeCsmR1wikBw","baseKeyType":1,"closed":-1,"used":1742840828417,"created":1742840828417,"remoteIdentityKey":"BYpb3iRRDs+DGr89222lk6SxoK+Bvf5+Jj4/b84a9N0j"},"_chains":{"BXjwrMt5XIU3SMFH1WyfAbH9+WJq8HVrJv5bHGN3o+8k":{"chainKey":{"counter":5,"key":"czHYY+0nRq5B2q7HQMOyy9B/1N7IHZCQ6EWxpzVtRmQ="},"chainType":1,"messageKeys":{}}},"pendingPreKey":{"signedKeyId":19,"baseKey":"BWvu0t8Ol6vbfYEHhwLwlXsR3AFqIitmpeCsmR1wikBw","preKeyId":2773968}}},"version":"v1"}