{"_sessions":{"BYfJuUUt5SRSQ4K4NM94KS1eXVEPI90PjrWUsjWMIM4B":{"registrationId":1214688599,"currentRatchet":{"ephemeralKeyPair":{"pubKey":"BbkOQlUk5bYvaN2HLnsNcLQtQ/nAdtg3bkBs3y4BKH8d","privKey":"KPWJFs3zzbzWkXBJxpMiMz8LgqYCx6XE3M6bOMr/jWY="},"lastRemoteEphemeralKey":"BTUcwo/hw3mK/52astFUvSHbCJyrbR/epnhmsKmQzlV3","previousCounter":0,"rootKey":"3Kphe+X5PKXUKn6feUWM0YBeHuYTpqwMwrUNWguy3cc="},"indexInfo":{"baseKey":"BYfJuUUt5SRSQ4K4NM94KS1eXVEPI90PjrWUsjWMIM4B","baseKeyType":1,"closed":-1,"used":1742840827649,"created":1742840827649,"remoteIdentityKey":"BYIPvzOTDtZSNEebZesy3AA+cNFTWCumm7UBYoWHSdAz"},"_chains":{"BbkOQlUk5bYvaN2HLnsNcLQtQ/nAdtg3bkBs3y4BKH8d":{"chainKey":{"counter":5,"key":"j+GsTCh9R+PirTZ0IoZz3aiOq0mJtb2sFTpZRf2P7kQ="},"chainType":1,"messageKeys":{}}},"pendingPreKey":{"signedKeyId":6,"baseKey":"BYfJuUUt5SRSQ4K4NM94KS1eXVEPI90PjrWUsjWMIM4B","preKeyId":13717856}}},"version":"v1"}