{"_sessions":{"BbP7kO9n400KRwvAM88cWJTXJAE1A8d1qrUOAQ+QOy0Z":{"registrationId":934613467,"currentRatchet":{"ephemeralKeyPair":{"pubKey":"BZCYZmCr8mwSm3sHdYlOTmnWgxcl8XIW2n4Ijcja8ilo","privKey":"CEnlIsK7L3gdZdM5RqGJ9tJwknYQO7WJByI6SqG/rlk="},"lastRemoteEphemeralKey":"BYJPxl2EKk7Ev/tsJ3uZWonPEAmJ1itDq5pKbApvx24M","previousCounter":0,"rootKey":"AAxfeeo6qRS7DiiEKDmyJ3BHhT3+rTgS9e3bdxsBBMM="},"indexInfo":{"baseKey":"BbP7kO9n400KRwvAM88cWJTXJAE1A8d1qrUOAQ+QOy0Z","baseKeyType":1,"closed":1742840809961,"used":1742840797929,"created":1742840797929,"remoteIdentityKey":"Be3ZhKliFMlSOmD958FxIuZPXMaqq4mE7Pto4SrVIjBT"},"_chains":{"BZCYZmCr8mwSm3sHdYlOTmnWgxcl8XIW2n4Ijcja8ilo":{"chainKey":{"counter":0,"key":"VrTO5Litn+deftoQ4ujwl0w2fODc7xyqGg4/30l35oY="},"chainType":1,"messageKeys":{}}},"pendingPreKey":{"signedKeyId":2,"baseKey":"BbP7kO9n400KRwvAM88cWJTXJAE1A8d1qrUOAQ+QOy0Z","preKeyId":10626763}},"BRiTvStv+ED9IPfc56wMzMiecs1cYTqhFY8vVaHq4Xk2":{"registrationId":934613467,"currentRatchet":{"ephemeralKeyPair":{"pubKey":"BWyXtNShVCIlB7FbOl9pJrjZHiK5PFD/06lEivONAasf","privKey":"gGWGyUw5QIzcD/tjXjubPe0zDaN/e7AEO65B46rfGms="},"lastRemoteEphemeralKey":"BYJPxl2EKk7Ev/tsJ3uZWonPEAmJ1itDq5pKbApvx24M","previousCounter":0,"rootKey":"/p8vLbVGBLU5BIhXPDJkExNoOsbkrwF7Bm2h88jUGVs="},"indexInfo":{"baseKey":"BRiTvStv+ED9IPfc56wMzMiecs1cYTqhFY8vVaHq4Xk2","baseKeyType":1,"closed":1742840828510,"used":1742840808970,"created":1742840808970,"remoteIdentityKey":"Be3ZhKliFMlSOmD958FxIuZPXMaqq4mE7Pto4SrVIjBT"},"_chains":{"BWyXtNShVCIlB7FbOl9pJrjZHiK5PFD/06lEivONAasf":{"chainKey":{"counter":0,"key":"qTZeWZbUpofsomkfsH45vwIG8QDXMTbKDcMixk/fiYg="},"chainType":1,"messageKeys":{}}},"pendingPreKey":{"signedKeyId":2,"baseKey":"BRiTvStv+ED9IPfc56wMzMiecs1cYTqhFY8vVaHq4Xk2","preKeyId":10629912}},"BVP+x21hR10SHIhj6nJAriPPSCKXpisBrzERM5dilmEv":{"registrationId":934613467,"currentRatchet":{"ephemeralKeyPair":{"pubKey":"BZujgzLfGlO91ER9nipWjcO3XK6zgQ5xu522fLv2vi0P","privKey":"+FiWXOEsk471ioWLgzFjuNkkxqNHoW60oJ1vBNnqZUU="},"lastRemoteEphemeralKey":"BYJPxl2EKk7Ev/tsJ3uZWonPEAmJ1itDq5pKbApvx24M","previousCounter":0,"rootKey":"vu+FnJWtDLEgWKbouBo+YhpsgBZ7CVnY58/hdT98ocs="},"indexInfo":{"baseKey":"BVP+x21hR10SHIhj6nJAriPPSCKXpisBrzERM5dilmEv","baseKeyType":1,"closed":-1,"used":1742840827633,"created":1742840827633,"remoteIdentityKey":"Be3ZhKliFMlSOmD958FxIuZPXMaqq4mE7Pto4SrVIjBT"},"_chains":{"BZujgzLfGlO91ER9nipWjcO3XK6zgQ5xu522fLv2vi0P":{"chainKey":{"counter":7,"key":"rcR+KQrkHEHhaYj+LZ7rzV0vQfMmx4BooRWZwsQwmwY="},"chainType":1,"messageKeys":{}}},"pendingPreKey":{"signedKeyId":2,"baseKey":"BVP+x21hR10SHIhj6nJAriPPSCKXpisBrzERM5dilmEv","preKeyId":10630481}}},"version":"v1"}