{"_sessions":{"Bdr+Kv+8vHiOJVYvLIs4bL7CfJT17efReTHyAfh5O/4P":{"registrationId":195857300,"currentRatchet":{"ephemeralKeyPair":{"pubKey":"BXq3VYOlpNuO/gulibwX/RWW+tl+wDuf0tzg/iXRtntn","privKey":"2FoMQB//Ghyzekb/c7MpaTclhncSK7XJ+VdOnjRDclc="},"lastRemoteEphemeralKey":"BUCq7khOLY/Beq12UgU7Wi7LU9XqQe/64go9XPRnEVJZ","previousCounter":0,"rootKey":"GnHvxx9Sa30gwpJcTKDLObxG5c92p8gn4zkB5rFEsKo="},"indexInfo":{"baseKey":"Bdr+Kv+8vHiOJVYvLIs4bL7CfJT17efReTHyAfh5O/4P","baseKeyType":1,"closed":-1,"used":1742840825544,"created":1742840825544,"remoteIdentityKey":"BViXX0gKscNGA+OlR8tNVOi0Yo0YI4++vTaVAcdi0nBI"},"_chains":{"BXq3VYOlpNuO/gulibwX/RWW+tl+wDuf0tzg/iXRtntn":{"chainKey":{"counter":4,"key":"fApbDzDc4ShjPTGXru4fwIJrVgzkLjWWoaf1Cg4zz94="},"chainType":1,"messageKeys":{}}},"pendingPreKey":{"signedKeyId":29,"baseKey":"Bdr+Kv+8vHiOJVYvLIs4bL7CfJT17efReTHyAfh5O/4P","preKeyId":7589129}}},"version":"v1"}