{"_sessions":{"BUSLegL+H1snTrvCWHIdz49EYJ2gGhKD+gPT01nWSmFg":{"registrationId":296313416,"currentRatchet":{"ephemeralKeyPair":{"pubKey":"BY3bBYTHlkhXAoVSfqlrenh3R6vvDHvTvhygoEZhry0N","privKey":"MGP8t9+P1kPvo73QVyWoGyfH21lp9OoCLNhk72EB91E="},"lastRemoteEphemeralKey":"BdgzvDqKqK5oGWuCfrT1BcYZIlx38BXOQ+PiMveVYgll","previousCounter":0,"rootKey":"Pjmab4dEO8YhO5dfcm2KpgTaa+tl0WAtGCd5FM8/1W0="},"indexInfo":{"baseKey":"BUSLegL+H1snTrvCWHIdz49EYJ2gGhKD+gPT01nWSmFg","baseKeyType":1,"closed":1742840812340,"used":1742840799601,"created":1742840799601,"remoteIdentityKey":"BQqZsK1Jqz68Z+nTVM8DYoMc1nPiEfMWEkGsbw14YjoJ"},"_chains":{"BY3bBYTHlkhXAoVSfqlrenh3R6vvDHvTvhygoEZhry0N":{"chainKey":{"counter":0,"key":"5PzirCZaYIkFxQC4u5Q0vBhGSyW7RYBjrfs5aLK6WuQ="},"chainType":1,"messageKeys":{}}},"pendingPreKey":{"signedKeyId":6,"baseKey":"BUSLegL+H1snTrvCWHIdz49EYJ2gGhKD+gPT01nWSmFg","preKeyId":6414837}},"BQaND099rJ9owJueJeY5YTmijs/fnx/LBtORbAx67kgp":{"registrationId":296313416,"currentRatchet":{"ephemeralKeyPair":{"pubKey":"Bf4pbXsWjJxPJTm69+uzXGYtt/+QOfT9hZ7JMsZ/Xc0n","privKey":"EOKOXYO5XaKpwf0n+ux3vNjo4IjBbWpwIqVAoOcL+nc="},"lastRemoteEphemeralKey":"BdgzvDqKqK5oGWuCfrT1BcYZIlx38BXOQ+PiMveVYgll","previousCounter":0,"rootKey":"6/GZx347sxC2f6etfUpOBznf1JvXRrNFOWP23nAdrTA="},"indexInfo":{"baseKey":"BQaND099rJ9owJueJeY5YTmijs/fnx/LBtORbAx67kgp","baseKeyType":1,"closed":1742840828610,"used":1742840811530,"created":1742840811530,"remoteIdentityKey":"BQqZsK1Jqz68Z+nTVM8DYoMc1nPiEfMWEkGsbw14YjoJ"},"_chains":{"Bf4pbXsWjJxPJTm69+uzXGYtt/+QOfT9hZ7JMsZ/Xc0n":{"chainKey":{"counter":0,"key":"zsYD+iW8ZrRmRax7h9InRXS4gwMEIugXwhB78Bnf974="},"chainType":1,"messageKeys":{}}},"pendingPreKey":{"signedKeyId":6,"baseKey":"BQaND099rJ9owJueJeY5YTmijs/fnx/LBtORbAx67kgp","preKeyId":6414871}},"BdT8L3+q3OblAfG1tfe5l+BVefsrJXtCIzamv4rqIUgP":{"registrationId":296313416,"currentRatchet":{"ephemeralKeyPair":{"pubKey":"BZW8RWgw1+PTrGTfw240bGrbxB5r0Efu1mOobrTPz9tr","privKey":"iJ+zfM1C8/VWZ138chwVyFK2m38X61qOoAgOXJwJeWk="},"lastRemoteEphemeralKey":"BdgzvDqKqK5oGWuCfrT1BcYZIlx38BXOQ+PiMveVYgll","previousCounter":0,"rootKey":"9OnT48Nm30zUCdLNI3L6x6PiJ+4PJ/MjdtoPT7IGk6g="},"indexInfo":{"baseKey":"BdT8L3+q3OblAfG1tfe5l+BVefsrJXtCIzamv4rqIUgP","baseKeyType":1,"closed":-1,"used":1742840828355,"created":1742840828355,"remoteIdentityKey":"BQqZsK1Jqz68Z+nTVM8DYoMc1nPiEfMWEkGsbw14YjoJ"},"_chains":{"BZW8RWgw1+PTrGTfw240bGrbxB5r0Efu1mOobrTPz9tr":{"chainKey":{"counter":4,"key":"Ie6EL2rPRiOAnEbV9bumu7CBPXSvIjFqMuZ/JHBLBDs="},"chainType":1,"messageKeys":{}}},"pendingPreKey":{"signedKeyId":6,"baseKey":"BdT8L3+q3OblAfG1tfe5l+BVefsrJXtCIzamv4rqIUgP","preKeyId":6415160}}},"version":"v1"}