{"_sessions":{"BcFL0YZkvLEztkqttihIbtiaoKmOj4/syjGns3nLK5d/":{"registrationId":1476689539,"currentRatchet":{"ephemeralKeyPair":{"pubKey":"BXxmSmbaXhbLgaeYeo+2Y8mvsctD1Z6JnvHRJfmPuEta","privKey":"ADR/5ZSPQP9sunDHNcoRLkQmezZ3nJjNhipvWW1+XX0="},"lastRemoteEphemeralKey":"Be2FaTHavyBP9/WVm1oTDihckLK7BwMY2VwTYZudSY8m","previousCounter":0,"rootKey":"CHBrR1Pr/aapaD5K5wGYk9VnfloxWZ9pNq2eUj83tJg="},"indexInfo":{"baseKey":"BcFL0YZkvLEztkqttihIbtiaoKmOj4/syjGns3nLK5d/","baseKeyType":1,"closed":-1,"used":1742840827913,"created":1742840827913,"remoteIdentityKey":"BRq9FVmF42pEr0Nf9U6oqsh+C8hcCHJGFfKBSZ8gP6BS"},"_chains":{"BXxmSmbaXhbLgaeYeo+2Y8mvsctD1Z6JnvHRJfmPuEta":{"chainKey":{"counter":0,"key":"NhDd/AXq68rT4xtn5GeNPRxoeF2ly+vtgQBjo/gWALA="},"chainType":1,"messageKeys":{}}},"pendingPreKey":{"signedKeyId":2,"baseKey":"BcFL0YZkvLEztkqttihIbtiaoKmOj4/syjGns3nLK5d/","preKeyId":12278531}}},"version":"v1"}