{"_sessions":{"BdQrHJ25XOTHKMTPN9Zg2Kse2K/k8W3OvN4ewwFfj/B2":{"registrationId":1437670714,"currentRatchet":{"ephemeralKeyPair":{"pubKey":"BcwQKuXR4MiQyBn+0X8LQPDDRYZnLN7yZAzOVORAXlUL","privKey":"KPtiL5ggnhPeH7eEkdgexpEiXNXE6N0+pRBuwR9cLEg="},"lastRemoteEphemeralKey":"BUH6wISgACbNLox0+jODCJUCddr+61qGsduGYIYtvSYL","previousCounter":0,"rootKey":"+3KnbZTo/q82ohbgRqoHoomLsyEl7DjfxF5Jal6CvAo="},"indexInfo":{"baseKey":"BdQrHJ25XOTHKMTPN9Zg2Kse2K/k8W3OvN4ewwFfj/B2","baseKeyType":1,"closed":-1,"used":1742842541400,"created":1742842541400,"remoteIdentityKey":"BSJNn1hI2wk56HDl2EzHuKfdVtsRn7UxLKQGpWz3piIc"},"_chains":{"BcwQKuXR4MiQyBn+0X8LQPDDRYZnLN7yZAzOVORAXlUL":{"chainKey":{"counter":0,"key":"z//FA9w8Q8JUAxt82MBIOp7nfJAmaPbEdlOp2hqJEMw="},"chainType":1,"messageKeys":{}}},"pendingPreKey":{"signedKeyId":19,"baseKey":"BdQrHJ25XOTHKMTPN9Zg2Kse2K/k8W3OvN4ewwFfj/B2","preKeyId":8986955}}},"version":"v1"}