{"_sessions":{"Bcio7m7R4Eor2HQgo5I37JygcH7XmJoSg0+7OO71/HED":{"registrationId":2057592368,"currentRatchet":{"ephemeralKeyPair":{"pubKey":"BcsALYI5eN2TV4s504QoA/6PDOo4HmI0wP7ryocYobZU","privKey":"WNf0vnRlo+fBA65SSgYss+SPgAXbN01SwMK6XbDCIGQ="},"lastRemoteEphemeralKey":"BZbguN68QQx/JMRHA2D1gDbF9x10BbW3Y8kGsSL4x0ho","previousCounter":0,"rootKey":"LIIW0/yffzyiONeV6XG+nd2psQbL6LgeaUfstcJvQwQ="},"indexInfo":{"baseKey":"Bcio7m7R4Eor2HQgo5I37JygcH7XmJoSg0+7OO71/HED","baseKeyType":1,"closed":-1,"used":1742842541414,"created":1742842541414,"remoteIdentityKey":"BaPMgamjP8R6x2kawpIBrmOCp/SPD8Se3J/NKxsIyEJo"},"_chains":{"BcsALYI5eN2TV4s504QoA/6PDOo4HmI0wP7ryocYobZU":{"chainKey":{"counter":0,"key":"w63dN9T7K5hww42444wkg0iUQd9H9KQNTBWo0ixBAi0="},"chainType":1,"messageKeys":{}}},"pendingPreKey":{"signedKeyId":3,"baseKey":"Bcio7m7R4Eor2HQgo5I37JygcH7XmJoSg0+7OO71/HED"}}},"version":"v1"}