{"_sessions":{"BW65cRYAgtxnq7akGmiMQO+t6gn6n2fY+RgX7W7/yUIJ":{"registrationId":413399148,"currentRatchet":{"ephemeralKeyPair":{"pubKey":"BfifFLnQPj6fGxkZkZxRdEZEjQB1Tel3Yu+MfpsFhZow","privKey":"2Nn2JhdEx+/gG80iG3QvUrJkFUrJUMGA6vksSWt2fmw="},"lastRemoteEphemeralKey":"BdiPWIdtgsEr8EmkXRF7XEQmciqC68l6Tn30PZSqK+xh","previousCounter":0,"rootKey":"VyHsmV0krr/w5+rW+NUSBfq61bmarICgYwT6M0/ItqA="},"indexInfo":{"baseKey":"BW65cRYAgtxnq7akGmiMQO+t6gn6n2fY+RgX7W7/yUIJ","baseKeyType":1,"closed":1742840809556,"used":1742840797577,"created":1742840797577,"remoteIdentityKey":"BZFuPIvrpd9lvxvHWpRvcGZDJX7vTErg7klWlqQBpj4L"},"_chains":{"BfifFLnQPj6fGxkZkZxRdEZEjQB1Tel3Yu+MfpsFhZow":{"chainKey":{"counter":0,"key":"c6/Hw5qXbZtdUEnSHKOB/EODzhZxUBXIIFE0JCWMFps="},"chainType":1,"messageKeys":{}}},"pendingPreKey":{"signedKeyId":8898789,"baseKey":"BW65cRYAgtxnq7akGmiMQO+t6gn6n2fY+RgX7W7/yUIJ","preKeyId":932}},"BQcc4tAe/W25nK9Csk7XyxSSH+Ychr1CB+F8QI2mhLMp":{"registrationId":413399148,"currentRatchet":{"ephemeralKeyPair":{"pubKey":"BYNrT3TEtKxwwUUJz1s5B5E+OWyAu64kypGNdM7Y244v","privKey":"oO5/6sIQlpxLAvPLmzFyZIlIRIjyGvvE9EnTviQ1PGI="},"lastRemoteEphemeralKey":"BdiPWIdtgsEr8EmkXRF7XEQmciqC68l6Tn30PZSqK+xh","previousCounter":0,"rootKey":"VZqYWPJaNY6Gp1zWh9rBqHIJOtm93vfy+sxLya7jhcM="},"indexInfo":{"baseKey":"BQcc4tAe/W25nK9Csk7XyxSSH+Ychr1CB+F8QI2mhLMp","baseKeyType":1,"closed":1742840823633,"used":1742840808631,"created":1742840808631,"remoteIdentityKey":"BZFuPIvrpd9lvxvHWpRvcGZDJX7vTErg7klWlqQBpj4L"},"_chains":{"BYNrT3TEtKxwwUUJz1s5B5E+OWyAu64kypGNdM7Y244v":{"chainKey":{"counter":0,"key":"o0rgmrsQCZnCxiZN+koFVrBGFeEiLBWLxY/DcxD9f+c="},"chainType":1,"messageKeys":{}}},"pendingPreKey":{"signedKeyId":8898789,"baseKey":"BQcc4tAe/W25nK9Csk7XyxSSH+Ychr1CB+F8QI2mhLMp","preKeyId":975}},"Bfef11K7LDykfgzwTuAr8Kw5ZHgHmP3I9EPk4c4c7YZN":{"registrationId":413399148,"currentRatchet":{"ephemeralKeyPair":{"pubKey":"BQLg6CW5GyhcjTMsJnz+OTsbsiY+HhXWFGu5gmGGDSYx","privKey":"sH41ZOFdkrQD4gGfuqVZPRZl7bni4+pKNcP2qnyBO0E="},"lastRemoteEphemeralKey":"BdiPWIdtgsEr8EmkXRF7XEQmciqC68l6Tn30PZSqK+xh","previousCounter":0,"rootKey":"zfy+gT2kb2VZkCb+hWerQxKanCZDpC3ATTKtauHAL+c="},"indexInfo":{"baseKey":"Bfef11K7LDykfgzwTuAr8Kw5ZHgHmP3I9EPk4c4c7YZN","baseKeyType":1,"closed":-1,"used":1742840823480,"created":1742840823480,"remoteIdentityKey":"BZFuPIvrpd9lvxvHWpRvcGZDJX7vTErg7klWlqQBpj4L"},"_chains":{"BQLg6CW5GyhcjTMsJnz+OTsbsiY+HhXWFGu5gmGGDSYx":{"chainKey":{"counter":8,"key":"wmNdbYxBGH/FhLn0LyE/Xc9insgMUT0ZyPJK/87hQps="},"chainType":1,"messageKeys":{}}},"pendingPreKey":{"signedKeyId":8898789,"baseKey":"Bfef11K7LDykfgzwTuAr8Kw5ZHgHmP3I9EPk4c4c7YZN","preKeyId":395}}},"version":"v1"}