{"_sessions":{"Bas3gmvcgWMQhC165ImHMOWKmJ7ay5ZXr1THmsB5IapF":{"registrationId":9973,"currentRatchet":{"ephemeralKeyPair":{"pubKey":"Bbi/cipT5lnwq8l68xs+GWDwXuv/7SvHAdz6+HGCKHQW","privKey":"0DXTogdRbOQklNJnTrelDYwGQQ82hM4XJVMMkU35OXI="},"lastRemoteEphemeralKey":"BXct9qLq/Vm5L6Scaj1wPIgN7q5xBuzkvaUaOIw8VzBA","previousCounter":0,"rootKey":"S1+k8O2nLCaacVvH2YDJj9Pr2v1cesbXReCT1I3izOs="},"indexInfo":{"baseKey":"Bas3gmvcgWMQhC165ImHMOWKmJ7ay5ZXr1THmsB5IapF","baseKeyType":1,"closed":1742840809308,"used":1742840797363,"created":1742840797363,"remoteIdentityKey":"BQTY1116ufzIVkn2QYw2ci271MVHLQHmQmS9NJkEHm5b"},"_chains":{"Bbi/cipT5lnwq8l68xs+GWDwXuv/7SvHAdz6+HGCKHQW":{"chainKey":{"counter":0,"key":"YVOYUlTsnjixITutteGpf4vj22MdT1gJS2dq3Swuhkg="},"chainType":1,"messageKeys":{}}},"pendingPreKey":{"signedKeyId":1,"baseKey":"Bas3gmvcgWMQhC165ImHMOWKmJ7ay5ZXr1THmsB5IapF"}},"BTqUquk8gxlVLYxVQXIDSEykKYmGg8gH+zFvmladMfJX":{"registrationId":9973,"currentRatchet":{"ephemeralKeyPair":{"pubKey":"BdmTgfKRQAY33JJGuAd/QyD/jIcrcsBipGPQQIMnNpod","privKey":"+IZH5h6Nni/0tWsiwC30TtGUxk92njJrqrC/Lz+5gXo="},"lastRemoteEphemeralKey":"BXct9qLq/Vm5L6Scaj1wPIgN7q5xBuzkvaUaOIw8VzBA","previousCounter":0,"rootKey":"lmZfKbghZhzZHlR4VRzXoUJusiVqAUC86tULoC37T+w="},"indexInfo":{"baseKey":"BTqUquk8gxlVLYxVQXIDSEykKYmGg8gH+zFvmladMfJX","baseKeyType":1,"closed":-1,"used":1742840808424,"created":1742840808424,"remoteIdentityKey":"BQTY1116ufzIVkn2QYw2ci271MVHLQHmQmS9NJkEHm5b"},"_chains":{"BdmTgfKRQAY33JJGuAd/QyD/jIcrcsBipGPQQIMnNpod":{"chainKey":{"counter":1,"key":"f+NA1e2sqY1WvDLDqW+qG5ZSBHjM7vPxypd56t/fSD0="},"chainType":1,"messageKeys":{}}},"pendingPreKey":{"signedKeyId":1,"baseKey":"BTqUquk8gxlVLYxVQXIDSEykKYmGg8gH+zFvmladMfJX"}}},"version":"v1"}