{"_sessions":{"BRQvx1nb4GesknN36kr4/7kxEXotgLqEYjGb3DgY92p9":{"registrationId":1188357831,"currentRatchet":{"ephemeralKeyPair":{"pubKey":"BRW/Rk4Q5966fAFtdNbvs+ViH3QSfIJt+E3rIELxmYg9","privKey":"MKCQXxiQebuYd49gCR8V84C1XXxMnmdNiGuifKitU3M="},"lastRemoteEphemeralKey":"BQLCDyOmzVA/AWCqa33LnNoCGifqWm6K7/hUmfIIdtMD","previousCounter":0,"rootKey":"jEPz4atQ9dwwdglrxflaL+zC5sTceaSQAXm+kC7iM+c="},"indexInfo":{"baseKey":"BRQvx1nb4GesknN36kr4/7kxEXotgLqEYjGb3DgY92p9","baseKeyType":1,"closed":-1,"used":1742840851969,"created":1742840851969,"remoteIdentityKey":"BfpFGe9XeJfdMHx/9JO0LURxsNfl3+Qmi/sl8EGllIAY"},"_chains":{"BRW/Rk4Q5966fAFtdNbvs+ViH3QSfIJt+E3rIELxmYg9":{"chainKey":{"counter":0,"key":"d5/rSUhuS83iUQuib8XsQk1V5IgHxik8jH72YqyxLZs="},"chainType":1,"messageKeys":{}}},"pendingPreKey":{"signedKeyId":12,"baseKey":"BRQvx1nb4GesknN36kr4/7kxEXotgLqEYjGb3DgY92p9","preKeyId":4255742}}},"version":"v1"}