{"_sessions":{"BTcDeXwNYkRNONiRmcfbmxr5ba9W84rYxl9e5cQOKvg9":{"registrationId":1918090326,"currentRatchet":{"ephemeralKeyPair":{"pubKey":"Bb96J/k3VkTW8/UZMpy6QNquskWVZy9b+rdH0qwpJ+sC","privKey":"WL5KAW68wqz7paR1h8LFxw4+FaYBBNi00g5ReRWDDE4="},"lastRemoteEphemeralKey":"BXR4yEPzCj2bElrtBIOoj9Q+cRDzhlnsJMfYq3686iIy","previousCounter":0,"rootKey":"HSRA27t1GHSKblmtItbr2FxUQ5YuU14iPeB7cTBnPTk="},"indexInfo":{"baseKey":"BTcDeXwNYkRNONiRmcfbmxr5ba9W84rYxl9e5cQOKvg9","baseKeyType":1,"closed":-1,"used":1742840851888,"created":1742840851888,"remoteIdentityKey":"BbbHE8YdvoVc33LWC+yXAxPo7b6wzifPezzgSXD2yJQb"},"_chains":{"Bb96J/k3VkTW8/UZMpy6QNquskWVZy9b+rdH0qwpJ+sC":{"chainKey":{"counter":0,"key":"FbMStCHLki9BdRW/QMIvMflY2+OX9JSlT5T6S7zPQxM="},"chainType":1,"messageKeys":{}}},"pendingPreKey":{"signedKeyId":1778344,"baseKey":"BTcDeXwNYkRNONiRmcfbmxr5ba9W84rYxl9e5cQOKvg9","preKeyId":1652}}},"version":"v1"}