{"_sessions":{"BQe28AWxnrYAIYRSocKV9CBsyfPCRfG5CIquw9Z6Bp0+":{"registrationId":688263362,"currentRatchet":{"ephemeralKeyPair":{"pubKey":"BQcnJBjhnrJBC5n2QDxYRvtZ//B9JAYycnyRQegTmaYO","privKey":"2O3j7ACB484FcD2Unk0PvOR3f+3mY7zXRj9jNXAcRFg="},"lastRemoteEphemeralKey":"BZ1lDMeTxYznoZUqIE1vO0ZPJhFYsFlRC1hVYZscvHFJ","previousCounter":0,"rootKey":"9gf+FyL77Y2lgErxUQhy4q40TxeOWM9w1K2vj4Bgm+Q="},"indexInfo":{"baseKey":"BQe28AWxnrYAIYRSocKV9CBsyfPCRfG5CIquw9Z6Bp0+","baseKeyType":1,"closed":1742840809964,"used":1742840797937,"created":1742840797937,"remoteIdentityKey":"BaoP8CN4AEiGjfyPK09qKMBCNFA52l4ZbeMQX+DqxO0G"},"_chains":{"BQcnJBjhnrJBC5n2QDxYRvtZ//B9JAYycnyRQegTmaYO":{"chainKey":{"counter":0,"key":"3vJlHY/3VcVtztbRI1in0sRzZOY4IWj+GJgJ92TQKXc="},"chainType":1,"messageKeys":{}}},"pendingPreKey":{"signedKeyId":0,"baseKey":"BQe28AWxnrYAIYRSocKV9CBsyfPCRfG5CIquw9Z6Bp0+","preKeyId":9831924}},"BQ1iL2xK4B8EaIrGHOcq0cVhn8VZ+t22fflo9prtBoUv":{"registrationId":688263362,"currentRatchet":{"ephemeralKeyPair":{"pubKey":"BZHNnJVhmMNRnwLwyWSIGZiW9xYYKMkD21gF8Wa83yNV","privKey":"0LMxeRmYFEs1+S8whBhLXzjaVePk+Bh2Nc6YpTvqjXY="},"lastRemoteEphemeralKey":"BZ1lDMeTxYznoZUqIE1vO0ZPJhFYsFlRC1hVYZscvHFJ","previousCounter":0,"rootKey":"+Kac0JfWDnWV9SzD3VaLE+uWYW0FhKmNawKH86Xhxis="},"indexInfo":{"baseKey":"BQ1iL2xK4B8EaIrGHOcq0cVhn8VZ+t22fflo9prtBoUv","baseKeyType":1,"closed":1742840828512,"used":1742840808979,"created":1742840808979,"remoteIdentityKey":"BaoP8CN4AEiGjfyPK09qKMBCNFA52l4ZbeMQX+DqxO0G"},"_chains":{"BZHNnJVhmMNRnwLwyWSIGZiW9xYYKMkD21gF8Wa83yNV":{"chainKey":{"counter":0,"key":"gyoiUSy6ayeudk/CtgIWIkOy0lVqZRoEzJ7QsfD7x8s="},"chainType":1,"messageKeys":{}}},"pendingPreKey":{"signedKeyId":0,"baseKey":"BQ1iL2xK4B8EaIrGHOcq0cVhn8VZ+t22fflo9prtBoUv","preKeyId":9832012}},"Be2FDL/oeHuqGTqZRbdfspYMIiUiQj0+jjDHM408aNld":{"registrationId":688263362,"currentRatchet":{"ephemeralKeyPair":{"pubKey":"BQpCxeGGiDUcDbmjTS85VcdLjzHlAhMR3BdK8/9Bc/Vb","privKey":"YDMHjZsgQ7Z1xAp3ED2yXnqOaopni36yQb1oVqX2nWQ="},"lastRemoteEphemeralKey":"BZ1lDMeTxYznoZUqIE1vO0ZPJhFYsFlRC1hVYZscvHFJ","previousCounter":0,"rootKey":"xVbbXwolRC8dZ9oC/cvNbCbjSP9WnpyZf9cqN3vUObs="},"indexInfo":{"baseKey":"Be2FDL/oeHuqGTqZRbdfspYMIiUiQj0+jjDHM408aNld","baseKeyType":1,"closed":-1,"used":1742840827658,"created":1742840827658,"remoteIdentityKey":"BaoP8CN4AEiGjfyPK09qKMBCNFA52l4ZbeMQX+DqxO0G"},"_chains":{"BQpCxeGGiDUcDbmjTS85VcdLjzHlAhMR3BdK8/9Bc/Vb":{"chainKey":{"counter":8,"key":"MtyHcgkfXnia/mUhW96xgFi42CSfPmQbgqLP9S+u7mc="},"chainType":1,"messageKeys":{}}},"pendingPreKey":{"signedKeyId":0,"baseKey":"Be2FDL/oeHuqGTqZRbdfspYMIiUiQj0+jjDHM408aNld","preKeyId":9832162}}},"version":"v1"}