{"_sessions":{"BazluFS3Y8tgt7rLVMB1jlhevCgfNHR1vMIwzzRB2HZV":{"registrationId":1526434199,"currentRatchet":{"ephemeralKeyPair":{"pubKey":"BUSdvwihZGM5l24bFzHjak90rvE67v4lj8up8c00jokQ","privKey":"0Kyz5Qf0vSR1xrpD2yhGN7+X6FH46jzs4/GuUxfyImc="},"lastRemoteEphemeralKey":"BfYAcFNnI409nsDf4PqbTL/o5UIpKwCA3ie60nDALWov","previousCounter":0,"rootKey":"3rsSfvD/RRNL86xZ1L0Jb2dhaE793J1vFyL00k7fTiU="},"indexInfo":{"baseKey":"BazluFS3Y8tgt7rLVMB1jlhevCgfNHR1vMIwzzRB2HZV","baseKeyType":1,"closed":-1,"used":1742840827764,"created":1742840827764,"remoteIdentityKey":"BTabcYZYi+8VcRfKDL2yinqcekgk0SQOjmmkhVNwZghU"},"_chains":{"BUSdvwihZGM5l24bFzHjak90rvE67v4lj8up8c00jokQ":{"chainKey":{"counter":4,"key":"cCmokVICioprFWgv4ejC1uHoq1zayAYeRzUncjgDgzk="},"chainType":1,"messageKeys":{}}},"pendingPreKey":{"signedKeyId":1,"baseKey":"BazluFS3Y8tgt7rLVMB1jlhevCgfNHR1vMIwzzRB2HZV","preKeyId":13936599}}},"version":"v1"}