{"_sessions":{"BaA/bT/g5Wwe/AgBtsSiCoer4IZiNgekhbdn+2ZCE7A5":{"registrationId":951128565,"currentRatchet":{"ephemeralKeyPair":{"pubKey":"BZ3hqPHYL99UKhqOcmWpgD3isfuNlnhdjALAPZIPNbcz","privKey":"wD5Bp0q6OYL9Z/OU3xx81tuZIPKrdZvNydRJGx37r0o="},"lastRemoteEphemeralKey":"BcLJF4FTFdy1WoMI2L9C3lTUbZ+BMD9U9RR6FTaTwalF","previousCounter":0,"rootKey":"zNgc3oAaaIK5MYPKJXHI/saNOOraDovxpx3FXLJSJ1k="},"indexInfo":{"baseKey":"BaA/bT/g5Wwe/AgBtsSiCoer4IZiNgekhbdn+2ZCE7A5","baseKeyType":1,"closed":-1,"used":1742840825835,"created":1742840825835,"remoteIdentityKey":"BeVsCkG++0JOnbrc6frknbeLwCAbY8K7ToLv2hte7r4N"},"_chains":{"BZ3hqPHYL99UKhqOcmWpgD3isfuNlnhdjALAPZIPNbcz":{"chainKey":{"counter":8,"key":"efgp0HKI9Rhx6hxn5dPTGP5LXiIofKm4fHavobix1As="},"chainType":1,"messageKeys":{}}},"pendingPreKey":{"signedKeyId":25,"baseKey":"BaA/bT/g5Wwe/AgBtsSiCoer4IZiNgekhbdn+2ZCE7A5","preKeyId":15240840}}},"version":"v1"}