{"_sessions":{"BY6TnjhZlzIETz0z6fAyLhmohiPbE1+vItBm1gACPhwK":{"registrationId":591612007,"currentRatchet":{"ephemeralKeyPair":{"pubKey":"BXXk+rRJBdHEyc+kzfnrbsmdYPPQFhZg/XuaHnXTIVMt","privKey":"QDxA6su2GNm530Ml7DPBfKRZA1H7La3NPoiFzmUBrWQ="},"lastRemoteEphemeralKey":"BVW2UP3AbEsW9Y+pP55XNseMf0CZhr++xVHw5L2PXjRf","previousCounter":0,"rootKey":"B3jZf1YtcDmbEbadXbSvUTtGQnNSAHJMPWB14hYUh5Y="},"indexInfo":{"baseKey":"BY6TnjhZlzIETz0z6fAyLhmohiPbE1+vItBm1gACPhwK","baseKeyType":1,"closed":1742840812199,"used":1742840799477,"created":1742840799477,"remoteIdentityKey":"BV2G3Q/1YQiYWe/tEjyZCGNqipBOAhPU7ofvklUfBtYi"},"_chains":{"BXXk+rRJBdHEyc+kzfnrbsmdYPPQFhZg/XuaHnXTIVMt":{"chainKey":{"counter":0,"key":"9GYwCyBI2GnEYXKDl1ByeOB8r0Omekb3daJNVdrauYg="},"chainType":1,"messageKeys":{}}},"pendingPreKey":{"signedKeyId":33,"baseKey":"BY6TnjhZlzIETz0z6fAyLhmohiPbE1+vItBm1gACPhwK","preKeyId":4100367}},"BSE8MHNkWjTiFMTekyuZCviJmi9MabE/qgMEtoXYdSdK":{"registrationId":591612007,"currentRatchet":{"ephemeralKeyPair":{"pubKey":"Be4i+BJgv9ztpDrSQisRiWnkbcKEOWgdrg4qd+DznvwC","privKey":"OPofYEqTdqEbbTnVdKKTg1zJN4Ww4J3h+1o4VPbbqHA="},"lastRemoteEphemeralKey":"BVW2UP3AbEsW9Y+pP55XNseMf0CZhr++xVHw5L2PXjRf","previousCounter":0,"rootKey":"FPwbG24OgE4KR8lTJ4Y7Yq6A91DVYg357+uVwwr9UyY="},"indexInfo":{"baseKey":"BSE8MHNkWjTiFMTekyuZCviJmi9MabE/qgMEtoXYdSdK","baseKeyType":1,"closed":-1,"used":1742840811407,"created":1742840811407,"remoteIdentityKey":"BV2G3Q/1YQiYWe/tEjyZCGNqipBOAhPU7ofvklUfBtYi"},"_chains":{"Be4i+BJgv9ztpDrSQisRiWnkbcKEOWgdrg4qd+DznvwC":{"chainKey":{"counter":2,"key":"5Bxk3npCBH2S75vaTStShEjwW5UdBYPFC83H/gGthts="},"chainType":1,"messageKeys":{}}},"pendingPreKey":{"signedKeyId":33,"baseKey":"BSE8MHNkWjTiFMTekyuZCviJmi9MabE/qgMEtoXYdSdK","preKeyId":4100576}}},"version":"v1"}