{"_sessions":{"BZUnLJ/wZUhimiWVG5WMYala/IxCmS8gXZNOxkvGJQA2":{"registrationId":1043518758,"currentRatchet":{"ephemeralKeyPair":{"pubKey":"BRj2MrV/iTtnwVOYzggRCjUH4smvnETFYIEeGMkRi+sQ","privKey":"QH8zn21Z+FRK/82KMMwxs95Bst3HQnFHKjsHqkmbVlc="},"lastRemoteEphemeralKey":"BXe5zDqvH9CxTL6BA6m9IIWKzu503pJfit8zbmI4MuYq","previousCounter":0,"rootKey":"yIdnI/xKOQDOMk6wm9uQBL15cs2knrktj7WQGZQ3XMU="},"indexInfo":{"baseKey":"BZUnLJ/wZUhimiWVG5WMYala/IxCmS8gXZNOxkvGJQA2","baseKeyType":1,"closed":-1,"used":1742840828059,"created":1742840828059,"remoteIdentityKey":"BawwAJbJCzhGqVmCv3eg6qixsdFpLpkaqXAf7YbkQm9I"},"_chains":{"BRj2MrV/iTtnwVOYzggRCjUH4smvnETFYIEeGMkRi+sQ":{"chainKey":{"counter":3,"key":"fM6V16bMEws1XRJ/h1widQs7GVUCom4kv0lJbpqzcnc="},"chainType":1,"messageKeys":{}}},"pendingPreKey":{"signedKeyId":3,"baseKey":"BZUnLJ/wZUhimiWVG5WMYala/IxCmS8gXZNOxkvGJQA2","preKeyId":12368706}}},"version":"v1"}