{"_sessions":{"BeK1/ITbq1q/FsdNAxcLVw70S63SkEa7KdrafBP43yMP":{"registrationId":105825033,"currentRatchet":{"ephemeralKeyPair":{"pubKey":"BXPtcWMZonf6R0jgAc/8ucnff3zo1qNBBoit9A/0v8IP","privKey":"0KG1+rkJTVCFqqcLV8qr2AV7+34H+rvx7x6qiVtIBW0="},"lastRemoteEphemeralKey":"BSVhNjxtbiPjXpvWXsYC9VC0fap3qUtD1vvcPUfmDc50","previousCounter":0,"rootKey":"RIXGs1+rSV6fZzfVQrrjOjSR57TMMjwWLCGWHzWvGiA="},"indexInfo":{"baseKey":"BeK1/ITbq1q/FsdNAxcLVw70S63SkEa7KdrafBP43yMP","baseKeyType":1,"closed":-1,"used":1742840827694,"created":1742840827694,"remoteIdentityKey":"BTFd73bKbAjF3l/5+gwlGw88pILPZgt/vNSGc7Q76601"},"_chains":{"BXPtcWMZonf6R0jgAc/8ucnff3zo1qNBBoit9A/0v8IP":{"chainKey":{"counter":0,"key":"Bx6XO3IHEICeypjPCdpZu6XpHPBRsL4RBYToYgZtew0="},"chainType":1,"messageKeys":{}}},"pendingPreKey":{"signedKeyId":10,"baseKey":"BeK1/ITbq1q/FsdNAxcLVw70S63SkEa7KdrafBP43yMP","preKeyId":12582912}}},"version":"v1"}