{"_sessions":{"BcDzRxM011RbinZmAlH7naUImw33HaZc/eLvP2LgNgpS":{"registrationId":13832,"currentRatchet":{"ephemeralKeyPair":{"pubKey":"BYJPnHqut+bX2CR+QcDF2Ep1FWt6uF9AKo/3/bUhWv5R","privKey":"iIExV1yB2Du2O4emWb+ES+cMjslc+uTzzIe0kAivCFY="},"lastRemoteEphemeralKey":"BXTu1C0C9xQeWdXj3rWDkcaXkoRf6E4j2A6XUekeCoJM","previousCounter":0,"rootKey":"dLrrlH8JCZAnp+Xc41mxdjg3xL/CtveOhKqLdE8QNZU="},"indexInfo":{"baseKey":"BcDzRxM011RbinZmAlH7naUImw33HaZc/eLvP2LgNgpS","baseKeyType":1,"closed":1742840809332,"used":1742840797382,"created":1742840797382,"remoteIdentityKey":"BVmBCyNUo6BP2xK9nvXao82BDI/pGs8PkQVrgkGKGFki"},"_chains":{"BYJPnHqut+bX2CR+QcDF2Ep1FWt6uF9AKo/3/bUhWv5R":{"chainKey":{"counter":0,"key":"nihLk1yoY1mdpYIsy3OEbn5oWanqosmZKkH/ctXt+s8="},"chainType":1,"messageKeys":{}}},"pendingPreKey":{"signedKeyId":2,"baseKey":"BcDzRxM011RbinZmAlH7naUImw33HaZc/eLvP2LgNgpS"}},"BbBNXZeYthWXgDcPkfQtZkkjvsgujCSqCXIxQ8qbG+94":{"registrationId":13832,"currentRatchet":{"ephemeralKeyPair":{"pubKey":"BV8GdV+WkmbBa6ofMccAPE92wFzx0/vOyKLjYFkoZ8hX","privKey":"aMnT9mMMQqN7ZtO9ALaWojn9jsbnYG2J+aZNHBoid34="},"lastRemoteEphemeralKey":"BXTu1C0C9xQeWdXj3rWDkcaXkoRf6E4j2A6XUekeCoJM","previousCounter":0,"rootKey":"n5QTuFS7tvP2K91JudbyXQZNq2BUcc4Q/DvT51fZQKw="},"indexInfo":{"baseKey":"BbBNXZeYthWXgDcPkfQtZkkjvsgujCSqCXIxQ8qbG+94","baseKeyType":1,"closed":-1,"used":1742840808443,"created":1742840808443,"remoteIdentityKey":"BVmBCyNUo6BP2xK9nvXao82BDI/pGs8PkQVrgkGKGFki"},"_chains":{"BV8GdV+WkmbBa6ofMccAPE92wFzx0/vOyKLjYFkoZ8hX":{"chainKey":{"counter":1,"key":"wR4CBZzh7gUJcCxwhNd2NWDXzwYRCLkz4mDOlz3+NLc="},"chainType":1,"messageKeys":{}}},"pendingPreKey":{"signedKeyId":2,"baseKey":"BbBNXZeYthWXgDcPkfQtZkkjvsgujCSqCXIxQ8qbG+94"}}},"version":"v1"}