{"_sessions":{"BZbG92uau8ioB3YzUR+4P/k2wz6dWp1Kpi7NSJz968hh":{"registrationId":1594749815,"currentRatchet":{"ephemeralKeyPair":{"pubKey":"BQCNY+aP7nM4k1SnOVo2mduw3mKBrubLu1yIL1w0NUJZ","privKey":"KKfa5aiUdTQt+o3PIANlQF1jSIuM0Lk3S9pzm6ZKG1M="},"lastRemoteEphemeralKey":"BR4XaXvm3+LJ53Z+M/2AEBNwvpgmKEJoIcFMZ8mdqAta","previousCounter":0,"rootKey":"UlDzvlcCQWR2at923iLcufC8q6aP4CcCHIEn0rlL8iw="},"indexInfo":{"baseKey":"BZbG92uau8ioB3YzUR+4P/k2wz6dWp1Kpi7NSJz968hh","baseKeyType":1,"closed":-1,"used":1742840828213,"created":1742840828213,"remoteIdentityKey":"BehLtY1xc/kC3ozEBkIlUhesdKP7QjX3kxWjXFlpGNF5"},"_chains":{"BQCNY+aP7nM4k1SnOVo2mduw3mKBrubLu1yIL1w0NUJZ":{"chainKey":{"counter":0,"key":"/UPu+ht8Rp2d3/vS/WH1pQe/2d+jrUoPGg1rdiKeBM8="},"chainType":1,"messageKeys":{}}},"pendingPreKey":{"signedKeyId":0,"baseKey":"BZbG92uau8ioB3YzUR+4P/k2wz6dWp1Kpi7NSJz968hh","preKeyId":2122648}}},"version":"v1"}