{"_sessions":{"Bd0VljYGCepREXu7jhAok605SwMfVEOpadNd2Gb0fppv":{"registrationId":1316,"currentRatchet":{"ephemeralKeyPair":{"pubKey":"BcO+dFxmMKuWAdK4J8Ob0oe6+/nXAGlLZ0M4rOQg5x8g","privKey":"UJfPfj/5/N47WxbDFv7khH4w1SvpP5JifolvFeA6q1U="},"lastRemoteEphemeralKey":"BY/eIyDS0EXihpkDfeaNzQaN12nLuxS8R1zP66lk+mZS","previousCounter":0,"rootKey":"61uKT2jprljv18goKIUVRU6n4zcz3UmfE9D+1v1F8UA="},"indexInfo":{"baseKey":"Bd0VljYGCepREXu7jhAok605SwMfVEOpadNd2Gb0fppv","baseKeyType":1,"closed":-1,"used":1742840823383,"created":1742840823383,"remoteIdentityKey":"BZ1GXCbvA711mnnA4589kxt7XXO4Atyi8VDgibbDXK55"},"_chains":{"BcO+dFxmMKuWAdK4J8Ob0oe6+/nXAGlLZ0M4rOQg5x8g":{"chainKey":{"counter":3,"key":"RZlpH+R3JoF9ZL/J7Q+F2tkTb+hEu4LVTZr1TojD1tY="},"chainType":1,"messageKeys":{}}},"pendingPreKey":{"signedKeyId":1,"baseKey":"Bd0VljYGCepREXu7jhAok605SwMfVEOpadNd2Gb0fppv"}}},"version":"v1"}