{"_sessions":{"BXKi4IF88F+JkzP6eG0i5Vvn1SknsB+yHLnonokgFgpS":{"registrationId":1872446951,"currentRatchet":{"ephemeralKeyPair":{"pubKey":"Bc17U0JJiP+60RJZF0cO+ktbmtdAqMxDibm9/yGbidlY","privKey":"KMmlVw3HIv7t7MWaUenKl9Lj0Lk8/MawKOJUhbcgoHY="},"lastRemoteEphemeralKey":"BaiwtW5yuQnrDPNlb345DR84LKJReNI6Jfd4Yt7fCU4w","previousCounter":0,"rootKey":"FJRGkDpg5+Wzl4ru4UFc/6Xg/oiVDDfRzcd1cH1hhCA="},"indexInfo":{"baseKey":"BXKi4IF88F+JkzP6eG0i5Vvn1SknsB+yHLnonokgFgpS","baseKeyType":1,"closed":-1,"used":1742840827594,"created":1742840827594,"remoteIdentityKey":"BRzbvN19vzBqaGEHMrQC/Tul5V9qTap+n1IxJ2yCqj9m"},"_chains":{"Bc17U0JJiP+60RJZF0cO+ktbmtdAqMxDibm9/yGbidlY":{"chainKey":{"counter":5,"key":"/xjNMyh25k6vBBMuXak9XzGiPbDUxbA47RK/VPQs6Fw="},"chainType":1,"messageKeys":{}}},"pendingPreKey":{"signedKeyId":2,"baseKey":"BXKi4IF88F+JkzP6eG0i5Vvn1SknsB+yHLnonokgFgpS","preKeyId":6228372}}},"version":"v1"}