{"_sessions":{"BRBDFa417OtxS5a5Gw1iwvwKEtWfN0MthGIcUrgSMt5z":{"registrationId":1660835120,"currentRatchet":{"ephemeralKeyPair":{"pubKey":"BZFih7bVSBxcRLTHLk2b53OYFTZv57ofaTafaOjgPo82","privKey":"KOWSvLMzqREX+sa84FneOmOqSBZxtNGFt/lcgQjujWI="},"lastRemoteEphemeralKey":"BRv9KlBVoaCr44BJrxkvklhjxq9PoEq81W91LXd6xYgr","previousCounter":0,"rootKey":"MF53S+tLmFxVRYM94qVjbpu1V0ciByhALn8yNhoxHdE="},"indexInfo":{"baseKey":"BRBDFa417OtxS5a5Gw1iwvwKEtWfN0MthGIcUrgSMt5z","baseKeyType":1,"closed":-1,"used":1742840851939,"created":1742840851939,"remoteIdentityKey":"BWQV9braBqBm1MiQgTD+Zu7WKl1H5i2jWGGE/D10y/Jp"},"_chains":{"BZFih7bVSBxcRLTHLk2b53OYFTZv57ofaTafaOjgPo82":{"chainKey":{"counter":0,"key":"D7e3VWLrj+GCxW451S672ecoBXSqhao4F4AF/6Tfl8g="},"chainType":1,"messageKeys":{}}},"pendingPreKey":{"signedKeyId":10,"baseKey":"BRBDFa417OtxS5a5Gw1iwvwKEtWfN0MthGIcUrgSMt5z","preKeyId":16510287}}},"version":"v1"}