{"_sessions":{"BXAG5iZDjUVXELci0AroTaUFQbLm+WRCiVvs4G9K15Yt":{"registrationId":1596471350,"currentRatchet":{"ephemeralKeyPair":{"pubKey":"BUPtkGgBnAIW9l5GxqQeHt4iViKz9a8SWn4Xmc44ynUi","privKey":"0N+eZ3EHeV6S36j0BfhU+XKzMsHBr4uvWcWVp41/G10="},"lastRemoteEphemeralKey":"BUlY9jHIHpBVCBYq45YkrzaZpURGq5yjDOdwKppiwEwN","previousCounter":0,"rootKey":"7/+VLV21Pnuc/st28oNd/8Ml6Tnx/XBeuJrCMNn83is="},"indexInfo":{"baseKey":"BXAG5iZDjUVXELci0AroTaUFQbLm+WRCiVvs4G9K15Yt","baseKeyType":1,"closed":1742840809836,"used":1742840797814,"created":1742840797814,"remoteIdentityKey":"BSLPrbI4aRRIHYF6t+Zv8f5HVIpt4LQtsl+6NZuOlXcq"},"_chains":{"BUPtkGgBnAIW9l5GxqQeHt4iViKz9a8SWn4Xmc44ynUi":{"chainKey":{"counter":0,"key":"E0kh/8zMywcD29eb4VM9B0BzO5uc+FNtxHePYYvbWzg="},"chainType":1,"messageKeys":{}}},"pendingPreKey":{"signedKeyId":4598001,"baseKey":"BXAG5iZDjUVXELci0AroTaUFQbLm+WRCiVvs4G9K15Yt","preKeyId":4521}},"BRirXt35rI7Es3fk+WD1BI/wdAMDFxgoQbbTGV0VWNZD":{"registrationId":1596471350,"currentRatchet":{"ephemeralKeyPair":{"pubKey":"BXIxZWuIF98llyjUTKkzsKhg+YSOW0EcJdhSFq/Pd21G","privKey":"eBpQY5z8LqrrODRLsHNuKwzrhxjZpCzUBE3ZTPQQo2Y="},"lastRemoteEphemeralKey":"BUlY9jHIHpBVCBYq45YkrzaZpURGq5yjDOdwKppiwEwN","previousCounter":0,"rootKey":"hrSbLxuSaL/dYy57wrJt3jJdaqMmQoGRz2Ww1JzKdbc="},"indexInfo":{"baseKey":"BRirXt35rI7Es3fk+WD1BI/wdAMDFxgoQbbTGV0VWNZD","baseKeyType":1,"closed":-1,"used":1742840808859,"created":1742840808859,"remoteIdentityKey":"BSLPrbI4aRRIHYF6t+Zv8f5HVIpt4LQtsl+6NZuOlXcq"},"_chains":{"BXIxZWuIF98llyjUTKkzsKhg+YSOW0EcJdhSFq/Pd21G":{"chainKey":{"counter":3,"key":"5z+lZMWHFo3sNKRTTy+nDgAg+rsAj1cAw16TesJSl/4="},"chainType":1,"messageKeys":{}}},"pendingPreKey":{"signedKeyId":4598001,"baseKey":"BRirXt35rI7Es3fk+WD1BI/wdAMDFxgoQbbTGV0VWNZD","preKeyId":4551}}},"version":"v1"}