{"_sessions":{"BQXUl1SMzDTG6ADiZAhx61XEx+QucVuK9EZzx9oS9isf":{"registrationId":450783154,"currentRatchet":{"ephemeralKeyPair":{"pubKey":"BTKZeVlJN32YzdlGBi0YH2kOTuxJbrDHWZ6E/Eg1wQUV","privKey":"OFtsQHavdJJucOWOC4AZEZjb4pu6dlKaZv3U6vthF3M="},"lastRemoteEphemeralKey":"BUd0/VQ8aaiSnO+OfhnHi6NzyeotnFJ6qWilCm8TTFQ7","previousCounter":0,"rootKey":"EwXRG0p+LU2WQcIUeC9clOhK7kGGgxnnOj5mRk73p78="},"indexInfo":{"baseKey":"BQXUl1SMzDTG6ADiZAhx61XEx+QucVuK9EZzx9oS9isf","baseKeyType":1,"closed":1742840812397,"used":1742840799646,"created":1742840799646,"remoteIdentityKey":"BXZ61CpW8kH+kFt9mG7d+aErO0zo1VP6SjhGsyCrJ/gU"},"_chains":{"BTKZeVlJN32YzdlGBi0YH2kOTuxJbrDHWZ6E/Eg1wQUV":{"chainKey":{"counter":0,"key":"M8ICW1FBdImfp5681i0uAmvakwk/xMDXYkzDcywMtM8="},"chainType":1,"messageKeys":{}}},"pendingPreKey":{"signedKeyId":3,"baseKey":"BQXUl1SMzDTG6ADiZAhx61XEx+QucVuK9EZzx9oS9isf","preKeyId":4124750}},"Bbvxj5Kp4GBE7ids052jifmRtOGA7uTtAqajmLCpOawH":{"registrationId":450783154,"currentRatchet":{"ephemeralKeyPair":{"pubKey":"BWD5NmCSo5W2ge4dxfIHR6mtY+2TKb14bOp7/m7tAHdx","privKey":"EJKklmDT2XsD0GREykbJIKn/8DAaExiT/dtvo9/i52k="},"lastRemoteEphemeralKey":"BUd0/VQ8aaiSnO+OfhnHi6NzyeotnFJ6qWilCm8TTFQ7","previousCounter":0,"rootKey":"KrbbSXFVI+C193fGIK56gvY9LhTtfpdFR9V7p4Udkqg="},"indexInfo":{"baseKey":"Bbvxj5Kp4GBE7ids052jifmRtOGA7uTtAqajmLCpOawH","baseKeyType":1,"closed":1742840830997,"used":1742840811577,"created":1742840811577,"remoteIdentityKey":"BXZ61CpW8kH+kFt9mG7d+aErO0zo1VP6SjhGsyCrJ/gU"},"_chains":{"BWD5NmCSo5W2ge4dxfIHR6mtY+2TKb14bOp7/m7tAHdx":{"chainKey":{"counter":0,"key":"MZo3W83TNOP6JoJBBphD3ZauOppr+jSw6OY5lmaKCIg="},"chainType":1,"messageKeys":{}}},"pendingPreKey":{"signedKeyId":3,"baseKey":"Bbvxj5Kp4GBE7ids052jifmRtOGA7uTtAqajmLCpOawH","preKeyId":4125086}},"BQ+ZWjGbJS+QaOBMkUY4OF/QGM/LGocIfQcbyHwpPV8z":{"registrationId":450783154,"currentRatchet":{"ephemeralKeyPair":{"pubKey":"BZUfl3NV9n71cNODtVHy5gnGuDb0d6GNf7eur2Zf6fs5","privKey":"WOT7nUmdK3C5PGC3zTNIBSQ6yuWbytdafULOwEeqIHM="},"lastRemoteEphemeralKey":"BUd0/VQ8aaiSnO+OfhnHi6NzyeotnFJ6qWilCm8TTFQ7","previousCounter":0,"rootKey":"ueNSqGcFY7Zr0DA/mtTSva54RblaYpLl8/ekmRKZ+H0="},"indexInfo":{"baseKey":"BQ+ZWjGbJS+QaOBMkUY4OF/QGM/LGocIfQcbyHwpPV8z","baseKeyType":1,"closed":-1,"used":1742840830209,"created":1742840830209,"remoteIdentityKey":"BXZ61CpW8kH+kFt9mG7d+aErO0zo1VP6SjhGsyCrJ/gU"},"_chains":{"BZUfl3NV9n71cNODtVHy5gnGuDb0d6GNf7eur2Zf6fs5":{"chainKey":{"counter":8,"key":"+pHAfJZaLduNdZrz6m1ZF9R6PvyZhXszYXJB0Yt0a98="},"chainType":1,"messageKeys":{}}},"pendingPreKey":{"signedKeyId":3,"baseKey":"BQ+ZWjGbJS+QaOBMkUY4OF/QGM/LGocIfQcbyHwpPV8z","preKeyId":4124723}}},"version":"v1"}