{"_sessions":{"BRlYsJi+0Ymhm4WERpgst9JmQRrmvUlmkDydr2rHEroC":{"registrationId":2027072557,"currentRatchet":{"ephemeralKeyPair":{"pubKey":"BVXQyd/E89uMrFR6XHRJZRNYVGQkjat+y5ap0MHRSGs8","privKey":"WISIn9AsWEzkM/etBToCPQpsDybZFrAJ7mYap8xa01o="},"lastRemoteEphemeralKey":"BTk4dITCCAylsOqHmmja2BZmp0KyXcz2MbKu+tVb4NoL","previousCounter":0,"rootKey":"i2vf7NPE3llZbcVYkhHA/KvQAz/OSD/gKv7tvb3zF3U="},"indexInfo":{"baseKey":"BRlYsJi+0Ymhm4WERpgst9JmQRrmvUlmkDydr2rHEroC","baseKeyType":1,"closed":-1,"used":1742840852128,"created":1742840852128,"remoteIdentityKey":"BVFYu6o+MClK8nyuJifjTZ9rvj5UT0jccq9y8dLLlNFm"},"_chains":{"BVXQyd/E89uMrFR6XHRJZRNYVGQkjat+y5ap0MHRSGs8":{"chainKey":{"counter":0,"key":"moZleK2ahJnnC0Tw/uxZ/nJMp591b+7oHo4ShSaPS+M="},"chainType":1,"messageKeys":{}}},"pendingPreKey":{"signedKeyId":6325330,"baseKey":"BRlYsJi+0Ymhm4WERpgst9JmQRrmvUlmkDydr2rHEroC","preKeyId":17789}}},"version":"v1"}