{"_sessions":{"BQquuJ9ZldHDBAeXv48+J9D9qlrv3YiCT2URPk84raY3":{"registrationId":311122323,"currentRatchet":{"ephemeralKeyPair":{"pubKey":"BTWbcPH/HkSsJoiL9A+XxijKPMnVqavXU1TzXL+5IOQh","privKey":"WGew6rE+Sd21jnYrtY5hoYgLQS2MGAzojYih3B/vimg="},"lastRemoteEphemeralKey":"BXaU3px7+ZoRkkWCRHhw3h2nCZqKi0gQuJDbglQn7WMs","previousCounter":0,"rootKey":"/hSfGlugxOnRJtM43gjO9EGXPXhI0afnYngWAU7m5p0="},"indexInfo":{"baseKey":"BQquuJ9ZldHDBAeXv48+J9D9qlrv3YiCT2URPk84raY3","baseKeyType":1,"closed":-1,"used":1742840827772,"created":1742840827772,"remoteIdentityKey":"Bb87rXsVTjgEthtzM5U5eM3brGgrQ1movqQjLjfDhFcB"},"_chains":{"BTWbcPH/HkSsJoiL9A+XxijKPMnVqavXU1TzXL+5IOQh":{"chainKey":{"counter":4,"key":"m06E7vqGoZO7b0ZropaoWuiEoDLr/ZlTe6fJx8ntiIg="},"chainType":1,"messageKeys":{}}},"pendingPreKey":{"signedKeyId":5,"baseKey":"BQquuJ9ZldHDBAeXv48+J9D9qlrv3YiCT2URPk84raY3","preKeyId":4092870}}},"version":"v1"}