{"_sessions":{"BQJQ/+YrDFUkhiFlgUdDJay4g5FC8I1NqoS/LxWmsRJw":{"registrationId":13542,"currentRatchet":{"ephemeralKeyPair":{"pubKey":"BW8DJ7IrmLPmrKBut4yqZcd/Q4xcFc3Tv2Qj1oaO41cf","privKey":"KAw/U77KXxVoGujrHZqKCu+UaSKoB3RGO7kumaPdYGw="},"lastRemoteEphemeralKey":"BevsavUUPwsujhQuH+UmWTlmJXQxuie2SU0Vkitddu86","previousCounter":5,"rootKey":"kPteYCDhFmhYp4tUS1hA+7iOAcz5CiPZrpsJBLnJ6fI="},"indexInfo":{"baseKey":"BQJQ/+YrDFUkhiFlgUdDJay4g5FC8I1NqoS/LxWmsRJw","baseKeyType":1,"closed":-1,"used":1742847535799,"created":1742829566265,"remoteIdentityKey":"BVjtb4f2pjFaQYWxYke9t2sfkwZ4pI0MJxH4VfxJaCMS"},"_chains":{"BSrWA2Ntd1RguVpujDeiKNKy4IH+qDH1vhHePiozB01h":{"chainKey":{"counter":0},"chainType":2,"messageKeys":{}},"Bf5b91Sbrl7wFJsoKp8LsACyF8ddos0TPvyMQhCX+WNm":{"chainKey":{"counter":0},"chainType":2,"messageKeys":{}},"BevsavUUPwsujhQuH+UmWTlmJXQxuie2SU0Vkitddu86":{"chainKey":{"counter":3,"key":"V9f1yQh+s+Enx+748T4SeVQucXA1skqzNMVGjBgRvMM="},"chainType":2,"messageKeys":{}},"BW8DJ7IrmLPmrKBut4yqZcd/Q4xcFc3Tv2Qj1oaO41cf":{"chainKey":{"counter":59,"key":"2sWExKlYZiKENnPaQ7RYkF7Ro32cdwtHltSkMElXXRY="},"chainType":1,"messageKeys":{}}}}},"version":"v1"}