{"_sessions":{"BSisQQ58px9hC7syBB+YHvIwBy3bJutrvFquB3A7jsNv":{"registrationId":1300412267,"currentRatchet":{"ephemeralKeyPair":{"pubKey":"Bcpff7gfhIy4ctUlG2rmHkjfh2iHWaNh43RzPlm5YV0a","privKey":"kDnpSMq+cu6LfVgdEbgFtLriV9ZI8zwRpG5+ZS4rGFE="},"lastRemoteEphemeralKey":"Ba6A2bZZNj68dmRGJny+IzN9rjnVOKP2iPiNMgPY8O9G","previousCounter":0,"rootKey":"d881tfsKquRKXIfw5tQCBrh5NvP1q6mTnbFeIFX+v+I="},"indexInfo":{"baseKey":"BSisQQ58px9hC7syBB+YHvIwBy3bJutrvFquB3A7jsNv","baseKeyType":1,"closed":-1,"used":1742840851918,"created":1742840851918,"remoteIdentityKey":"BS3az9Y25x7ojdpP7/y8IlASZ/2HWHBU4U1WI6FQBEgF"},"_chains":{"Bcpff7gfhIy4ctUlG2rmHkjfh2iHWaNh43RzPlm5YV0a":{"chainKey":{"counter":0,"key":"eDMb1fxsS/Yc6pm80WlvXcPNFBup6hYDPI2xKOoSfFU="},"chainType":1,"messageKeys":{}}},"pendingPreKey":{"signedKeyId":7,"baseKey":"BSisQQ58px9hC7syBB+YHvIwBy3bJutrvFquB3A7jsNv","preKeyId":12576946}}},"version":"v1"}