{"_sessions":{"BZcxypqVzwBgTe4WiaRrKKkyrh7QYNXsemdpMY0zeIY6":{"registrationId":1196103936,"currentRatchet":{"ephemeralKeyPair":{"pubKey":"BWnIzoDzaejJG5Zr+K+LgT1TLqMiKZrT1WGkJbHZV3t1","privKey":"+IwNSt4es/B6JCt79N2BN9JtZoI0/SjcN3EE77/ArEw="},"lastRemoteEphemeralKey":"BXS3xKkA9hKCHICmRhaxZqcY/0mjDquqqNUSL9T+aBBJ","previousCounter":0,"rootKey":"fv5OL24r0g8LbAt2/C5P+CvuljkYTLj1dXL3I6tjKa8="},"indexInfo":{"baseKey":"BZcxypqVzwBgTe4WiaRrKKkyrh7QYNXsemdpMY0zeIY6","baseKeyType":1,"closed":1742840810001,"used":1742840797965,"created":1742840797965,"remoteIdentityKey":"BRdWHCq+uD2g+v34DgLpjNuMdwCH6wkKKD9BwJjvJesg"},"_chains":{"BWnIzoDzaejJG5Zr+K+LgT1TLqMiKZrT1WGkJbHZV3t1":{"chainKey":{"counter":0,"key":"EoO20M7DdqbBkoNtrP3OHVcsYmAoyAa+LZBp9AOnt5g="},"chainType":1,"messageKeys":{}}},"pendingPreKey":{"signedKeyId":0,"baseKey":"BZcxypqVzwBgTe4WiaRrKKkyrh7QYNXsemdpMY0zeIY6","preKeyId":1405389}},"BZyBoZfFQNFGm9202Q+j1AQ7qjALh69P0gAR4XUNXHVT":{"registrationId":1196103936,"currentRatchet":{"ephemeralKeyPair":{"pubKey":"BXzLL/OaHzhWezpVqcouHQZ0EqkRbmMO86+BeaPA4d9r","privKey":"IKuE7kvybbd83sORiK3Xr6o7DuPp+KuVff9KrQj8Y3Y="},"lastRemoteEphemeralKey":"BXS3xKkA9hKCHICmRhaxZqcY/0mjDquqqNUSL9T+aBBJ","previousCounter":0,"rootKey":"M5L7wq+1WA8/DNGi90Y8KqOaDnpAnqI0fYZ7Cl9dIyQ="},"indexInfo":{"baseKey":"BZyBoZfFQNFGm9202Q+j1AQ7qjALh69P0gAR4XUNXHVT","baseKeyType":1,"closed":-1,"used":1742840809007,"created":1742840809007,"remoteIdentityKey":"BRdWHCq+uD2g+v34DgLpjNuMdwCH6wkKKD9BwJjvJesg"},"_chains":{"BXzLL/OaHzhWezpVqcouHQZ0EqkRbmMO86+BeaPA4d9r":{"chainKey":{"counter":2,"key":"1RLbTVw6ktbesqOXPF5bi21LofT7aAlD3eCnoHrskFs="},"chainType":1,"messageKeys":{}}},"pendingPreKey":{"signedKeyId":0,"baseKey":"BZyBoZfFQNFGm9202Q+j1AQ7qjALh69P0gAR4XUNXHVT","preKeyId":1404900}}},"version":"v1"}