{"_sessions":{"BUI8t+MxsT5i/UqkQ5mCzJOTBcrhTUFS6fD3Ddo1i1s4":{"registrationId":1173093625,"currentRatchet":{"ephemeralKeyPair":{"pubKey":"BfXgWk4iNVjLlaucAg64GXIwX9lPel4trS5ggF4lIkhM","privKey":"WPyS+OqVxu/jNPev0hEUBIOY+C40qjQLnIM/cWdrwH8="},"lastRemoteEphemeralKey":"BTpYzpKPmBv5ztgdO80CIToli1sgT3mcnmwLnOQ5EdEI","previousCounter":0,"rootKey":"c0sWhXP1OFz8yE8jT/O0Py2qdGohsnfnbvose8+VOTE="},"indexInfo":{"baseKey":"BUI8t+MxsT5i/UqkQ5mCzJOTBcrhTUFS6fD3Ddo1i1s4","baseKeyType":1,"closed":-1,"used":1742840830193,"created":1742840830193,"remoteIdentityKey":"BcVLW2+KUe2UqK+uomN2c//BeBlLJ1/6LTtFYTDKA6Is"},"_chains":{"BfXgWk4iNVjLlaucAg64GXIwX9lPel4trS5ggF4lIkhM":{"chainKey":{"counter":1,"key":"y+rkck2LLKbXUHf6ZAPO0YuGIuZx9lh0G7Mjq6UyQu0="},"chainType":1,"messageKeys":{}}},"pendingPreKey":{"signedKeyId":9087307,"baseKey":"BUI8t+MxsT5i/UqkQ5mCzJOTBcrhTUFS6fD3Ddo1i1s4","preKeyId":130732}}},"version":"v1"}