{"_sessions":{"BXtBbOas/dMIMAvuUK7+dXmeAo8c5kB84nL+U+XQ8WIq":{"registrationId":2016463362,"currentRatchet":{"ephemeralKeyPair":{"pubKey":"Bb+MaPKsah/ZbwYOIbxuGmfTn2zSDPD03EmPX67iso4F","privKey":"AIbFWMo32MktQhkvmZ8B7OITMTrrpkRUEScyCnsjtlE="},"lastRemoteEphemeralKey":"BX/fnz0Rk6Mr7YgGy7/zckBwUVj5QzmGJa/ZoBqnuqI4","previousCounter":0,"rootKey":"VEw78WzriHlqpqs+DhkB8sGUC6DKpyn/QRpFhGNJJvw="},"indexInfo":{"baseKey":"BXtBbOas/dMIMAvuUK7+dXmeAo8c5kB84nL+U+XQ8WIq","baseKeyType":1,"closed":1742840854668,"used":1742840852067,"created":1742840852067,"remoteIdentityKey":"BdGnQFx1FO6r4B1RK1BAZWiu9jmR0cyfxUbNWYqJjSBm"},"_chains":{"Bb+MaPKsah/ZbwYOIbxuGmfTn2zSDPD03EmPX67iso4F":{"chainKey":{"counter":0,"key":"oazoNHJw38JwdAxnzT5sRaX4TdD8JAIMwXHZLyQO0cA="},"chainType":1,"messageKeys":{}}},"pendingPreKey":{"signedKeyId":2,"baseKey":"BXtBbOas/dMIMAvuUK7+dXmeAo8c5kB84nL+U+XQ8WIq","preKeyId":9543486}},"BVHQFE/KUwQyJyd7FUXnIkdRP7G4d4MTYQIjqwSfREFw":{"registrationId":2016463362,"currentRatchet":{"ephemeralKeyPair":{"pubKey":"BaE490P3cDmElLLe4inZz/qy9ZSdJMziNf6PxUQqMfAt","privKey":"YNa7Gu/t7+FSP2zD25dAnbNTHvfue3RTa8sYERoVH3U="},"lastRemoteEphemeralKey":"BX/fnz0Rk6Mr7YgGy7/zckBwUVj5QzmGJa/ZoBqnuqI4","previousCounter":0,"rootKey":"Iiy1yeIP+r8GsUiTM0LoFSYGXIyIZpUKE/4Tgou06PU="},"indexInfo":{"baseKey":"BVHQFE/KUwQyJyd7FUXnIkdRP7G4d4MTYQIjqwSfREFw","baseKeyType":1,"closed":-1,"used":1742840854530,"created":1742840854530,"remoteIdentityKey":"BdGnQFx1FO6r4B1RK1BAZWiu9jmR0cyfxUbNWYqJjSBm"},"_chains":{"BaE490P3cDmElLLe4inZz/qy9ZSdJMziNf6PxUQqMfAt":{"chainKey":{"counter":3,"key":"MfrH8QFfxCYhLUXLdA+PzMwT5bnWCfLHcfvUeeHNABw="},"chainType":1,"messageKeys":{}}},"pendingPreKey":{"signedKeyId":2,"baseKey":"BVHQFE/KUwQyJyd7FUXnIkdRP7G4d4MTYQIjqwSfREFw","preKeyId":9542704}}},"version":"v1"}