{"_sessions":{"BTNDAEt7A4KhDOJL13lIzrntDkEvTzkrmx0SSjxK+GIj":{"registrationId":473322306,"currentRatchet":{"ephemeralKeyPair":{"pubKey":"BR7K2mKmBWSsCWp9zj6AlStNhuHhwoDlH4VVkFGMRu9M","privKey":"QJwVx2itJGfQTfx/vdy8aZwDDjH76iuQ59OwJfgZHH4="},"lastRemoteEphemeralKey":"BWY4vPsknIFu82Shs0OrwR6hG5+WigBi4vtcvQPrUHZ6","previousCounter":0,"rootKey":"iH/h/G+RteMTNy6uE3T5dnUzb/Sxpx1ipGGrRE9V7w4="},"indexInfo":{"baseKey":"BTNDAEt7A4KhDOJL13lIzrntDkEvTzkrmx0SSjxK+GIj","baseKeyType":1,"closed":1742840809248,"used":1742840797311,"created":1742840797311,"remoteIdentityKey":"Bbae2uECqCsSHgb97K7fwtWhJWyH4aUHglO18fHC5WA6"},"_chains":{"BR7K2mKmBWSsCWp9zj6AlStNhuHhwoDlH4VVkFGMRu9M":{"chainKey":{"counter":0,"key":"OR6HXwxqgs6yXWxlCMYo0U5OHaodQGxq/Ced1IwMw2Y="},"chainType":1,"messageKeys":{}}},"pendingPreKey":{"signedKeyId":6,"baseKey":"BTNDAEt7A4KhDOJL13lIzrntDkEvTzkrmx0SSjxK+GIj","preKeyId":5151695}},"BZ5N6e32MyWgunIWtF60gFXiQqBw3wah9Szi2Y5BlJsg":{"registrationId":473322306,"currentRatchet":{"ephemeralKeyPair":{"pubKey":"BdXCWlQ2yoBd2+swCT9zoCrAGuOE1zvKAZDf5W1SvUgs","privKey":"wMcH06OzRf/YMGM+3g79PM6R0kqKfdaDIXYom7bV1Gc="},"lastRemoteEphemeralKey":"BWY4vPsknIFu82Shs0OrwR6hG5+WigBi4vtcvQPrUHZ6","previousCounter":0,"rootKey":"Zd5YEGzdL/c12QuOKT5yf+dD8ocxY5KhiLKnzJ+CkVo="},"indexInfo":{"baseKey":"BZ5N6e32MyWgunIWtF60gFXiQqBw3wah9Szi2Y5BlJsg","baseKeyType":1,"closed":-1,"used":1742840808371,"created":1742840808371,"remoteIdentityKey":"Bbae2uECqCsSHgb97K7fwtWhJWyH4aUHglO18fHC5WA6"},"_chains":{"BdXCWlQ2yoBd2+swCT9zoCrAGuOE1zvKAZDf5W1SvUgs":{"chainKey":{"counter":1,"key":"DU09pccYbbEv+OkCSCJv1M/uvlydNtLKiw0a5G7LcOA="},"chainType":1,"messageKeys":{}}},"pendingPreKey":{"signedKeyId":6,"baseKey":"BZ5N6e32MyWgunIWtF60gFXiQqBw3wah9Szi2Y5BlJsg","preKeyId":5151458}}},"version":"v1"}