{"_sessions":{"BectcBIkYzid7v7rC2cSczWZefJUe+eEwrTzmn0guU9n":{"registrationId":2001171151,"currentRatchet":{"ephemeralKeyPair":{"pubKey":"BbyWMq0XP7U9hNKcWe0eljiAK1dnLwSLUmp4/t3gLr1S","privKey":"oGBEVWuIjiP0Ip0WuVWb6Dw6/xxIVXevEHLFGuBGBHw="},"lastRemoteEphemeralKey":"BWrhc78xH5nPxrCkuXH/Y31A7k9C9IiuNMCYnoEkoFN/","previousCounter":0,"rootKey":"V/T/K7mzikqHV0l9e6V4vnrdjy/LnP4Xd/7AV8O7MUc="},"indexInfo":{"baseKey":"BectcBIkYzid7v7rC2cSczWZefJUe+eEwrTzmn0guU9n","baseKeyType":1,"closed":1742840812256,"used":1742840799523,"created":1742840799523,"remoteIdentityKey":"BbieF/Nv1uoTqCoLdkK6Pefq72j7y/s8tz5r+kA+2m94"},"_chains":{"BbyWMq0XP7U9hNKcWe0eljiAK1dnLwSLUmp4/t3gLr1S":{"chainKey":{"counter":0,"key":"IkyLecb0GFgmMyAmO4woJEtJMlzoxCySceo/e6hFhbA="},"chainType":1,"messageKeys":{}}},"pendingPreKey":{"signedKeyId":10,"baseKey":"BectcBIkYzid7v7rC2cSczWZefJUe+eEwrTzmn0guU9n","preKeyId":3322628}},"BbatueN9D8vm1PVZalMWnMOvbJLsEEQa1oJX7XmJsuVH":{"registrationId":2001171151,"currentRatchet":{"ephemeralKeyPair":{"pubKey":"BUuZCwyGnNVCtNmoGTvryXjnk005jj4H5Ir02C7gAWgo","privKey":"KJVeakmBlLkYORdrdBMLCAKoNXpJddeLI8D3gqumJ2o="},"lastRemoteEphemeralKey":"BWrhc78xH5nPxrCkuXH/Y31A7k9C9IiuNMCYnoEkoFN/","previousCounter":0,"rootKey":"mvFWKUJlRy15LmJ/t1NboFSXPp3vvlX4jMvfkXyPAx0="},"indexInfo":{"baseKey":"BbatueN9D8vm1PVZalMWnMOvbJLsEEQa1oJX7XmJsuVH","baseKeyType":1,"closed":1742840828584,"used":1742840811453,"created":1742840811453,"remoteIdentityKey":"BbieF/Nv1uoTqCoLdkK6Pefq72j7y/s8tz5r+kA+2m94"},"_chains":{"BUuZCwyGnNVCtNmoGTvryXjnk005jj4H5Ir02C7gAWgo":{"chainKey":{"counter":0,"key":"U6uSS6gja6k+oSNepp6Qz6Pqe8oqguz3fQ0Cyp7FLxY="},"chainType":1,"messageKeys":{}}},"pendingPreKey":{"signedKeyId":10,"baseKey":"BbatueN9D8vm1PVZalMWnMOvbJLsEEQa1oJX7XmJsuVH","preKeyId":3322597}},"BRg6hhEEMigJ/09CAzF9ProSHjXO/R5XBt1KUF2kguIU":{"registrationId":2001171151,"currentRatchet":{"ephemeralKeyPair":{"pubKey":"BUZGB9OD5q1I5iSVPr4nVKjPJ+RjPBJEvzErd1OIdTIe","privKey":"oDC0g3vGm825boT9Z2CtEAfocNYKUZn0LYRhfrgJ1Ho="},"lastRemoteEphemeralKey":"BWrhc78xH5nPxrCkuXH/Y31A7k9C9IiuNMCYnoEkoFN/","previousCounter":0,"rootKey":"m7CgdoLZmjo6r+jK3fXOThE91FFJxzSay6hTQQWfXE4="},"indexInfo":{"baseKey":"BRg6hhEEMigJ/09CAzF9ProSHjXO/R5XBt1KUF2kguIU","baseKeyType":1,"closed":-1,"used":1742840828178,"created":1742840828178,"remoteIdentityKey":"BbieF/Nv1uoTqCoLdkK6Pefq72j7y/s8tz5r+kA+2m94"},"_chains":{"BUZGB9OD5q1I5iSVPr4nVKjPJ+RjPBJEvzErd1OIdTIe":{"chainKey":{"counter":2,"key":"uMO/FY2W64MCOfCsvf6iKCMk7soImk8z4D3n2Ap9Dy8="},"chainType":1,"messageKeys":{}}},"pendingPreKey":{"signedKeyId":10,"baseKey":"BRg6hhEEMigJ/09CAzF9ProSHjXO/R5XBt1KUF2kguIU","preKeyId":3322578}}},"version":"v1"}