{"_sessions":{"BYcL5i3yzrb/qzlXjzWipOjKKzfvLAlqvotqot4w3pBC":{"registrationId":1779022584,"currentRatchet":{"ephemeralKeyPair":{"pubKey":"BaZM8tKfpVUmsWqozXHvERHSAN3xlGj5KIYL+S//cQsA","privKey":"wIU2cVVRuJrLH+tSnQDyI+G8HRqPJSGo0m4UJYxwzUE="},"lastRemoteEphemeralKey":"BX3z3YbKNOX+ybL3z4SxfABmN+GD0WY5/1iAf9VHH3Nh","previousCounter":0,"rootKey":"g7kRviL5XGv2LP8R0P3nwRgMwg/qONKWLDcRnrI6eHc="},"indexInfo":{"baseKey":"BYcL5i3yzrb/qzlXjzWipOjKKzfvLAlqvotqot4w3pBC","baseKeyType":1,"closed":-1,"used":1742840851961,"created":1742840851961,"remoteIdentityKey":"BS2L2G52FjSwoD7f6wxV6+TNgX1sshB5sRu2nQZ5WxlJ"},"_chains":{"BaZM8tKfpVUmsWqozXHvERHSAN3xlGj5KIYL+S//cQsA":{"chainKey":{"counter":0,"key":"ceO4x6Ia9lch+0ytAXkO/pAdQcKo4PCR3zPl2+OngGk="},"chainType":1,"messageKeys":{}}},"pendingPreKey":{"signedKeyId":2,"baseKey":"BYcL5i3yzrb/qzlXjzWipOjKKzfvLAlqvotqot4w3pBC"}}},"version":"v1"}