{"_sessions":{"Bb1X2zNdMBD2qXQ09cMldXVfv/JetW2Vv7ASUfX/amVA":{"registrationId":612863983,"currentRatchet":{"ephemeralKeyPair":{"pubKey":"BSzYDVLlu2ydE2wLrY3j5mXFyHUfAmI7xcIqxqeFaAlA","privKey":"oN1RMZVZ74vd7y7pPEttxVEYMKla3tyzqxFnroFFW30="},"lastRemoteEphemeralKey":"BdK3dGN7xeAHkAXuZs7Jkc4YPkLXBgUxAVIP1R4cAs9h","previousCounter":0,"rootKey":"py+6jMkc1DLMeF9FawPVqqmRjcx2A/UCtsTgWCvsvvY="},"indexInfo":{"baseKey":"Bb1X2zNdMBD2qXQ09cMldXVfv/JetW2Vv7ASUfX/amVA","baseKeyType":1,"closed":-1,"used":1742840825528,"created":1742840825528,"remoteIdentityKey":"BTuwUcvKPGUt/ptQ7oWpRy4dGYB20Ika5iwTbGWhPeND"},"_chains":{"BSzYDVLlu2ydE2wLrY3j5mXFyHUfAmI7xcIqxqeFaAlA":{"chainKey":{"counter":3,"key":"wSi0PF1ZcflTpu5Pz8EXrn1+23O9fn/NdaFW7IlGELQ="},"chainType":1,"messageKeys":{}}},"pendingPreKey":{"signedKeyId":11,"baseKey":"Bb1X2zNdMBD2qXQ09cMldXVfv/JetW2Vv7ASUfX/amVA","preKeyId":5116498}}},"version":"v1"}