{"_sessions":{"BVZc129wVUuhdo/PYFIHz825FkhfYDrYRGQ2xy24oPVR":{"registrationId":1044147425,"currentRatchet":{"ephemeralKeyPair":{"pubKey":"BYJEB/1Y000ITTs/sc4OrFPlhoQYNg4njp1+9exwAAcN","privKey":"WBDTYxA3Z/P9hnteuJrDA8mb9NVL7qda7zG5xuw0bkw="},"lastRemoteEphemeralKey":"BbRAEoRXFv1FjSCsgApsVSRai4lVPAe9VDRzpxZzo3ED","previousCounter":0,"rootKey":"prVJUei39xL+4nXw3qUd0A/n4QnX+MqBNSXUhgmOssw="},"indexInfo":{"baseKey":"BVZc129wVUuhdo/PYFIHz825FkhfYDrYRGQ2xy24oPVR","baseKeyType":1,"closed":1742840809919,"used":1742840797890,"created":1742840797890,"remoteIdentityKey":"BYKxWpyIb78GWQ6tuvoj5rUXmNP6mXtECspVVK5LJtBl"},"_chains":{"BYJEB/1Y000ITTs/sc4OrFPlhoQYNg4njp1+9exwAAcN":{"chainKey":{"counter":0,"key":"Aentm6FJRv5602ItwLHsZ7dNVwO2lDR9GH/lUvS1uTk="},"chainType":1,"messageKeys":{}}},"pendingPreKey":{"signedKeyId":4,"baseKey":"BVZc129wVUuhdo/PYFIHz825FkhfYDrYRGQ2xy24oPVR","preKeyId":10743153}},"BfzQIcNpdWtNEdiLjqtQEwLAXJd0CmSSGjsk0eGqIzNt":{"registrationId":1044147425,"currentRatchet":{"ephemeralKeyPair":{"pubKey":"BXwYXXjIIb/ZmDzRgtgvjqM6pNZQMLCVNGG7ua2csO88","privKey":"UEfj0c9YkaCbhQ7eg8gd9Tfx0S8a/HQVOqpj2Q7Jk30="},"lastRemoteEphemeralKey":"BbRAEoRXFv1FjSCsgApsVSRai4lVPAe9VDRzpxZzo3ED","previousCounter":0,"rootKey":"tAszCQpcqJnxGNQpcjwiwAHAP9k3BmOJjJr8fQQ15Os="},"indexInfo":{"baseKey":"BfzQIcNpdWtNEdiLjqtQEwLAXJd0CmSSGjsk0eGqIzNt","baseKeyType":1,"closed":-1,"used":1742840808932,"created":1742840808932,"remoteIdentityKey":"BYKxWpyIb78GWQ6tuvoj5rUXmNP6mXtECspVVK5LJtBl"},"_chains":{"BXwYXXjIIb/ZmDzRgtgvjqM6pNZQMLCVNGG7ua2csO88":{"chainKey":{"counter":3,"key":"WwjKWxXP+q5835wj4yzAxuSJ2DTlJrPddorn+eTVetc="},"chainType":1,"messageKeys":{}}},"pendingPreKey":{"signedKeyId":4,"baseKey":"BfzQIcNpdWtNEdiLjqtQEwLAXJd0CmSSGjsk0eGqIzNt","preKeyId":10743129}}},"version":"v1"}