{"_sessions":{"BWKdns5Qc+votqiKVpC1npOvOIVZTY1G2q6iSKfOdvQn":{"registrationId":27459126,"currentRatchet":{"ephemeralKeyPair":{"pubKey":"BdWk2O11IkdJyhZ4e4SgStPLqiAD4St+sjlnBArjchMY","privKey":"4J79+4NPgiil7P0AM8ImEripgSrmAah5isRdfCMqIFI="},"lastRemoteEphemeralKey":"BboTwj9qvhAfQKCJ0fOAIqYQGYAg5Ut5/lr8Y8gWLQU4","previousCounter":0,"rootKey":"QmoZ4La1DICbOOAxaNKdsYi/A9b74SCTIaeDyzCSKdU="},"indexInfo":{"baseKey":"BWKdns5Qc+votqiKVpC1npOvOIVZTY1G2q6iSKfOdvQn","baseKeyType":1,"closed":1742840809986,"used":1742840797957,"created":1742840797957,"remoteIdentityKey":"BdwMJWT7+u312LkLQMH27jvmlWUKL0Zwz+SfRpl7ZwZ3"},"_chains":{"BdWk2O11IkdJyhZ4e4SgStPLqiAD4St+sjlnBArjchMY":{"chainKey":{"counter":0,"key":"UsQoyrETemSpN+YXLuqCJGskZ8AfkUJhdD+LhY0ygKw="},"chainType":1,"messageKeys":{}}},"pendingPreKey":{"signedKeyId":2,"baseKey":"BWKdns5Qc+votqiKVpC1npOvOIVZTY1G2q6iSKfOdvQn","preKeyId":6450624}},"BTI5C+EjouvwEfe0gzUkFSA5R00IjB5v5y03n8qDhpYn":{"registrationId":27459126,"currentRatchet":{"ephemeralKeyPair":{"pubKey":"BUFIErTIuh8nloN3hYHGRfKK6GdUwJ33totvP/WSUgh6","privKey":"2PfHvJ/E2XeyiXFDxhbqQlRUA8ycLz2PahQJuhruSWU="},"lastRemoteEphemeralKey":"BboTwj9qvhAfQKCJ0fOAIqYQGYAg5Ut5/lr8Y8gWLQU4","previousCounter":0,"rootKey":"rPyqsiBxW200ii8bcWc03PZ2P9rF/paTQd61W8Wb3m8="},"indexInfo":{"baseKey":"BTI5C+EjouvwEfe0gzUkFSA5R00IjB5v5y03n8qDhpYn","baseKeyType":1,"closed":1742840828529,"used":1742840808999,"created":1742840808999,"remoteIdentityKey":"BdwMJWT7+u312LkLQMH27jvmlWUKL0Zwz+SfRpl7ZwZ3"},"_chains":{"BUFIErTIuh8nloN3hYHGRfKK6GdUwJ33totvP/WSUgh6":{"chainKey":{"counter":0,"key":"CfG1rt7sjtP6fFtW4UcJFudgMgLENCVzU9MfafZPoik="},"chainType":1,"messageKeys":{}}},"pendingPreKey":{"signedKeyId":2,"baseKey":"BTI5C+EjouvwEfe0gzUkFSA5R00IjB5v5y03n8qDhpYn","preKeyId":6450691}},"BX4LUuk8V/Ch9DIv1FAHBPGpWe2oWc9LugkRSd36VZI3":{"registrationId":27459126,"currentRatchet":{"ephemeralKeyPair":{"pubKey":"BXDepqumhd+xuTupAoOy33uqmZGlEuB21xEiGczxR8gR","privKey":"OGf0pg/H1XhAOUSLgBtm5W8It2pE+pao/vmB/BdEnHw="},"lastRemoteEphemeralKey":"BboTwj9qvhAfQKCJ0fOAIqYQGYAg5Ut5/lr8Y8gWLQU4","previousCounter":0,"rootKey":"PkbE/gv0VHFfu92FnAykB223WmlZ34YsPeLF3IHAI4o="},"indexInfo":{"baseKey":"BX4LUuk8V/Ch9DIv1FAHBPGpWe2oWc9LugkRSd36VZI3","baseKeyType":1,"closed":-1,"used":1742840827725,"created":1742840827725,"remoteIdentityKey":"BdwMJWT7+u312LkLQMH27jvmlWUKL0Zwz+SfRpl7ZwZ3"},"_chains":{"BXDepqumhd+xuTupAoOy33uqmZGlEuB21xEiGczxR8gR":{"chainKey":{"counter":8,"key":"RMHASRGPI7LnhwS2eqYxfK3rIaSIYSwE68wcNEGOx7Q="},"chainType":1,"messageKeys":{}}},"pendingPreKey":{"signedKeyId":2,"baseKey":"BX4LUuk8V/Ch9DIv1FAHBPGpWe2oWc9LugkRSd36VZI3","preKeyId":6450481}}},"version":"v1"}