{"_sessions":{"BX4HvQVHiTYzt01fR8QdEkfItjWmIxCwlv5A/lVQmkkq":{"registrationId":69721918,"currentRatchet":{"ephemeralKeyPair":{"pubKey":"BRdy24E+YaGozgUjwECdHMXsQM9Ih9xXGO0NUIvokeAv","privKey":"SBbBGp6fdRFR29wAB26bmEL4wblAcs8wKmPJcJo2oXc="},"lastRemoteEphemeralKey":"BfUzEjxWMEVCWTdnIKb5+tdG8g2ejrgJfDjTq7GiXkIS","previousCounter":0,"rootKey":"J2qR0/KJpvA7aRFiR9iVcHFjl1OJIFHJdrAdgjg5UTU="},"indexInfo":{"baseKey":"BX4HvQVHiTYzt01fR8QdEkfItjWmIxCwlv5A/lVQmkkq","baseKeyType":2,"closed":-1,"used":1742998376338,"created":1742998376338,"remoteIdentityKey":"BTReYffXJJiXTrNMotmhv4/hwnFUCfkLfqd/WrvCCHdu"},"_chains":{"BfUzEjxWMEVCWTdnIKb5+tdG8g2ejrgJfDjTq7GiXkIS":{"chainKey":{"counter":0,"key":"5MGt/BNIhpx6WcbxS7vPIQEPWYa/dUokFnlC+SNx0WI="},"chainType":2,"messageKeys":{}},"BRdy24E+YaGozgUjwECdHMXsQM9Ih9xXGO0NUIvokeAv":{"chainKey":{"counter":-1,"key":"pnpMANeGaT7ROuCSKB5Byv+dg5bA5N5Kdf6IUbawfhk="},"chainType":1,"messageKeys":{}}}}},"version":"v1"}