{"_sessions":{"BQJjbdLnwsTZg0kVKBUIn2ap1FEkVhJJUvg638lKDYZ2":{"registrationId":527514708,"currentRatchet":{"ephemeralKeyPair":{"pubKey":"BVrHEA5le+30FkA5Yu8hds8uzQVSp9vPRefNeE7ytK1x","privKey":"APZX1zOUBVVIgs8sU3nz4hXR3zkYASJrj9JJDHdYv34="},"lastRemoteEphemeralKey":"BaSOqGJwr8GKFDy1NdP1yToE8qcvest558Mt67dMTzls","previousCounter":0,"rootKey":"iAmQHbmuiHVM071vVn696Gsm0y4bi9HdFPrFKqe9T94="},"indexInfo":{"baseKey":"BQJjbdLnwsTZg0kVKBUIn2ap1FEkVhJJUvg638lKDYZ2","baseKeyType":1,"closed":1742840809882,"used":1742840797860,"created":1742840797860,"remoteIdentityKey":"BTi7an96P6coPKFyUna0ZxJX6Ph+qmCklDhQLpJYoVB6"},"_chains":{"BVrHEA5le+30FkA5Yu8hds8uzQVSp9vPRefNeE7ytK1x":{"chainKey":{"counter":0,"key":"XXYS2X1NylIBFfrcvzs0u3h+FUeLsIZwH/RQ/YqE/v4="},"chainType":1,"messageKeys":{}}},"pendingPreKey":{"signedKeyId":4,"baseKey":"BQJjbdLnwsTZg0kVKBUIn2ap1FEkVhJJUvg638lKDYZ2","preKeyId":1774652}},"BRijRx3Q+tAjdufnTYNA+SVa8uaTWRWbfDjvrp88HnZQ":{"registrationId":527514708,"currentRatchet":{"ephemeralKeyPair":{"pubKey":"Bb6sjyhTel9x9edaLeqSQ3A04TOS/dj+gR7Afh9kS+Js","privKey":"+CoIwmBcvQeEOQv2lH/6smASKCIqcNsUZTuuLmdd53U="},"lastRemoteEphemeralKey":"BaSOqGJwr8GKFDy1NdP1yToE8qcvest558Mt67dMTzls","previousCounter":0,"rootKey":"iwykfu4/nsTPa0DAD211B8lKrXvFc4XepuDOf0NsOsk="},"indexInfo":{"baseKey":"BRijRx3Q+tAjdufnTYNA+SVa8uaTWRWbfDjvrp88HnZQ","baseKeyType":1,"closed":1742840826041,"used":1742840808902,"created":1742840808902,"remoteIdentityKey":"BTi7an96P6coPKFyUna0ZxJX6Ph+qmCklDhQLpJYoVB6"},"_chains":{"Bb6sjyhTel9x9edaLeqSQ3A04TOS/dj+gR7Afh9kS+Js":{"chainKey":{"counter":0,"key":"V7wDbBY9L8pFVgHjY/UoHbMcQ0vbxz45aKwcwfjZgN8="},"chainType":1,"messageKeys":{}}},"pendingPreKey":{"signedKeyId":4,"baseKey":"BRijRx3Q+tAjdufnTYNA+SVa8uaTWRWbfDjvrp88HnZQ","preKeyId":1774929}},"BYmpo/ijslES6bKmt3baZuRJZ2XnNNmzYpyFhXOFlo0+":{"registrationId":527514708,"currentRatchet":{"ephemeralKeyPair":{"pubKey":"BYJPKD9FsWqhComeevs9FFn1XkZhoRIgOon1zE95u7NM","privKey":"yOLZxLcMOm8+Rd2G52gxVhnKBqEl24Du2eAwaDVHHW0="},"lastRemoteEphemeralKey":"BaSOqGJwr8GKFDy1NdP1yToE8qcvest558Mt67dMTzls","previousCounter":0,"rootKey":"BBjX8AWxXtO29lE6FGnLmQv79fVoMXxV2C7rUcKc44I="},"indexInfo":{"baseKey":"BYmpo/ijslES6bKmt3baZuRJZ2XnNNmzYpyFhXOFlo0+","baseKeyType":1,"closed":-1,"used":1742840825774,"created":1742840825774,"remoteIdentityKey":"BTi7an96P6coPKFyUna0ZxJX6Ph+qmCklDhQLpJYoVB6"},"_chains":{"BYJPKD9FsWqhComeevs9FFn1XkZhoRIgOon1zE95u7NM":{"chainKey":{"counter":7,"key":"3HQEH6PIJi0SIhBmcpd/ZWXQsIPYIyKBtvokHPykEac="},"chainType":1,"messageKeys":{}}},"pendingPreKey":{"signedKeyId":4,"baseKey":"BYmpo/ijslES6bKmt3baZuRJZ2XnNNmzYpyFhXOFlo0+","preKeyId":1774553}}},"version":"v1"}