{"_sessions":{"BXt34nr/jJINUCF4/r//8Tjhcm+RrcRtDpUOIFtC5p4m":{"registrationId":892168410,"currentRatchet":{"ephemeralKeyPair":{"pubKey":"BWdWxuSzzxaiRb1bRXDzzHadZnHcbFy4KDE+J1J1ay8W","privKey":"gEViGAVgwsZcQTj+vVBAmciVA5uH4bYqzzOQ1wP5wlY="},"lastRemoteEphemeralKey":"BdkTh1rJYZ8zFDd56OPW6r3a5uJmOXOle9NnkzfVxcVW","previousCounter":0,"rootKey":"pOIX7DzpYib7HYh9woM8Qe4AQToDdOnCkEOXF9IObkk="},"indexInfo":{"baseKey":"BXt34nr/jJINUCF4/r//8Tjhcm+RrcRtDpUOIFtC5p4m","baseKeyType":1,"closed":1742840809821,"used":1742840797806,"created":1742840797806,"remoteIdentityKey":"BcrZS1tsRgx6OF1oLRrhtCXTS7CJW+f98UqwQa0ZufYs"},"_chains":{"BWdWxuSzzxaiRb1bRXDzzHadZnHcbFy4KDE+J1J1ay8W":{"chainKey":{"counter":0,"key":"y7BLifqY6PhAoc48PnsBkS6LhKuhymq4PFGA0c0Gk3I="},"chainType":1,"messageKeys":{}}},"pendingPreKey":{"signedKeyId":9,"baseKey":"BXt34nr/jJINUCF4/r//8Tjhcm+RrcRtDpUOIFtC5p4m","preKeyId":5853248}},"Bf5LZfIs1qyGdPGXpDxp9YyAK0BMYNLSPSoXOqK30jx6":{"registrationId":892168410,"currentRatchet":{"ephemeralKeyPair":{"pubKey":"BSq568XY8ZRTmwHuQCVrdrfgXh+Mce+PSMPcATGkDhVd","privKey":"sB6XoA8vRLXOz2vAVJn/by5XS3FO6GaU+O9Il9x2UX0="},"lastRemoteEphemeralKey":"BdkTh1rJYZ8zFDd56OPW6r3a5uJmOXOle9NnkzfVxcVW","previousCounter":0,"rootKey":"0AosyT4j3nkz8m110whppYPT9q8CYqKDAwHZUtHJFdo="},"indexInfo":{"baseKey":"Bf5LZfIs1qyGdPGXpDxp9YyAK0BMYNLSPSoXOqK30jx6","baseKeyType":1,"closed":-1,"used":1742840808851,"created":1742840808851,"remoteIdentityKey":"BcrZS1tsRgx6OF1oLRrhtCXTS7CJW+f98UqwQa0ZufYs"},"_chains":{"BSq568XY8ZRTmwHuQCVrdrfgXh+Mce+PSMPcATGkDhVd":{"chainKey":{"counter":1,"key":"V7i5VWzN4uhmEagYuXiS91pQZKECFf/GfLJbzVhDAU0="},"chainType":1,"messageKeys":{}}},"pendingPreKey":{"signedKeyId":9,"baseKey":"Bf5LZfIs1qyGdPGXpDxp9YyAK0BMYNLSPSoXOqK30jx6","preKeyId":5853404}}},"version":"v1"}