{"_sessions":{"BYdh3/QspWRTOndxpK9MKwnlqkPsEm+yp1X+rlWou4Ae":{"registrationId":1781351905,"currentRatchet":{"ephemeralKeyPair":{"pubKey":"BdFmdoW9Z/pFtpoQzU2lf3K5v3nHHHndqVsjbuJr3ydV","privKey":"6MIlJdBIpLUNIwUdpQA9Nv7gi2ZJfxx6dnYVXmgDhnc="},"lastRemoteEphemeralKey":"BT+mbm7naxTcE+gwXLE6lbBUebK7kHGfSr74XrWT4A5r","previousCounter":0,"rootKey":"eG9Qevt2OoyvA6R9F5hOdzgRHDPF2Ly1ziZNdUVFdx4="},"indexInfo":{"baseKey":"BYdh3/QspWRTOndxpK9MKwnlqkPsEm+yp1X+rlWou4Ae","baseKeyType":1,"closed":-1,"used":1742840822861,"created":1742840822861,"remoteIdentityKey":"BSx5bBaIli8MPvvsJSSmVPEgoC1JOymsIQn/zCUnkWJ9"},"_chains":{"BdFmdoW9Z/pFtpoQzU2lf3K5v3nHHHndqVsjbuJr3ydV":{"chainKey":{"counter":3,"key":"PgoN+TPTFvYlR+FiuRhFQVwG2MY9v26jl4XUbNLsuaw="},"chainType":1,"messageKeys":{}}},"pendingPreKey":{"signedKeyId":4,"baseKey":"BYdh3/QspWRTOndxpK9MKwnlqkPsEm+yp1X+rlWou4Ae","preKeyId":9450}}},"version":"v1"}