{"_sessions":{"BYf3Nvee6cwWamhtp2JeW5Ub8plf17FSjg7IJMmLthUw":{"registrationId":353623982,"currentRatchet":{"ephemeralKeyPair":{"pubKey":"BX5XGHwAmS2yDC2Yx0SxIWXNuRVYuTtNhZysTG48/d1l","privKey":"qHJtih3xdh2eMzBdxz0+PS8nOT08Bb0+TypodtcTXVo="},"lastRemoteEphemeralKey":"BWAcPJQiF3zeiXrin2s0KXuT0ypVXAj1ZYWkWVUep6RH","previousCounter":0,"rootKey":"RW9sbdWbGiYMRzSw6uilnGhnxImQWWX28iwNGVi/gQk="},"indexInfo":{"baseKey":"BYf3Nvee6cwWamhtp2JeW5Ub8plf17FSjg7IJMmLthUw","baseKeyType":1,"closed":-1,"used":1742840825706,"created":1742840825706,"remoteIdentityKey":"BbWcTqChM9nxHdu1K0aWaWDQaTWa1AN2lRoYTAPI1yMs"},"_chains":{"BX5XGHwAmS2yDC2Yx0SxIWXNuRVYuTtNhZysTG48/d1l":{"chainKey":{"counter":2,"key":"w/oK0beplQkd2j9LLkj+W4Lw7wzydaOwHPbMg+Pl4aI="},"chainType":1,"messageKeys":{}}},"pendingPreKey":{"signedKeyId":11,"baseKey":"BYf3Nvee6cwWamhtp2JeW5Ub8plf17FSjg7IJMmLthUw","preKeyId":10663361}}},"version":"v1"}