{"_sessions":{"BemawqFxbrMVX0Y0HHjXgPjzZFgC3q4umhLjWmAiDsN+":{"registrationId":957574444,"currentRatchet":{"ephemeralKeyPair":{"pubKey":"BbYWuVtLJ8M4WzzH0ZdUfjZREpqC8dmzQdftXf6mliR6","privKey":"qBaYcrr9oJt5PCkmv7XemW2pqMt8gEK+qXplCWOrQ14="},"lastRemoteEphemeralKey":"Bd0nLP6cbVfuxTArisL9KNNvnTwk+tRx10R0nqeY0B4S","previousCounter":0,"rootKey":"iDB61aT2y3fGFAKkN0+QfaoPAF+WLmQwgGFr47tvvD0="},"indexInfo":{"baseKey":"BemawqFxbrMVX0Y0HHjXgPjzZFgC3q4umhLjWmAiDsN+","baseKeyType":1,"closed":-1,"used":1742840825686,"created":1742840825686,"remoteIdentityKey":"BcVzYsAPLDKdvPSqCurpUc3/dPiuxa7bEoAg0fLW1P0o"},"_chains":{"BbYWuVtLJ8M4WzzH0ZdUfjZREpqC8dmzQdftXf6mliR6":{"chainKey":{"counter":0,"key":"a1U1p/Rkk2OsrivAn2mzHoi9D+qEfQ95czQyuqLYvbE="},"chainType":1,"messageKeys":{}}},"pendingPreKey":{"signedKeyId":0,"baseKey":"BemawqFxbrMVX0Y0HHjXgPjzZFgC3q4umhLjWmAiDsN+","preKeyId":8353686}}},"version":"v1"}