{"_sessions":{"BfAwo+Ka82OkMC8e33v9xzADrSs0eADJKDcFAXxcjZtV":{"registrationId":1008919056,"currentRatchet":{"ephemeralKeyPair":{"pubKey":"BQgzmNkzPPRPAFqbdaHkBAiYy3R0BIIt6G/EgnNTahMQ","privKey":"iDthYrP+L+E1QfEQ8GMnrJ+iHwn5Bpil0yWI6R9ClXQ="},"lastRemoteEphemeralKey":"Bc06lTM6qB0+mq+XMMWyhXnnh5Vp0pOseSglSjpfomMQ","previousCounter":0,"rootKey":"dFGmjr7rQphZXQrcCkokrWsKqUM7cjZFL6CwaAjD1gM="},"indexInfo":{"baseKey":"BfAwo+Ka82OkMC8e33v9xzADrSs0eADJKDcFAXxcjZtV","baseKeyType":1,"closed":-1,"used":1742840852113,"created":1742840852113,"remoteIdentityKey":"BaHaCRc4qLGkni7Uktfv26i58awhGaLb0z0liK5i6MkP"},"_chains":{"BQgzmNkzPPRPAFqbdaHkBAiYy3R0BIIt6G/EgnNTahMQ":{"chainKey":{"counter":0,"key":"Rt+D/SlRxARSWYSQB3/Ig8EoekAzDlOOILXJpOWm0YY="},"chainType":1,"messageKeys":{}}},"pendingPreKey":{"signedKeyId":12,"baseKey":"BfAwo+Ka82OkMC8e33v9xzADrSs0eADJKDcFAXxcjZtV","preKeyId":11013288}}},"version":"v1"}