{"_sessions":{"BdUOeipD8sH/bOA0q+7lxMe8edjEc+wliybHGVoawVA0":{"registrationId":1872031982,"currentRatchet":{"ephemeralKeyPair":{"pubKey":"BZ9ucZiFzcT3/uNrn+g8uQL8K/LnRxF8epce0P6Hoy0P","privKey":"GIsqFJPMKCLOECyf+KEnIlY2yjplYH3bRmZUTg7r32g="},"lastRemoteEphemeralKey":"BUNSfNN5cZlAddxcJccdU8QTGqVUOMtyBL62NYDyXxc+","previousCounter":0,"rootKey":"hHzmj9j95dAN840KIIoB5O+Mcf8dkzHTh2+9y2RzE0I="},"indexInfo":{"baseKey":"BdUOeipD8sH/bOA0q+7lxMe8edjEc+wliybHGVoawVA0","baseKeyType":1,"closed":-1,"used":1742840825908,"created":1742840825908,"remoteIdentityKey":"BaH9NVUAspnwAXbCaxxmx94b001C7zAfEMsy5s7wieAY"},"_chains":{"BZ9ucZiFzcT3/uNrn+g8uQL8K/LnRxF8epce0P6Hoy0P":{"chainKey":{"counter":3,"key":"J0w1S8LcNTLXvinLKiQu893jrXLFF5VQPkkc6ow/iyU="},"chainType":1,"messageKeys":{}}},"pendingPreKey":{"signedKeyId":7,"baseKey":"BdUOeipD8sH/bOA0q+7lxMe8edjEc+wliybHGVoawVA0","preKeyId":7537245}}},"version":"v1"}