{"_sessions":{"BdwXpODIuviTDTSFqv48uAtFZPUUm49bAF3MSKQslFJ4":{"registrationId":162022258,"currentRatchet":{"ephemeralKeyPair":{"pubKey":"BdRDnqpXpW6HuYnpueflMeSjh9ADW9SGAHOds9FuBdUB","privKey":"qPSEtQFjvN3qxLqP4TkUeSldNAvxHFvaNKJFsvxWf1U="},"lastRemoteEphemeralKey":"BRM7q3RzsFWi8MoY3LaxWAVh386yIKqFHtUfgOt73qZv","previousCounter":0,"rootKey":"QTjpkTDicp1AEBBarHZyGEClzfMbujOqblEgOPJsldg="},"indexInfo":{"baseKey":"BdwXpODIuviTDTSFqv48uAtFZPUUm49bAF3MSKQslFJ4","baseKeyType":1,"closed":-1,"used":1742840827930,"created":1742840827930,"remoteIdentityKey":"BYNn3kWOwiiVb8PdiXq1AauXGevrl7fTUw6S0GzS4n9x"},"_chains":{"BdRDnqpXpW6HuYnpueflMeSjh9ADW9SGAHOds9FuBdUB":{"chainKey":{"counter":5,"key":"lZHFi6g3PoMP4alOvyQODxN5MmRgmQ0ee3XN79tJQNA="},"chainType":1,"messageKeys":{}}},"pendingPreKey":{"signedKeyId":27,"baseKey":"BdwXpODIuviTDTSFqv48uAtFZPUUm49bAF3MSKQslFJ4","preKeyId":9029792}}},"version":"v1"}