{"_sessions":{"BW88B2AdU1RVLHHMiHRzZP8JA2lUd/TMwdjic7dh3Ol8":{"registrationId":1348155779,"currentRatchet":{"ephemeralKeyPair":{"pubKey":"BZtVUe5Xpb1XHrNd0rA99XJp8G0r4RA8ejzUVRnjE9AS","privKey":"gEtobn3a2+V5pbN/F92Un7zsaUsnZCl/36mKgu38pFQ="},"lastRemoteEphemeralKey":"BTD64y/RZW6GXS1gUnqoufqQnTG8NGqE2CXX1W94dkFs","previousCounter":0,"rootKey":"9qVRiU0JyORSLGEZiCyqoXsUAxFZXeQW4sdELij7IdU="},"indexInfo":{"baseKey":"BW88B2AdU1RVLHHMiHRzZP8JA2lUd/TMwdjic7dh3Ol8","baseKeyType":1,"closed":1742840809915,"used":1742840797883,"created":1742840797883,"remoteIdentityKey":"BRs7pwFqbpqDZxCYGTz8hXK6GZ4aI4IoHbOAilywOjM3"},"_chains":{"BZtVUe5Xpb1XHrNd0rA99XJp8G0r4RA8ejzUVRnjE9AS":{"chainKey":{"counter":0,"key":"OOUXoIyB7bv29erfxmocA52CC9mWRke/ni4JUdqTlTg="},"chainType":1,"messageKeys":{}}},"pendingPreKey":{"signedKeyId":2,"baseKey":"BW88B2AdU1RVLHHMiHRzZP8JA2lUd/TMwdjic7dh3Ol8","preKeyId":1672839}},"BYLewWIqM8dniAP7fP99EZdRk7DChF5DUcsxhQiIIgYZ":{"registrationId":1348155779,"currentRatchet":{"ephemeralKeyPair":{"pubKey":"BfU0JnQFnTiXHzJZNmvjEveXUOYjB4PHv/49idwAF+cx","privKey":"sFuFC+AQ4p7UmG8gojwNB+uf5aCtADqLd8JMDk3fXUI="},"lastRemoteEphemeralKey":"BTD64y/RZW6GXS1gUnqoufqQnTG8NGqE2CXX1W94dkFs","previousCounter":0,"rootKey":"nIylhEPIjLgeu4o84uzVleqIpMuUtjMCOSh7QoLOvMw="},"indexInfo":{"baseKey":"BYLewWIqM8dniAP7fP99EZdRk7DChF5DUcsxhQiIIgYZ","baseKeyType":1,"closed":1742840826043,"used":1742840808925,"created":1742840808925,"remoteIdentityKey":"BRs7pwFqbpqDZxCYGTz8hXK6GZ4aI4IoHbOAilywOjM3"},"_chains":{"BfU0JnQFnTiXHzJZNmvjEveXUOYjB4PHv/49idwAF+cx":{"chainKey":{"counter":0,"key":"TvGMP3ReX+TM+omGOzOSqv1b452T/lO6jS2zkNEQVt8="},"chainType":1,"messageKeys":{}}},"pendingPreKey":{"signedKeyId":2,"baseKey":"BYLewWIqM8dniAP7fP99EZdRk7DChF5DUcsxhQiIIgYZ","preKeyId":1672602}},"BTrx8oQz9yT4S0UJwLhU01G/yWebKpQqPJcsibGWTvZZ":{"registrationId":1348155779,"currentRatchet":{"ephemeralKeyPair":{"pubKey":"BW5IImKE28XRiGaDgX70P7wUoMCrQ0qghYfDJh8Lc15J","privKey":"kNxEZ31NqIrTurkcgoZVu8l8Y1dU4WbIqrowElLaGFM="},"lastRemoteEphemeralKey":"BTD64y/RZW6GXS1gUnqoufqQnTG8NGqE2CXX1W94dkFs","previousCounter":0,"rootKey":"DxfjQE5P1K1Yo/LbXy/sfdzsQoLGmpwwB5UUKN8hACo="},"indexInfo":{"baseKey":"BTrx8oQz9yT4S0UJwLhU01G/yWebKpQqPJcsibGWTvZZ","baseKeyType":1,"closed":-1,"used":1742840825850,"created":1742840825850,"remoteIdentityKey":"BRs7pwFqbpqDZxCYGTz8hXK6GZ4aI4IoHbOAilywOjM3"},"_chains":{"BW5IImKE28XRiGaDgX70P7wUoMCrQ0qghYfDJh8Lc15J":{"chainKey":{"counter":8,"key":"7NgjMR6puND36QXfVf0q0t0Qb+arbyVe20YGOMRxuXM="},"chainType":1,"messageKeys":{}}},"pendingPreKey":{"signedKeyId":2,"baseKey":"BTrx8oQz9yT4S0UJwLhU01G/yWebKpQqPJcsibGWTvZZ","preKeyId":1672856}}},"version":"v1"}