{"_sessions":{"BQaWa1Zw4BN50I1Uu+O+ZiVuie1Camz4+FSLzgyoUZZH":{"registrationId":1708436264,"currentRatchet":{"ephemeralKeyPair":{"pubKey":"BWe2JhZKQpnRSTT3kQHTH/LTiGlUJLr8qjw5/jUkjHdY","privKey":"OP8l1WP30hgvPjr6kjm8bDuLKg6Me1+QaHDdMXP3h2w="},"lastRemoteEphemeralKey":"BUGfXohNlM80/CeF3Yn5IiN7ONZDdH5DPEh6GQhjHfIT","previousCounter":0,"rootKey":"BmfODFCcwmS1T4SGxDCw6dSYuxmX4QFa7LuhQ4VRVbg="},"indexInfo":{"baseKey":"BQaWa1Zw4BN50I1Uu+O+ZiVuie1Camz4+FSLzgyoUZZH","baseKeyType":1,"closed":-1,"used":1742840852059,"created":1742840852059,"remoteIdentityKey":"Bbm4qhDHuuvGsyL/l+UYgVeLAhjiy12wuqV6Jwm+pOI/"},"_chains":{"BWe2JhZKQpnRSTT3kQHTH/LTiGlUJLr8qjw5/jUkjHdY":{"chainKey":{"counter":1,"key":"SJPw7mLSCYe45SwQhV7gKvKsk2apnznqJIz0ZtoYaoI="},"chainType":1,"messageKeys":{}}},"pendingPreKey":{"signedKeyId":1,"baseKey":"BQaWa1Zw4BN50I1Uu+O+ZiVuie1Camz4+FSLzgyoUZZH","preKeyId":9794152}}},"version":"v1"}