{"_sessions":{"Be0Y8nYIJPkvxIsb1+mIyeCoInNB1bSgghWaaY7WsBUJ":{"registrationId":582646881,"currentRatchet":{"ephemeralKeyPair":{"pubKey":"BZ5mniCjBROlMdJypm3oRHsEmtpTqVoQBHM2KfAzkVZs","privKey":"UJlygnqGPF24SN/APgCZRIR0FiyB1XgbPKoMzioNXlE="},"lastRemoteEphemeralKey":"BcjtPbMlX22rNI59gfCQgUD17sAofPvDR0rcMppeGBZg","previousCounter":0,"rootKey":"G8EwAYjeArL1KLJSRRK/CX1TDQaUxdWm48EH/DieNt0="},"indexInfo":{"baseKey":"Be0Y8nYIJPkvxIsb1+mIyeCoInNB1bSgghWaaY7WsBUJ","baseKeyType":1,"closed":1742840812313,"used":1742840799570,"created":1742840799570,"remoteIdentityKey":"BVsT1TJc4z4e4R4T6DEo0jO0oPDfm2gpMC+N/73hSOMo"},"_chains":{"BZ5mniCjBROlMdJypm3oRHsEmtpTqVoQBHM2KfAzkVZs":{"chainKey":{"counter":0,"key":"VZa1OEnR+i8RDy2RONNONWPXmKRdrmNzEjpxgr0xjh0="},"chainType":1,"messageKeys":{}}},"pendingPreKey":{"signedKeyId":8,"baseKey":"Be0Y8nYIJPkvxIsb1+mIyeCoInNB1bSgghWaaY7WsBUJ","preKeyId":14986610}},"BZnIop0A2NHf9ygQiev4OTXkPPTshRfu6bHFl5W9/U0N":{"registrationId":582646881,"currentRatchet":{"ephemeralKeyPair":{"pubKey":"Bbjq0F9yulH4/erPvDi4XXyDAE3+7Dz8QXlxrYBe3tsn","privKey":"cM8euAaAiY9b/WCFP0/c4VCdWYqkMhaXFwzrbAGbzGs="},"lastRemoteEphemeralKey":"BcjtPbMlX22rNI59gfCQgUD17sAofPvDR0rcMppeGBZg","previousCounter":0,"rootKey":"ct4D91hXCJt3DPPNrdlVD+BNjcDSvnD8S9fxI0v500s="},"indexInfo":{"baseKey":"BZnIop0A2NHf9ygQiev4OTXkPPTshRfu6bHFl5W9/U0N","baseKeyType":1,"closed":1742840828606,"used":1742840811499,"created":1742840811499,"remoteIdentityKey":"BVsT1TJc4z4e4R4T6DEo0jO0oPDfm2gpMC+N/73hSOMo"},"_chains":{"Bbjq0F9yulH4/erPvDi4XXyDAE3+7Dz8QXlxrYBe3tsn":{"chainKey":{"counter":0,"key":"xtWV0obzY2dbRcrSlUeLAaz8eBR5+eH0Ixh/uHi+Bi8="},"chainType":1,"messageKeys":{}}},"pendingPreKey":{"signedKeyId":8,"baseKey":"BZnIop0A2NHf9ygQiev4OTXkPPTshRfu6bHFl5W9/U0N","preKeyId":14986660}},"BSDSue4YFzNIcBLIerxUryhRAh2XN7fX3j2OHMpl/tR2":{"registrationId":582646881,"currentRatchet":{"ephemeralKeyPair":{"pubKey":"BR67wWbYVb9qNEbj6MC7cIDaAmg+dhA6RvS75t0S7yFa","privKey":"kGbkvvmJEMNMh/CPKbY9+MXy9ff1tBC0vZv6HSFK7UM="},"lastRemoteEphemeralKey":"BcjtPbMlX22rNI59gfCQgUD17sAofPvDR0rcMppeGBZg","previousCounter":0,"rootKey":"ATHL/ya4GEiefO/4frMAtYhZdwbF4gZkDLnJsOdsrqo="},"indexInfo":{"baseKey":"BSDSue4YFzNIcBLIerxUryhRAh2XN7fX3j2OHMpl/tR2","baseKeyType":1,"closed":-1,"used":1742840828295,"created":1742840828295,"remoteIdentityKey":"BVsT1TJc4z4e4R4T6DEo0jO0oPDfm2gpMC+N/73hSOMo"},"_chains":{"BR67wWbYVb9qNEbj6MC7cIDaAmg+dhA6RvS75t0S7yFa":{"chainKey":{"counter":1,"key":"s3Zb4FTRzkotn2512jb06j5bcyIsqegZkAGY0yZiSHk="},"chainType":1,"messageKeys":{}}},"pendingPreKey":{"signedKeyId":8,"baseKey":"BSDSue4YFzNIcBLIerxUryhRAh2XN7fX3j2OHMpl/tR2","preKeyId":14987090}}},"version":"v1"}