{"_sessions":{"BVYMIKJ3iVyHG0Uuuj45u+kzfaTJlyWff9hacf2Zf6cZ":{"registrationId":322129758,"currentRatchet":{"ephemeralKeyPair":{"pubKey":"BURHHM2jzZUmZnpf7v3V4T7CcaVFmshAE2qlXt3AddBF","privKey":"QDdNikZ2hj/bWDy/PZqj8DFkiQzp6jTSvVS7HZUdtEs="},"lastRemoteEphemeralKey":"BR2UQk/nSJAFaLYRIl4owvYkoHhxChWLqAz2QzKWgZso","previousCounter":0,"rootKey":"8FkHYssKsw3yO86m+ss8kU8rGafLC8CwbdUqiQ839OM="},"indexInfo":{"baseKey":"BVYMIKJ3iVyHG0Uuuj45u+kzfaTJlyWff9hacf2Zf6cZ","baseKeyType":1,"closed":-1,"used":1742840825789,"created":1742840825789,"remoteIdentityKey":"BVeFUhIZcB/oUEj/loqIjitEyi+x2OfX32fEtqQZeQB0"},"_chains":{"BURHHM2jzZUmZnpf7v3V4T7CcaVFmshAE2qlXt3AddBF":{"chainKey":{"counter":7,"key":"0ONkJatJc2k7tExCZppGno23kRZEyjslljXxmgoOWsc="},"chainType":1,"messageKeys":{}}},"pendingPreKey":{"signedKeyId":0,"baseKey":"BVYMIKJ3iVyHG0Uuuj45u+kzfaTJlyWff9hacf2Zf6cZ","preKeyId":1499588}}},"version":"v1"}