{"_sessions":{"BfO0vYlrYvohVsb7QWIgrWTDbbpj5toNajWBSVyVH/ha":{"registrationId":921344223,"currentRatchet":{"ephemeralKeyPair":{"pubKey":"BcrwRXkoiYlLAcvil3As/3Ix6wut9ZEKLfDOEndRF3lv","privKey":"cIU19F5nKBU0MPcJVJCA9LvRNIhKWOlE0uKiYV3vKFI="},"lastRemoteEphemeralKey":"BTdeLDh2lxVz9FgAEHJGkkViTcJKXiHXvGCegHfRohN8","previousCounter":0,"rootKey":"qnQLN55ZDaV0WJT2pO5dd+YWwYNlPHr9Pxji0FqjF7c="},"indexInfo":{"baseKey":"BfO0vYlrYvohVsb7QWIgrWTDbbpj5toNajWBSVyVH/ha","baseKeyType":1,"closed":-1,"used":1742840825407,"created":1742840825407,"remoteIdentityKey":"BUMwcnekzdPLs0MkQbThyTaTyAKt5jE7BO/MiSutTrI+"},"_chains":{"BcrwRXkoiYlLAcvil3As/3Ix6wut9ZEKLfDOEndRF3lv":{"chainKey":{"counter":0,"key":"lyrx0Qny+nHuZH2tvna8Skm+V5hFs5rXQthwZMX3DRg="},"chainType":1,"messageKeys":{}}},"pendingPreKey":{"signedKeyId":7,"baseKey":"BfO0vYlrYvohVsb7QWIgrWTDbbpj5toNajWBSVyVH/ha","preKeyId":3915432}}},"version":"v1"}