{"_sessions":{"BYHJn1V0D+SXEOPHLAZ8Wk9Jv9PH2aTYeMASosIzdepQ":{"registrationId":1704658346,"currentRatchet":{"ephemeralKeyPair":{"pubKey":"BenT1u+Zsie/qTw3KbcCXvaOEFR+n4yM0TXDEbKfKHsG","privKey":"OD+0vWbKSVvQhzHZOYT9LSe6XGZhnud7T0yqVihV3Eg="},"lastRemoteEphemeralKey":"Bcou3ZggurmAhM7c+tXFqyLDtVlvAK+eLY0ccLrBggFQ","previousCounter":6,"rootKey":"wD0S8/I5fCfbK+Ck6ol/Tb1jgwRNDqV5s7Rm/bkg5Pk="},"indexInfo":{"baseKey":"BYHJn1V0D+SXEOPHLAZ8Wk9Jv9PH2aTYeMASosIzdepQ","baseKeyType":2,"closed":-1,"used":1742998419273,"created":1742829493394,"remoteIdentityKey":"Bd4/R50aVKJzz9RL4YkWdmDajInJrpKcoiRHqWufhUcu"},"_chains":{"BZieVaxdU2zM+goC0gXaMxBYe0ccp/2nQehwRRp6z0hH":{"chainKey":{"counter":8},"chainType":2,"messageKeys":{}},"Bfz5U7RY3mWI0hjeDnXH0NmhvGWwCpi1unIM1EiVm58E":{"chainKey":{"counter":9},"chainType":2,"messageKeys":{"0":"Nnl8zGjQI1Y2lQSQfSM4dkyFNVXL05cypRZvgLCKNaU=","5":"bVcCTunPnBL5B44H+6QC/7V3pheoi6Dui+L8rsiVgX0=","6":"ii8uvBf5l+JMBOieGCjOMT0zChcwsTSkaqsswZGLCAY="}},"BRIZMHarDj6be/DP3hy0MAGck8OFACTpxBj+IiIYalY8":{"chainKey":{"counter":3},"chainType":2,"messageKeys":{}},"BRTuDFQ36hsYw5OoI4EJhgIWfnCAdwPGTqKhtClrjRsJ":{"chainKey":{"counter":0},"chainType":2,"messageKeys":{}},"BS8JRuBGP0WJd6NfaA43uQZuWiutTvkOdG7N/sBCEIFn":{"chainKey":{"counter":0},"chainType":2,"messageKeys":{}},"BfvTWGnPJHxI6sXmMXXdrNAAlFXL4sTL2MZzTMh0dbsP":{"chainKey":{"counter":2},"chainType":2,"messageKeys":{}},"Bcou3ZggurmAhM7c+tXFqyLDtVlvAK+eLY0ccLrBggFQ":{"chainKey":{"counter":19,"key":"reeBtYoKw3Dp0oLT3KYFkMQ9YyazFufaBNvzgPzIuVs="},"chainType":2,"messageKeys":{}},"BenT1u+Zsie/qTw3KbcCXvaOEFR+n4yM0TXDEbKfKHsG":{"chainKey":{"counter":0,"key":"0Cr+5OiOgRghdzxIQZL3d6P/cDuB3sEcbIHIRSL7Pg4="},"chainType":1,"messageKeys":{}}}}},"version":"v1"}