{"_sessions":{"BaIrgQqTo8aNNF9x5xVx4rm8PZRRLOyVZvhffRDcXDhR":{"registrationId":6605,"currentRatchet":{"ephemeralKeyPair":{"pubKey":"BZfeRw/SMbY4u8DFP9aDqpv+tVBDVnbT9lyoMmp+1oc/","privKey":"WCulmJ+1VwVwKxNZECEZBhk4H+AJ3RujIbzZBoo400I="},"lastRemoteEphemeralKey":"BSF0j+04NoG1OtBWm1EBI9bUXRgkc/RJRyrjykgXICgS","previousCounter":0,"rootKey":"aDDBhDRYKGrk4QZyn3ecUYHLykkXHUXQKy2ryqmbyvY="},"indexInfo":{"baseKey":"BaIrgQqTo8aNNF9x5xVx4rm8PZRRLOyVZvhffRDcXDhR","baseKeyType":1,"closed":-1,"used":1742840851721,"created":1742840851721,"remoteIdentityKey":"BcK79biTPaPf83/lQpKtvhtKQjHP1LilVu8Unnhqnnpd"},"_chains":{"BZfeRw/SMbY4u8DFP9aDqpv+tVBDVnbT9lyoMmp+1oc/":{"chainKey":{"counter":1,"key":"/iEUrRvqDF1hXlIZEv0qcecfm66RYQTZGo5RlHTAt+g="},"chainType":1,"messageKeys":{}}},"pendingPreKey":{"signedKeyId":2,"baseKey":"BaIrgQqTo8aNNF9x5xVx4rm8PZRRLOyVZvhffRDcXDhR","preKeyId":2908}}},"version":"v1"}