{"_sessions":{"BRY66hm3b7W8fwIBVHvpRvBCpxzvv06fhF4ExtSk2JEm":{"registrationId":1447708559,"currentRatchet":{"ephemeralKeyPair":{"pubKey":"BZqtA7jJxFAnN2depH0I7tDWj0m1HLkaubYE6CcItLBi","privKey":"KPUvjVuwFSxJoEHlQtkgHfPwMOmNn2htXAHwwhYvyUY="},"lastRemoteEphemeralKey":"BY4JHmkSBt10ufu5jS87i3DlA1S3t2bV/lMC9gczkGVk","previousCounter":0,"rootKey":"Py0EWuVWXuBbQVEiPKHiQ/Ef/06v8c727ULpOhHn0JA="},"indexInfo":{"baseKey":"BRY66hm3b7W8fwIBVHvpRvBCpxzvv06fhF4ExtSk2JEm","baseKeyType":1,"closed":-1,"used":1742840827559,"created":1742840827559,"remoteIdentityKey":"BYKsyiczyeS4N80LTZ9bzw8P2EmDD450XVxJcuaSg1V8"},"_chains":{"BZqtA7jJxFAnN2depH0I7tDWj0m1HLkaubYE6CcItLBi":{"chainKey":{"counter":3,"key":"Cs76epPsVN/RC1lKkexUc59DfXWbvtNxAJSNqKkCNdg="},"chainType":1,"messageKeys":{}}},"pendingPreKey":{"signedKeyId":17,"baseKey":"BRY66hm3b7W8fwIBVHvpRvBCpxzvv06fhF4ExtSk2JEm","preKeyId":5650650}}},"version":"v1"}