{"_sessions":{"Bfa489um1FNEhdA+YQQ++iGBzW7B4Gb7Yt3REIum4Vkr":{"registrationId":488593785,"currentRatchet":{"ephemeralKeyPair":{"pubKey":"BbyfQKvCTx4hF4FvKu6KdDu+PBnmfuU8Rv5U0ysEwSZX","privKey":"2CTyKMUpgMJV+0kL5Thx0R18rkTYza2OS/GN07nA+lQ="},"lastRemoteEphemeralKey":"BZSW9suoB0rWGil0WDuVDX9czsKEVahjsr8YM0OqjpR7","previousCounter":0,"rootKey":"zJnk97IiF3N04nX2BwT+zKK4TPxxQewOjHht5xtx29w="},"indexInfo":{"baseKey":"Bfa489um1FNEhdA+YQQ++iGBzW7B4Gb7Yt3REIum4Vkr","baseKeyType":1,"closed":-1,"used":1742840851881,"created":1742840851881,"remoteIdentityKey":"BeUIzfP9YVOhqTR5+6gr9Q9sVsY4ITc0zsxK/NtOj3tU"},"_chains":{"BbyfQKvCTx4hF4FvKu6KdDu+PBnmfuU8Rv5U0ysEwSZX":{"chainKey":{"counter":0,"key":"q84qNJ+1V54MTAppc/44YvpqGixu3KlzvSVeTTZDr8w="},"chainType":1,"messageKeys":{}}},"pendingPreKey":{"signedKeyId":0,"baseKey":"Bfa489um1FNEhdA+YQQ++iGBzW7B4Gb7Yt3REIum4Vkr"}}},"version":"v1"}