{"_sessions":{"BSAsviJ1n7sUuTntvZJgsGydTiZGezdZ784vpj6y3B5Q":{"registrationId":580540381,"currentRatchet":{"ephemeralKeyPair":{"pubKey":"BajvlRtTeux0HYcQkAxZcMlaCAOLSt0kbFcj6Z+FV3Yd","privKey":"2Nocn7fgKRWRgI+NrANcpDjc6cU9gl23BF/mB+PlJW8="},"lastRemoteEphemeralKey":"BWWmbO+2o51ZVBnhJEJt501Wo6I8SWPWC13NXkj+F/cX","previousCounter":0,"rootKey":"NQlktio/CmVlCgK2Awe/aOat2Jh2yJwGzexZHd0+83I="},"indexInfo":{"baseKey":"BSAsviJ1n7sUuTntvZJgsGydTiZGezdZ784vpj6y3B5Q","baseKeyType":1,"closed":1742840812241,"used":1742840799516,"created":1742840799516,"remoteIdentityKey":"Be73d8HX107gpbgPHpw28XJerWvWt6LnIx5eb1FTCJd4"},"_chains":{"BajvlRtTeux0HYcQkAxZcMlaCAOLSt0kbFcj6Z+FV3Yd":{"chainKey":{"counter":0,"key":"zAxYVzCuHK2lR7jY3GVIXuaa7b7TOjuy8Sbj/K79Os4="},"chainType":1,"messageKeys":{}}},"pendingPreKey":{"signedKeyId":12,"baseKey":"BSAsviJ1n7sUuTntvZJgsGydTiZGezdZ784vpj6y3B5Q","preKeyId":9929597}},"BQ8J5vGFnDEBA1m5QxncTGG2tj7o29niQ2v2IntcHGZE":{"registrationId":580540381,"currentRatchet":{"ephemeralKeyPair":{"pubKey":"BYFGdgV5tBCpj9eyBl4U0Dzf+0RK1XCalMHbtHT0v+xW","privKey":"iC7GjiFZ9NwxuFWBHYptkm9KwcLGzAyAkBLdz0KRIXk="},"lastRemoteEphemeralKey":"BWWmbO+2o51ZVBnhJEJt501Wo6I8SWPWC13NXkj+F/cX","previousCounter":0,"rootKey":"AjU6kFR/785zqBtfsGNpd/Ddmi1RLuC6tNW6u9k9GDo="},"indexInfo":{"baseKey":"BQ8J5vGFnDEBA1m5QxncTGG2tj7o29niQ2v2IntcHGZE","baseKeyType":1,"closed":1742840828571,"used":1742840811445,"created":1742840811445,"remoteIdentityKey":"Be73d8HX107gpbgPHpw28XJerWvWt6LnIx5eb1FTCJd4"},"_chains":{"BYFGdgV5tBCpj9eyBl4U0Dzf+0RK1XCalMHbtHT0v+xW":{"chainKey":{"counter":0,"key":"gdMugKuMSVwKDkELfm/lDRtMMtTiHiDaaG7hJr0ztwg="},"chainType":1,"messageKeys":{}}},"pendingPreKey":{"signedKeyId":12,"baseKey":"BQ8J5vGFnDEBA1m5QxncTGG2tj7o29niQ2v2IntcHGZE","preKeyId":9929651}},"BSKINVeY0Hcjl/l1lIpULdHDonSz54SRBSkNHd0TXwgf":{"registrationId":580540381,"currentRatchet":{"ephemeralKeyPair":{"pubKey":"BbX1UrIzKEBcYy5LqRgoaIjyzjHsb742iru059ePVvNf","privKey":"6P+DR+y5Cf2PH/A8KxXMoHaPiIUEtxGocI9pnId1a3Q="},"lastRemoteEphemeralKey":"BWWmbO+2o51ZVBnhJEJt501Wo6I8SWPWC13NXkj+F/cX","previousCounter":0,"rootKey":"UWFw6RXq7wdqRn3bIZ2iX2gZqb2gflkLLBckJxbmRGs="},"indexInfo":{"baseKey":"BSKINVeY0Hcjl/l1lIpULdHDonSz54SRBSkNHd0TXwgf","baseKeyType":1,"closed":-1,"used":1742840828119,"created":1742840828119,"remoteIdentityKey":"Be73d8HX107gpbgPHpw28XJerWvWt6LnIx5eb1FTCJd4"},"_chains":{"BbX1UrIzKEBcYy5LqRgoaIjyzjHsb742iru059ePVvNf":{"chainKey":{"counter":0,"key":"7cMpOBpQex0VarVYbw5PEZ8lb4npup0Od6Qhhyi7YJk="},"chainType":1,"messageKeys":{}}},"pendingPreKey":{"signedKeyId":12,"baseKey":"BSKINVeY0Hcjl/l1lIpULdHDonSz54SRBSkNHd0TXwgf","preKeyId":9930029}}},"version":"v1"}