{"_sessions":{"BWcOu+FvX/doSU0mAT2s/LJc6DCSSunKXaofqGqg1dNi":{"registrationId":1113333847,"currentRatchet":{"ephemeralKeyPair":{"pubKey":"BW7Tc+qYRXPrcWUJ2HkSsGDlUMus1JyB9pdKjsdfNhJb","privKey":"wNthmEgz88s0Qp7BD/fxm7LNqtqacEEqAs7HMq5MHHI="},"lastRemoteEphemeralKey":"Bd2K8gRnIHPG0JVOy6KI1cyCknQSTuM37SWV5MTrCWdQ","previousCounter":0,"rootKey":"VpGKDL3XWNYgvYckHCpoUYarK17ybBhy2wBbzhGnV9Q="},"indexInfo":{"baseKey":"BWcOu+FvX/doSU0mAT2s/LJc6DCSSunKXaofqGqg1dNi","baseKeyType":1,"closed":-1,"used":1742840825858,"created":1742840825858,"remoteIdentityKey":"BcszmPc3RORFQFsFXzlqmcrFdZvdnkVEaxzVWR+YlExT"},"_chains":{"BW7Tc+qYRXPrcWUJ2HkSsGDlUMus1JyB9pdKjsdfNhJb":{"chainKey":{"counter":6,"key":"oxMy82l6jm8H4NV4HXUBjkNVac3msDAyfvqn+gEsZs4="},"chainType":1,"messageKeys":{}}},"pendingPreKey":{"signedKeyId":4,"baseKey":"BWcOu+FvX/doSU0mAT2s/LJc6DCSSunKXaofqGqg1dNi","preKeyId":1103713}}},"version":"v1"}