{"_sessions":{"Ba5OewBeb5VAlKfhF6goDyip0N+mMGA1Qu1sguxsavlo":{"registrationId":1139350729,"currentRatchet":{"ephemeralKeyPair":{"pubKey":"BQJdooN8yZRtVU3baS8rBkkealYIWt3megmpdEWaeYsi","privKey":"oAW8spXS614+GfdDivWmbz+UC5x5ulSTmtbx44ejuXQ="},"lastRemoteEphemeralKey":"BfHNWg4HQgELBmQtvby7h26z/ZjgxpMwfh15tuE7ZSt/","previousCounter":0,"rootKey":"LkNOtZJ8d0AFqIES7NzHm5TUGTI+ha2ZQaTpdFsN8uQ="},"indexInfo":{"baseKey":"Ba5OewBeb5VAlKfhF6goDyip0N+mMGA1Qu1sguxsavlo","baseKeyType":1,"closed":-1,"used":1742840825892,"created":1742840825892,"remoteIdentityKey":"BfOek9P1LcBXER9GRByQInmru5AQteX5v8xFQSJKsF5y"},"_chains":{"BQJdooN8yZRtVU3baS8rBkkealYIWt3megmpdEWaeYsi":{"chainKey":{"counter":2,"key":"2NGOCfCOQERKm4Kc67YSJ2dosdUzZ9T2vTljRB/nFBA="},"chainType":1,"messageKeys":{}}},"pendingPreKey":{"signedKeyId":4242393,"baseKey":"Ba5OewBeb5VAlKfhF6goDyip0N+mMGA1Qu1sguxsavlo","preKeyId":4920}}},"version":"v1"}