{"_sessions":{"BTbP0C4Z6uq5QN7m31DFDnQmUj8V8RmPapoSCBBC7A4f":{"registrationId":1160092586,"currentRatchet":{"ephemeralKeyPair":{"pubKey":"BeCWJJLzuBEItgoUttbCQKLA8yR9UPsZg1lJIlE9W44/","privKey":"eDWacPMU6JtK00AYRaazTaEJ5QCTzf/YK13F3XWsk1s="},"lastRemoteEphemeralKey":"BTM7NIWGsJU4wNbqnF+AQlrGr1m/AzOwU4h/RogjbkZc","previousCounter":0,"rootKey":"0jZyAvQWU4STI3x5BL+QozO8JXqkQC3QvyGdksWcKio="},"indexInfo":{"baseKey":"BTbP0C4Z6uq5QN7m31DFDnQmUj8V8RmPapoSCBBC7A4f","baseKeyType":1,"closed":1742840812132,"used":1742840799399,"created":1742840799399,"remoteIdentityKey":"BXAGpbxN8PgJqJVC2pVIfgYlDLwxbo5O2WzimfM73b4z"},"_chains":{"BeCWJJLzuBEItgoUttbCQKLA8yR9UPsZg1lJIlE9W44/":{"chainKey":{"counter":0,"key":"rLLe7ewQFviubu4ppd12OaBr0nhVDUKPAe0GGn5N0Ns="},"chainType":1,"messageKeys":{}}},"pendingPreKey":{"signedKeyId":1,"baseKey":"BTbP0C4Z6uq5QN7m31DFDnQmUj8V8RmPapoSCBBC7A4f","preKeyId":3936657}},"Bf6cP2PNqQpPU3z9SEx+Z/X8FsBlXQ6iSN31Z7D3Gnwh":{"registrationId":1160092586,"currentRatchet":{"ephemeralKeyPair":{"pubKey":"BYoD8w62jQUii/eqzy4FfFW1JxNA0cYcu5mUhKqSon4k","privKey":"iAwELQ3bRVb5dkOgRGNkXahRp/gqgaEOMUoADixTY2w="},"lastRemoteEphemeralKey":"BTM7NIWGsJU4wNbqnF+AQlrGr1m/AzOwU4h/RogjbkZc","previousCounter":0,"rootKey":"cxik+cByIEUyuBkBhBB4X8FjrP7ZhvLBinJoiFApdBY="},"indexInfo":{"baseKey":"Bf6cP2PNqQpPU3z9SEx+Z/X8FsBlXQ6iSN31Z7D3Gnwh","baseKeyType":1,"closed":-1,"used":1742840811341,"created":1742840811341,"remoteIdentityKey":"BXAGpbxN8PgJqJVC2pVIfgYlDLwxbo5O2WzimfM73b4z"},"_chains":{"BYoD8w62jQUii/eqzy4FfFW1JxNA0cYcu5mUhKqSon4k":{"chainKey":{"counter":1,"key":"HP6VPwStYaM15mGX1AFF6Oc8qCSlM2J6DVFfDJpgiOU="},"chainType":1,"messageKeys":{}}},"pendingPreKey":{"signedKeyId":1,"baseKey":"Bf6cP2PNqQpPU3z9SEx+Z/X8FsBlXQ6iSN31Z7D3Gnwh","preKeyId":3936503}}},"version":"v1"}