{"_sessions":{"BW+7k3ORcxg19ZwvFzmOridZiQRlCqCGfBDQ6CFu8TZD":{"registrationId":1577051688,"currentRatchet":{"ephemeralKeyPair":{"pubKey":"BSWbtPijPP/i06aCXh2sdk4q3D4xTgIq4Bvc2muL34dl","privKey":"OCSJ+8dAbKIdWj3aFGdzo9sRnm/1PQgemt9tQ1tooEk="},"lastRemoteEphemeralKey":"BaLDjeV6gch0AFw3kLM9AdSQucW/P/sLvVWvef8NZ2V3","previousCounter":0,"rootKey":"iLg2rI/wih/n7BzGGBre53RMapnR1J2bxv7oZ25G15I="},"indexInfo":{"baseKey":"BW+7k3ORcxg19ZwvFzmOridZiQRlCqCGfBDQ6CFu8TZD","baseKeyType":1,"closed":1742840809387,"used":1742840797424,"created":1742840797424,"remoteIdentityKey":"BZJnO83gSxo8h6l31yHbnEN8isSS7L3/+l024NFnWRlv"},"_chains":{"BSWbtPijPP/i06aCXh2sdk4q3D4xTgIq4Bvc2muL34dl":{"chainKey":{"counter":0,"key":"KduA+waRB+dJdcr3xBnkKacyBeIZBluQjKQm/t+NWeI="},"chainType":1,"messageKeys":{}}},"pendingPreKey":{"signedKeyId":18,"baseKey":"BW+7k3ORcxg19ZwvFzmOridZiQRlCqCGfBDQ6CFu8TZD","preKeyId":55249}},"BRYKEyWPjZHCmpAhra+rDfL5obIVKPto82QvnEtgVvpk":{"registrationId":1577051688,"currentRatchet":{"ephemeralKeyPair":{"pubKey":"BYsgkN2461lKD7XR+73NntJW8lCcyqbGKll7nIFyPjs7","privKey":"yFC+AZMT0GEk5vWZXR06OEXkJcdnApZlPSEHBldQ+00="},"lastRemoteEphemeralKey":"BaLDjeV6gch0AFw3kLM9AdSQucW/P/sLvVWvef8NZ2V3","previousCounter":0,"rootKey":"oHK6VuR1BHfRWAA8Fv0jTVCLwLhU9azjPJieYwCXrXU="},"indexInfo":{"baseKey":"BRYKEyWPjZHCmpAhra+rDfL5obIVKPto82QvnEtgVvpk","baseKeyType":1,"closed":1742840823547,"used":1742840808483,"created":1742840808483,"remoteIdentityKey":"BZJnO83gSxo8h6l31yHbnEN8isSS7L3/+l024NFnWRlv"},"_chains":{"BYsgkN2461lKD7XR+73NntJW8lCcyqbGKll7nIFyPjs7":{"chainKey":{"counter":0,"key":"xNJFkpfVij2VJ7n5f6VbWym5TjPpxgfGQ8LFJ+/AbLw="},"chainType":1,"messageKeys":{}}},"pendingPreKey":{"signedKeyId":18,"baseKey":"BRYKEyWPjZHCmpAhra+rDfL5obIVKPto82QvnEtgVvpk","preKeyId":56030}},"BUlnCRVBHY02Q1rNWY7CL48Co02Sc3MfpXRRbmMow3tP":{"registrationId":1577051688,"currentRatchet":{"ephemeralKeyPair":{"pubKey":"BScE6+4oXNsxfuIOAlO94D+7Z2mhrAerNZbYbfPv76U5","privKey":"iCzqvNcPlHmmwvJXXc8JUUfxC32eUc98FbHuk8g9Qlw="},"lastRemoteEphemeralKey":"BaLDjeV6gch0AFw3kLM9AdSQucW/P/sLvVWvef8NZ2V3","previousCounter":0,"rootKey":"/GbSRRgYze9JTjrRY7Ey0vAdBXPQ1cAAklHGoL+Op7w="},"indexInfo":{"baseKey":"BUlnCRVBHY02Q1rNWY7CL48Co02Sc3MfpXRRbmMow3tP","baseKeyType":1,"closed":-1,"used":1742840823011,"created":1742840823011,"remoteIdentityKey":"BZJnO83gSxo8h6l31yHbnEN8isSS7L3/+l024NFnWRlv"},"_chains":{"BScE6+4oXNsxfuIOAlO94D+7Z2mhrAerNZbYbfPv76U5":{"chainKey":{"counter":8,"key":"yTz8IRIGV2/e7o1XjZeUWv4Bb/oYRBozkkRudIDLXl0="},"chainType":1,"messageKeys":{}}},"pendingPreKey":{"signedKeyId":18,"baseKey":"BUlnCRVBHY02Q1rNWY7CL48Co02Sc3MfpXRRbmMow3tP","preKeyId":56043}}},"version":"v1"}