{"_sessions":{"BWiZuG0EVz+qS8y/MGg6T2EkZ7fqRqI4GB20Z3jswqBC":{"registrationId":819121261,"currentRatchet":{"ephemeralKeyPair":{"pubKey":"BZJ3ZbiVUavvrVTdHSR041BTULDePXoWgibOtLaLZ3lY","privKey":"wBaMOXomRcUF7li5o6jx57r6RiwRNqNy+BRuuuiAeHM="},"lastRemoteEphemeralKey":"BSl71x4cjkhO0XkGppRhkbq4Ulg6ethOFDaZaObvp8Zz","previousCounter":0,"rootKey":"R1oYGJ23tVK99Iq3Ae5VNDOVxYmbmtqw9wUnyvKXiWc="},"indexInfo":{"baseKey":"BWiZuG0EVz+qS8y/MGg6T2EkZ7fqRqI4GB20Z3jswqBC","baseKeyType":2,"closed":-1,"used":1742998375355,"created":1742998375355,"remoteIdentityKey":"BTve79LVAa/iCfqFD1ZV5w2DbS+NeSX6OYfSsGInIHg4"},"_chains":{"BSl71x4cjkhO0XkGppRhkbq4Ulg6ethOFDaZaObvp8Zz":{"chainKey":{"counter":0,"key":"ed/kP/fbVSwGFNz7YPTKULmrUaJzgnrpeChvaKXiHEY="},"chainType":2,"messageKeys":{}},"BZJ3ZbiVUavvrVTdHSR041BTULDePXoWgibOtLaLZ3lY":{"chainKey":{"counter":-1,"key":"4AKmeY0tNDea15DGQ9BEpr/5iC7ZfX4xJYqlwUBUnjo="},"chainType":1,"messageKeys":{}}}}},"version":"v1"}