{"_sessions":{"BXArs7AQYQ5IvOl8nf+tfXBzabmnQMkcAJ0ytaDBG7w5":{"registrationId":1934773842,"currentRatchet":{"ephemeralKeyPair":{"pubKey":"BUFwCsc/2INfLw3vXsHy3fkvhqJ22vJiizrREExWqakI","privKey":"0FzZMeHey2JbBsSEnpG4diGnX0iqrbURfSDPLo84I1E="},"lastRemoteEphemeralKey":"BY/+AdHkJKYI20cNtQwQJznS222BVYUbcWgVZ12Taatp","previousCounter":0,"rootKey":"qsQKGkBxE/fy5+IlvSiC3k5+PmpkaodEcQD7yZjpWzA="},"indexInfo":{"baseKey":"BXArs7AQYQ5IvOl8nf+tfXBzabmnQMkcAJ0ytaDBG7w5","baseKeyType":1,"closed":-1,"used":1742840852044,"created":1742840852044,"remoteIdentityKey":"BXJZNliMi8LTVcrbxEm+nEoK9GPTEjFb3Y9kuDzUdus9"},"_chains":{"BUFwCsc/2INfLw3vXsHy3fkvhqJ22vJiizrREExWqakI":{"chainKey":{"counter":0,"key":"Mv3v9c3kcDmm7VjYGFG9nrFuhwiLUp9Sl3BaKOOTzqY="},"chainType":1,"messageKeys":{}}},"pendingPreKey":{"signedKeyId":2,"baseKey":"BXArs7AQYQ5IvOl8nf+tfXBzabmnQMkcAJ0ytaDBG7w5","preKeyId":9858369}}},"version":"v1"}