{"_sessions":{"BW+zpDW46jY/nctjkufgSOiK19m/xH2N8EI7LovEbt1/":{"registrationId":1484924103,"currentRatchet":{"ephemeralKeyPair":{"pubKey":"BcqX8jwxZ1L9MAWpIiHuufKl/2PbvjlOYcepLRGboWkD","privKey":"eL0WL9l1q4tnC++kRaADj88DN3793zOivZmapAoeOlA="},"lastRemoteEphemeralKey":"BceJO2HiBpGX3hEkLNUObJpFKzfSTyu4aCK935SUiBkV","previousCounter":0,"rootKey":"SntPqUWuS+6cJWeMcovwWh4Ne3ObNg+rMBYclOFzhaE="},"indexInfo":{"baseKey":"BW+zpDW46jY/nctjkufgSOiK19m/xH2N8EI7LovEbt1/","baseKeyType":2,"closed":-1,"used":1742905301901,"created":1742905301901,"remoteIdentityKey":"Ba7X857o3Bhd9JbgyHlMgwU9boTTri/kKBXesE5JSy9/"},"_chains":{"BceJO2HiBpGX3hEkLNUObJpFKzfSTyu4aCK935SUiBkV":{"chainKey":{"counter":0,"key":"dbo4lR/CvsVoQo+2iyrGYteyEQD0zPUnHv5kQi0lFBI="},"chainType":2,"messageKeys":{}},"BcqX8jwxZ1L9MAWpIiHuufKl/2PbvjlOYcepLRGboWkD":{"chainKey":{"counter":4,"key":"Y+AJubAKzMn0tCkVz4BcWBgk1wp5a2mhFZrYNFIo8Js="},"chainType":1,"messageKeys":{}}}}},"version":"v1"}