{"_sessions":{"BVqxp5nY92PebC16wgijy/2W4iAPkyqzYA7EBpGDw5pq":{"registrationId":5252,"currentRatchet":{"ephemeralKeyPair":{"pubKey":"BclMM1lOWq9cQs16gx4zOax68hdTSPp3bTskJVkBS0FN","privKey":"8LrPWcfkNn2dVV/c2PtYVd7ph0JCrIZQRDGbWBLJ9FE="},"lastRemoteEphemeralKey":"BWxA1N7h1oH/6YHbG4qNAdudt19iC0r4BiySvyDgUXgh","previousCounter":2,"rootKey":"Pl87qbTtL5+CuriZev6W2stzalyhtnppBED6/hAqQXY="},"indexInfo":{"baseKey":"BVqxp5nY92PebC16wgijy/2W4iAPkyqzYA7EBpGDw5pq","baseKeyType":1,"closed":-1,"used":1742998428486,"created":1742909888906,"remoteIdentityKey":"BXlBIjFSQ2u8g/jZwwNndlBJqDpou7U0BLAEcCnlViEv"},"_chains":{"BXyJEOdcXmCGpB9e9/f5jEx6cSK2MArmi2kWukQUkFNW":{"chainKey":{"counter":0},"chainType":2,"messageKeys":{}},"BZPO8i/+WkQPD0gutYEz5hp77vWK7ygfw8bTJEV8nW0y":{"chainKey":{"counter":10},"chainType":2,"messageKeys":{"0":"sLSuPtwLRSM+ZWqyDDdonqaeqw14soFK19dhq6rR6mI="}},"BWxA1N7h1oH/6YHbG4qNAdudt19iC0r4BiySvyDgUXgh":{"chainKey":{"counter":5,"key":"bEVi+RU8u813oroSBX9SkJkTs1ckxdvK3aYhqF2gwYQ="},"chainType":2,"messageKeys":{}},"BclMM1lOWq9cQs16gx4zOax68hdTSPp3bTskJVkBS0FN":{"chainKey":{"counter":0,"key":"rblMOZnGY7lM2zN23l0LYZD4Ql+fGOqFEVximWBfXX4="},"chainType":1,"messageKeys":{}}}}},"version":"v1"}