{"_sessions":{"BUSP36120yaLhBciWjcuLxnGtpiDZLrh8EAdGnBKy2gA":{"registrationId":999,"currentRatchet":{"ephemeralKeyPair":{"pubKey":"BZKzIiGmTLc4rQgRXgZlDUSwDp85GO8/mCNAKnHFT3wM","privKey":"GB/p45JuxIUrI0TgTCYHwPzwW/dunpQ4LOoBZHB1I14="},"lastRemoteEphemeralKey":"BXE5ZOYMHO3W2xCDVg0G276mXF0AkR0Fxzrs+UWJksk2","previousCounter":0,"rootKey":"jnVHaFnj81p/WrQhNKgGpjxDs2W4cgWmpZ7vB5IDI20="},"indexInfo":{"baseKey":"BUSP36120yaLhBciWjcuLxnGtpiDZLrh8EAdGnBKy2gA","baseKeyType":1,"closed":1742840809313,"used":1742840797369,"created":1742840797369,"remoteIdentityKey":"Bb+TqSJiLVYaMCOlXQhLM1uVU2RvnsmkYR95KoZgrL9s"},"_chains":{"BZKzIiGmTLc4rQgRXgZlDUSwDp85GO8/mCNAKnHFT3wM":{"chainKey":{"counter":0,"key":"/MZR1UGiYQeOCMkJtSY0iHe4p+4b2T4NcpoQgjrhTyw="},"chainType":1,"messageKeys":{}}},"pendingPreKey":{"signedKeyId":1,"baseKey":"BUSP36120yaLhBciWjcuLxnGtpiDZLrh8EAdGnBKy2gA"}},"BWydEo43ctbTbd/T9y8iX116vjt8SpIr7zK48D/wZxNo":{"registrationId":999,"currentRatchet":{"ephemeralKeyPair":{"pubKey":"BeDSWJ+W6WC5pzdgdTSqIp0+0Hv9tC/Cn37hTlal2Vkb","privKey":"UL/ZoccAU9k2sx8+bW6Fa/kPtxeHk/5h7LUr1fXp3ng="},"lastRemoteEphemeralKey":"BXE5ZOYMHO3W2xCDVg0G276mXF0AkR0Fxzrs+UWJksk2","previousCounter":0,"rootKey":"Oqweshf3l3yUi2N+M8HDbz+l0JMBUfd60OEteSHzeAA="},"indexInfo":{"baseKey":"BWydEo43ctbTbd/T9y8iX116vjt8SpIr7zK48D/wZxNo","baseKeyType":1,"closed":-1,"used":1742840808430,"created":1742840808430,"remoteIdentityKey":"Bb+TqSJiLVYaMCOlXQhLM1uVU2RvnsmkYR95KoZgrL9s"},"_chains":{"BeDSWJ+W6WC5pzdgdTSqIp0+0Hv9tC/Cn37hTlal2Vkb":{"chainKey":{"counter":1,"key":"i9E0DeUx81KNKyqrVlOOC7YQzj214E2Enc37FxUp24M="},"chainType":1,"messageKeys":{}}},"pendingPreKey":{"signedKeyId":1,"baseKey":"BWydEo43ctbTbd/T9y8iX116vjt8SpIr7zK48D/wZxNo"}}},"version":"v1"}