{"_sessions":{"BYwfRGtkQu4VcUeUuzDtZvnFhCn0dbSjALTxC8XLaFUe":{"registrationId":917044700,"currentRatchet":{"ephemeralKeyPair":{"pubKey":"BatXtM3fkss4LA2iLnnKW2/ODGCFBMql+xsuheAgIwAL","privKey":"kNrZEM7BZAwsKf9NrPHU6ZSqH/QXbMBZAXnDUZDv5nw="},"lastRemoteEphemeralKey":"BZZaUk+LJolwaKbFO4MqNPsT+FjQnZeXlzS8+xq7mYp5","previousCounter":0,"rootKey":"xuH17Yojfkmi9MvmTRTnqqyh8wFQ8GucwIFdqT8SquQ="},"indexInfo":{"baseKey":"BYwfRGtkQu4VcUeUuzDtZvnFhCn0dbSjALTxC8XLaFUe","baseKeyType":1,"closed":1742840812237,"used":1742840799508,"created":1742840799508,"remoteIdentityKey":"BYeuMf+fuNtSoZu1i2lzCFe/VLp4eea07bl/AuuLLGo2"},"_chains":{"BatXtM3fkss4LA2iLnnKW2/ODGCFBMql+xsuheAgIwAL":{"chainKey":{"counter":0,"key":"pnHhh1OKxdZvRSNK0Lt4wP+Hh0uZQqvTCdO7Ja9KFtw="},"chainType":1,"messageKeys":{}}},"pendingPreKey":{"signedKeyId":18,"baseKey":"BYwfRGtkQu4VcUeUuzDtZvnFhCn0dbSjALTxC8XLaFUe","preKeyId":14740842}},"BbjuR2v8QOwBUGbYjGeP1L+sY4roKT5vETFvdXnLeZ9B":{"registrationId":917044700,"currentRatchet":{"ephemeralKeyPair":{"pubKey":"Ba86N7h7uGCGLKw1d+b15709Gm1FeTlPCYCDJmA9VZ82","privKey":"mKQhFZtlbRa+jdPL2RJvz2jDwZiUCpL9SgCa8SxNv3o="},"lastRemoteEphemeralKey":"BZZaUk+LJolwaKbFO4MqNPsT+FjQnZeXlzS8+xq7mYp5","previousCounter":0,"rootKey":"Jn22WGQ9+/qQxv5xtl8P67EYviIbQm79lt2UbZ+IFyE="},"indexInfo":{"baseKey":"BbjuR2v8QOwBUGbYjGeP1L+sY4roKT5vETFvdXnLeZ9B","baseKeyType":1,"closed":1742840828569,"used":1742840811438,"created":1742840811438,"remoteIdentityKey":"BYeuMf+fuNtSoZu1i2lzCFe/VLp4eea07bl/AuuLLGo2"},"_chains":{"Ba86N7h7uGCGLKw1d+b15709Gm1FeTlPCYCDJmA9VZ82":{"chainKey":{"counter":0,"key":"3aAxvobAPavjhM12b8ivZBqsHDYdl1MR0tkAbuQd/U0="},"chainType":1,"messageKeys":{}}},"pendingPreKey":{"signedKeyId":18,"baseKey":"BbjuR2v8QOwBUGbYjGeP1L+sY4roKT5vETFvdXnLeZ9B","preKeyId":14740816}},"Bf2SmFamaqcdKcm0hQco07AIAT4MJgMT70zC+1CrQRRK":{"registrationId":917044700,"currentRatchet":{"ephemeralKeyPair":{"pubKey":"Bep7OUS70KP4ESuw8kLv1sjfelDshmWMu7UF9O954k1I","privKey":"aJUjXY/IJTtrzkhvYmfRcqqnpkQpnAsBp+FiHAtvSWg="},"lastRemoteEphemeralKey":"BZZaUk+LJolwaKbFO4MqNPsT+FjQnZeXlzS8+xq7mYp5","previousCounter":0,"rootKey":"+jefrUgEklnYvJURNx9WifG/LsHrAJfpVZBQce5nD80="},"indexInfo":{"baseKey":"Bf2SmFamaqcdKcm0hQco07AIAT4MJgMT70zC+1CrQRRK","baseKeyType":1,"closed":-1,"used":1742840828086,"created":1742840828086,"remoteIdentityKey":"BYeuMf+fuNtSoZu1i2lzCFe/VLp4eea07bl/AuuLLGo2"},"_chains":{"Bep7OUS70KP4ESuw8kLv1sjfelDshmWMu7UF9O954k1I":{"chainKey":{"counter":6,"key":"dIGzHcn2AGDJ8qcbq/bM6q3inHmC9BY8tquSuOEkBPY="},"chainType":1,"messageKeys":{}}},"pendingPreKey":{"signedKeyId":18,"baseKey":"Bf2SmFamaqcdKcm0hQco07AIAT4MJgMT70zC+1CrQRRK","preKeyId":14741033}}},"version":"v1"}