{"_sessions":{"BfIknGDbOAI/KNwKfOFRt81F43VHv+UWaC2ugzMpgtVO":{"registrationId":778587202,"currentRatchet":{"ephemeralKeyPair":{"pubKey":"BWbzOq36pWTvkZZjcVEPrQQWMWDS20UliT116Blnaj14","privKey":"kFgCgySPOZN326WNJjX1C1AAINJmzBHf+d18pyb8qGk="},"lastRemoteEphemeralKey":"BTGO1i9Y+B/cu2f+ecw2f36YmMbkfwwna3XORhhPq/IZ","previousCounter":0,"rootKey":"Hwbk6vGRTfwiRaWVElucfVBnwj22WD9DboIfqOq4TYw="},"indexInfo":{"baseKey":"BfIknGDbOAI/KNwKfOFRt81F43VHv+UWaC2ugzMpgtVO","baseKeyType":1,"closed":-1,"used":1742842583538,"created":1742842583538,"remoteIdentityKey":"BTg+x+wyOAga8hO38L1C5H0HKkTSS3Rp6lzOVKAgb7Bo"},"_chains":{"BWbzOq36pWTvkZZjcVEPrQQWMWDS20UliT116Blnaj14":{"chainKey":{"counter":0,"key":"Cmg2qathQu2GQ9fMs8jDCEE/vo5cfoMKIq2Gc5DBED4="},"chainType":1,"messageKeys":{}}},"pendingPreKey":{"signedKeyId":14,"baseKey":"BfIknGDbOAI/KNwKfOFRt81F43VHv+UWaC2ugzMpgtVO","preKeyId":3088582}}},"version":"v1"}