{"_sessions":{"BdMnaWWC2CdnGqFoz8MVOOsTu5YoHUNcpqdXpc0kcRAg":{"registrationId":11468,"currentRatchet":{"ephemeralKeyPair":{"pubKey":"BUkSPp/f5qPaYqCqe/zcfd1m/cnOF40MeESZ5hYLiS5y","privKey":"2OUHVm1UcjAsnhwl1vkhV8G7ayOWajTezFtsJ0tsfWE="},"lastRemoteEphemeralKey":"BZONp8PQMvyDvzcoij5cYWQgF7nGTBjYgPLf8cGP4qgv","previousCounter":0,"rootKey":"zZu8BBRNhJSQuiTSXbsMT4gylLJJHriefo9vOV3SYDY="},"indexInfo":{"baseKey":"BdMnaWWC2CdnGqFoz8MVOOsTu5YoHUNcpqdXpc0kcRAg","baseKeyType":1,"closed":-1,"used":1742840822702,"created":1742840822702,"remoteIdentityKey":"BZPXMhd4Rj/7cGD1li/yhuSWr+7qt9dLtvmxsPtK2CFv"},"_chains":{"BUkSPp/f5qPaYqCqe/zcfd1m/cnOF40MeESZ5hYLiS5y":{"chainKey":{"counter":5,"key":"I/l4l+8PtEk09V/UI5gPMH4STcjISZY/usEpRLbb5Nc="},"chainType":1,"messageKeys":{}}},"pendingPreKey":{"signedKeyId":1,"baseKey":"BdMnaWWC2CdnGqFoz8MVOOsTu5YoHUNcpqdXpc0kcRAg","preKeyId":248}}},"version":"v1"}