{"_sessions":{"BZEArdCCcw5jKzxEPA8z16L/H+X1hkuTcFTQ0JfiVr87":{"registrationId":2664,"currentRatchet":{"ephemeralKeyPair":{"pubKey":"BdOsI0qvirvpK71Uh88FV8AuDJh5zfe5hFSs8vo6GLYq","privKey":"8COE/fgcAdOYHUVlzaTKAq+0SrLxz21nu4trbewE40M="},"lastRemoteEphemeralKey":"BeBRjlEnGv51TGs9mmvjg5A20h169umA4grAEeoU9jgv","previousCounter":0,"rootKey":"Bwl4q6RUAh+A9H13TTGSvk4CuJMnOS18a1oEuLyQUQY="},"indexInfo":{"baseKey":"BZEArdCCcw5jKzxEPA8z16L/H+X1hkuTcFTQ0JfiVr87","baseKeyType":1,"closed":-1,"used":1742840851816,"created":1742840851816,"remoteIdentityKey":"BSycYJ+PCweLvvV5cbVFp/eSx1UwX7obPwUJsUeZnyhr"},"_chains":{"BdOsI0qvirvpK71Uh88FV8AuDJh5zfe5hFSs8vo6GLYq":{"chainKey":{"counter":0,"key":"mT9daUUXYhj4Pez5GeFommitseB1+wQP5otTl8QhAtA="},"chainType":1,"messageKeys":{}}},"pendingPreKey":{"signedKeyId":2,"baseKey":"BZEArdCCcw5jKzxEPA8z16L/H+X1hkuTcFTQ0JfiVr87"}}},"version":"v1"}