{"_sessions":{"Bew+zUg0k8uanWdNd8fL0yH64LdBkAS159vyghtyAPh+":{"registrationId":376721692,"currentRatchet":{"ephemeralKeyPair":{"pubKey":"BbrGIOggUDgwUuP+hmDKTij7UoE2Yg21ALqnVQyHeyN4","privKey":"ENPA0K1Ld3RAvamUckEyCAxTiCCJHZyhL1xpa7jAD0Q="},"lastRemoteEphemeralKey":"BYnG/5Y/oqI+9Xeu9rNh/bk9yzp8qrgGgKRXJeMiQfp4","previousCounter":2,"rootKey":"K9fy1H8QXfoe5KcDg745aZpWRkCH7xEMePPVqZ+tjJ0="},"indexInfo":{"baseKey":"Bew+zUg0k8uanWdNd8fL0yH64LdBkAS159vyghtyAPh+","baseKeyType":1,"closed":-1,"used":1742910582380,"created":1742840854538,"remoteIdentityKey":"BfivtVCnxZvd/RWwCn1x7ddegUa++4u4aMyrp51hlIAF"},"_chains":{"BYnG/5Y/oqI+9Xeu9rNh/bk9yzp8qrgGgKRXJeMiQfp4":{"chainKey":{"counter":0,"key":"volL8VB8S8Pc6P++bzGjgXYbFxj83Noze+6P9koOD90="},"chainType":2,"messageKeys":{}},"BbrGIOggUDgwUuP+hmDKTij7UoE2Yg21ALqnVQyHeyN4":{"chainKey":{"counter":-1,"key":"1UqROIB4g8Qko0i+qFd6En4kDXiLsK4cMJW3XqsJtRw="},"chainType":1,"messageKeys":{}}}}},"version":"v1"}