{"_sessions":{"BUHZ8dkmsKlqZ1Tacv9ZlH4dJ8rlhWpdeaMwTIV4/ANV":{"registrationId":385806917,"currentRatchet":{"ephemeralKeyPair":{"pubKey":"BQgYF68xs2o1SFo5uJeTf0DsPR/8fuvI3pEBQJ38emoF","privKey":"6Hms5IQqFCvXGZPPqJGKD4FaJT3zIa1265oIWFuCEmU="},"lastRemoteEphemeralKey":"BVqiyBC73dDG+QOxyOru6R717wPV3pDTjoh/fESI73x1","previousCounter":0,"rootKey":"xP0hJxstnehwSjMcLCVqn34N1sGc3fr0G8mI6hoHTl4="},"indexInfo":{"baseKey":"BUHZ8dkmsKlqZ1Tacv9ZlH4dJ8rlhWpdeaMwTIV4/ANV","baseKeyType":1,"closed":-1,"used":1742840828033,"created":1742840828033,"remoteIdentityKey":"BZbPRmEoEDsJVeCM4ct38y9RFcmB9y9msC+12qgaeTYZ"},"_chains":{"BQgYF68xs2o1SFo5uJeTf0DsPR/8fuvI3pEBQJ38emoF":{"chainKey":{"counter":0,"key":"WjyDMHheDf00d+xjHjAagkQBDhV1hYrNyadSRJxwxEw="},"chainType":1,"messageKeys":{}}},"pendingPreKey":{"signedKeyId":4,"baseKey":"BUHZ8dkmsKlqZ1Tacv9ZlH4dJ8rlhWpdeaMwTIV4/ANV","preKeyId":8310698}}},"version":"v1"}