{"_sessions":{"BZ9XZnqUoYQRf+k+Q8HM05VDo1ExGcXDjf9NTdLmMrFv":{"registrationId":1309052208,"currentRatchet":{"ephemeralKeyPair":{"pubKey":"BZj2Bc+UXA3XzoUGWXclzBXGWNgwRHorAK0OLMXo0iEm","privKey":"KPJK7XwFoMBM3vKS8pYjtKXb1zooqhQ4MIt/0XrmoXE="},"lastRemoteEphemeralKey":"BQyWbTvHvaDSEgWMS5C1Kwbi+t56GRjCyua69Nr5mpxW","previousCounter":0,"rootKey":"GR4w+HmpZR6PkqZZHt38fVdgUDwk0ik+wOqlGOEX1zI="},"indexInfo":{"baseKey":"BZ9XZnqUoYQRf+k+Q8HM05VDo1ExGcXDjf9NTdLmMrFv","baseKeyType":1,"closed":-1,"used":1742840828139,"created":1742840828139,"remoteIdentityKey":"BZMDuLhQr9igZKWo0GZckKk5wHfrALWOxwrIo1JTV+QG"},"_chains":{"BZj2Bc+UXA3XzoUGWXclzBXGWNgwRHorAK0OLMXo0iEm":{"chainKey":{"counter":6,"key":"6TRO3P9U5y5uBaFBBcDp/Jn9PVFFePBMLbnhl+oT9mg="},"chainType":1,"messageKeys":{}}},"pendingPreKey":{"signedKeyId":2,"baseKey":"BZ9XZnqUoYQRf+k+Q8HM05VDo1ExGcXDjf9NTdLmMrFv","preKeyId":1725716}}},"version":"v1"}