{"_sessions":{"BS3QqyB0vhEyjN6/W9coa2gZgj8JLywHYhoKJ+EmmupB":{"registrationId":1639462662,"currentRatchet":{"ephemeralKeyPair":{"pubKey":"BawCqlNfgMwYPRA4MVPex1LdpZ9TRS4tp599SnS4Egl8","privKey":"MEec6X4CIP/MvNw6/D2ttIBdabhOd51K14hRnXGCxlM="},"lastRemoteEphemeralKey":"BZ9rUdZGvXa9xb35z5OR20olSTYh4oeWCCQ7bM4CmAo0","previousCounter":0,"rootKey":"mwhi6CgHGTyuF/K5Det56FFNMxokWurelvZ1Gx1uedA="},"indexInfo":{"baseKey":"BS3QqyB0vhEyjN6/W9coa2gZgj8JLywHYhoKJ+EmmupB","baseKeyType":1,"closed":1742840812233,"used":1742840799500,"created":1742840799500,"remoteIdentityKey":"BWLYoyW+D2Hlj2UGH/pYDUs6DdYVDb6W0+fNNj9UWRsB"},"_chains":{"BawCqlNfgMwYPRA4MVPex1LdpZ9TRS4tp599SnS4Egl8":{"chainKey":{"counter":0,"key":"7xwkyj7wjy86mlzzlmwNuoWhTSUL0g8Xjkh+WUEZssE="},"chainType":1,"messageKeys":{}}},"pendingPreKey":{"signedKeyId":5,"baseKey":"BS3QqyB0vhEyjN6/W9coa2gZgj8JLywHYhoKJ+EmmupB","preKeyId":3902666}},"BdY7l5xWXCKfeFid3ytwsxsyoqX2rVtTS3lykDJOQyZW":{"registrationId":1639462662,"currentRatchet":{"ephemeralKeyPair":{"pubKey":"BcZEIv4sP9SX+gWbBSe1rMHB7poTf1OCW2ODm3Mhc9E2","privKey":"IHf5THjeoMgvTkTxjZEPxGNEMjEEyJr3oGRaKrBX1VE="},"lastRemoteEphemeralKey":"BZ9rUdZGvXa9xb35z5OR20olSTYh4oeWCCQ7bM4CmAo0","previousCounter":0,"rootKey":"Cikds/iFKIHI38/16oYssV/gX4JCnEprsTGW/u3t1vI="},"indexInfo":{"baseKey":"BdY7l5xWXCKfeFid3ytwsxsyoqX2rVtTS3lykDJOQyZW","baseKeyType":1,"closed":1742840828567,"used":1742840811430,"created":1742840811430,"remoteIdentityKey":"BWLYoyW+D2Hlj2UGH/pYDUs6DdYVDb6W0+fNNj9UWRsB"},"_chains":{"BcZEIv4sP9SX+gWbBSe1rMHB7poTf1OCW2ODm3Mhc9E2":{"chainKey":{"counter":0,"key":"04gUcwm1IzgbMpHIz2N69/XKo8QGeaYdQzTa7n5Rtko="},"chainType":1,"messageKeys":{}}},"pendingPreKey":{"signedKeyId":5,"baseKey":"BdY7l5xWXCKfeFid3ytwsxsyoqX2rVtTS3lykDJOQyZW","preKeyId":3902989}},"BSZoS1tvuD7J8g7pR8yQqimrgMRke4rx43tkOKKIPPgM":{"registrationId":1639462662,"currentRatchet":{"ephemeralKeyPair":{"pubKey":"BcyVJRAEUDygwA4okOz/nEqKVuasN2a5fpdRLRzlObNi","privKey":"mD4sOwzrfVZ+mTibgam1stl0DX3XoIkil8yyU69qGEg="},"lastRemoteEphemeralKey":"BZ9rUdZGvXa9xb35z5OR20olSTYh4oeWCCQ7bM4CmAo0","previousCounter":0,"rootKey":"7einQPa9zeJKjUKKRoR3sTDMvEQyFtLvYS/MpDoVFVo="},"indexInfo":{"baseKey":"BSZoS1tvuD7J8g7pR8yQqimrgMRke4rx43tkOKKIPPgM","baseKeyType":1,"closed":-1,"used":1742840828068,"created":1742840828068,"remoteIdentityKey":"BWLYoyW+D2Hlj2UGH/pYDUs6DdYVDb6W0+fNNj9UWRsB"},"_chains":{"BcyVJRAEUDygwA4okOz/nEqKVuasN2a5fpdRLRzlObNi":{"chainKey":{"counter":6,"key":"7VevSM2tdqCibbQ62JQW8xnmQ4z6lUlD6cvgMAhXqlc="},"chainType":1,"messageKeys":{}}},"pendingPreKey":{"signedKeyId":5,"baseKey":"BSZoS1tvuD7J8g7pR8yQqimrgMRke4rx43tkOKKIPPgM","preKeyId":3902993}}},"version":"v1"}