{"_sessions":{"BWbkdpZ9XkPpxhiGyzTtqLWPtqB89Sc4QoPQZeefi81B":{"registrationId":1635173179,"currentRatchet":{"ephemeralKeyPair":{"pubKey":"BUBmTg9C7M3ng2ABS+Hc3ihntE5oTCxZ+vLlPICKDKgO","privKey":"0HKxWZOO7TbWOGmOlFLl5tUv9JtwFl8/DdLl74wKnkQ="},"lastRemoteEphemeralKey":"BUR/tqnzlUwG3BcogGh4XJMkK9Evq1yuTXELDjBSploD","previousCounter":0,"rootKey":"Ho3TMlauJv6O2INPYniWDK7nlojgIJop5wraqY0LP10="},"indexInfo":{"baseKey":"BWbkdpZ9XkPpxhiGyzTtqLWPtqB89Sc4QoPQZeefi81B","baseKeyType":1,"closed":-1,"used":1742842583546,"created":1742842583546,"remoteIdentityKey":"BVEPCmZGYNaCq0Q8oUfqpiP06aKZ6uYvxp7ErOuSMHt2"},"_chains":{"BUBmTg9C7M3ng2ABS+Hc3ihntE5oTCxZ+vLlPICKDKgO":{"chainKey":{"counter":0,"key":"er3n3YsDBVsFabMB4uI6dwtpNJZEXmHxYqZT7ywF0bQ="},"chainType":1,"messageKeys":{}}},"pendingPreKey":{"signedKeyId":15,"baseKey":"BWbkdpZ9XkPpxhiGyzTtqLWPtqB89Sc4QoPQZeefi81B","preKeyId":12141554}}},"version":"v1"}