{"_sessions":{"BTIudgOubrTI2YBsFM25KJbLK9L/V8V82Ys+MPwq9jkD":{"registrationId":1098384937,"currentRatchet":{"ephemeralKeyPair":{"pubKey":"Bbzl27mfi7R7Qk5j6nYxIOKZsMjNt+9p0ELNLhzcI194","privKey":"2L404JZblKEJhRU71iMaA0U4eAoEEa6qnu0JzbYyRHE="},"lastRemoteEphemeralKey":"BbJwZ6EAUTbZUsud+Udl4Jc+Vm1KCrTsJ3C6j5YWNhRY","previousCounter":0,"rootKey":"A2aRXmoLg7YXSWCFrEWCNOk2aJxUwZ7AVOJknayzKOE="},"indexInfo":{"baseKey":"BTIudgOubrTI2YBsFM25KJbLK9L/V8V82Ys+MPwq9jkD","baseKeyType":1,"closed":-1,"used":1742840851910,"created":1742840851910,"remoteIdentityKey":"BT+NODwjh0jntoijBItwVaJQoiYkIGU+9VmF8JS5RxZP"},"_chains":{"Bbzl27mfi7R7Qk5j6nYxIOKZsMjNt+9p0ELNLhzcI194":{"chainKey":{"counter":0,"key":"aUz4qB2hhEFFpBDG4AMYUdSKgjI82XgeZb17hBNz6T4="},"chainType":1,"messageKeys":{}}},"pendingPreKey":{"signedKeyId":2,"baseKey":"BTIudgOubrTI2YBsFM25KJbLK9L/V8V82Ys+MPwq9jkD","preKeyId":10674148}}},"version":"v1"}