{"_sessions":{"BR8K1PheoCkrURzttYIJ0ndUshaohLPHAsdM6s7mUbFQ":{"registrationId":1216076155,"currentRatchet":{"ephemeralKeyPair":{"pubKey":"BbJ/DHVxJyjZP+QrSt+gVyZMf4KV3hDTmomQ0XTWf5Ec","privKey":"2IGRNEI0w9roHxH3ozXyFKe7S2YJD1qwXz2OTW9C7WE="},"lastRemoteEphemeralKey":"BQxbjWN2XGxfF11sTg/Hsl4oOqEMD7P5J4vcQ/1FsJIU","previousCounter":0,"rootKey":"5Ae65uMLiA4zfcP8POtppHdgEQUCKSxpEHBzE+LW1jI="},"indexInfo":{"baseKey":"BR8K1PheoCkrURzttYIJ0ndUshaohLPHAsdM6s7mUbFQ","baseKeyType":1,"closed":-1,"used":1742842541422,"created":1742842541422,"remoteIdentityKey":"BShNJd8JRn3vJjkGtTo+9sO8wReLixWawmtsWmflHoMz"},"_chains":{"BbJ/DHVxJyjZP+QrSt+gVyZMf4KV3hDTmomQ0XTWf5Ec":{"chainKey":{"counter":1,"key":"2oRyAWOS6afPqVQCQ431sruiefuKO8UbuX6A/8PS4zg="},"chainType":1,"messageKeys":{}}},"pendingPreKey":{"signedKeyId":0,"baseKey":"BR8K1PheoCkrURzttYIJ0ndUshaohLPHAsdM6s7mUbFQ","preKeyId":2024094}}},"version":"v1"}