{"_sessions":{"Ba2ulpAzBF6EMdNP57Vo0DvGO8r4InHtKV9kJBiNkxZA":{"registrationId":529453325,"currentRatchet":{"ephemeralKeyPair":{"pubKey":"BfyVsZc+11kKE04xvjwWd0wTicRKMIIEl9ZtjFK/bw9G","privKey":"oHENeQkWHJEfACuS7PD6Wg+9Q9+eMUhijVCOQMhQE1s="},"lastRemoteEphemeralKey":"BcUhykqNQV1cxHBDmuncN66kfLes0gKZ9DEagm9W+VEx","previousCounter":0,"rootKey":"j2fKdk7kbp2dtidhRsvsVXW7vLbTq9gNIQqsCVPHcnI="},"indexInfo":{"baseKey":"Ba2ulpAzBF6EMdNP57Vo0DvGO8r4InHtKV9kJBiNkxZA","baseKeyType":1,"closed":-1,"used":1742840825621,"created":1742840825621,"remoteIdentityKey":"BSnwskJELMY2qNtOr9fa/6GcDTJdY5BvFCiMiVno7f5/"},"_chains":{"BfyVsZc+11kKE04xvjwWd0wTicRKMIIEl9ZtjFK/bw9G":{"chainKey":{"counter":5,"key":"iLsgOgPacTcPxlsjjwCsTn+AX3ia7JCzmOYSyPWloaI="},"chainType":1,"messageKeys":{}}},"pendingPreKey":{"signedKeyId":16,"baseKey":"Ba2ulpAzBF6EMdNP57Vo0DvGO8r4InHtKV9kJBiNkxZA","preKeyId":1279087}}},"version":"v1"}