{"_sessions":{"Bbg1ciCrDq3PTg+n4mdc5S4FQWa/WHkrDq95vTint+ha":{"registrationId":111631376,"currentRatchet":{"ephemeralKeyPair":{"pubKey":"BT4wEJVNBHchy9h24PamNsmvrfO2+fFIW77gtH9JgXtR","privKey":"0IgTc1F0kpC9++Q5f4Yu6LKUVk3Wl+DWpWpb3BfLQnQ="},"lastRemoteEphemeralKey":"BY/NWk4fl3yKHJmjGA23bsP8VwDjk9uXDjke78W4WBhR","previousCounter":0,"rootKey":"aFSn4ejCrYsWpkBMnhIwDOE6IIUCiJ2RhLCTs0uJnwo="},"indexInfo":{"baseKey":"Bbg1ciCrDq3PTg+n4mdc5S4FQWa/WHkrDq95vTint+ha","baseKeyType":1,"closed":-1,"used":1742840851859,"created":1742840851859,"remoteIdentityKey":"BZ3CHyuwK1Wk97wqE++12S97Vp6YD6R6Za1NsU0Fn4xw"},"_chains":{"BT4wEJVNBHchy9h24PamNsmvrfO2+fFIW77gtH9JgXtR":{"chainKey":{"counter":1,"key":"/xXSRczbUieG1exU4hYnYRrfWnUvrmEFhyKEbeuUIe4="},"chainType":1,"messageKeys":{}}},"pendingPreKey":{"signedKeyId":106,"baseKey":"Bbg1ciCrDq3PTg+n4mdc5S4FQWa/WHkrDq95vTint+ha","preKeyId":7880862}}},"version":"v1"}