{"_sessions":{"BRCkgrj9Unu3R9LhNk4We94jJkuL58jbuH4Q2wy10FwP":{"registrationId":769482629,"currentRatchet":{"ephemeralKeyPair":{"pubKey":"Bc8AzZhNNICQr89zoK4FS9Yhki2Pi4QSq8bKhWlD19N9","privKey":"gOxYKZnYJejHG0g/eX6gU2vCiz5uPlH2RB6eddgbC28="},"lastRemoteEphemeralKey":"BWKeEafYSEVkmzjsMLVzFXqZwa2PZxiG0ghMLIcAcbEa","previousCounter":0,"rootKey":"tcD8+JVqM+ignDqtbzc1SO9dI1hhLtd4sPn11jG/qs0="},"indexInfo":{"baseKey":"BRCkgrj9Unu3R9LhNk4We94jJkuL58jbuH4Q2wy10FwP","baseKeyType":1,"closed":-1,"used":1742840822689,"created":1742840822689,"remoteIdentityKey":"BVPC4nZ/e4BHUivZn4/igcvZYmULMxc6TCz4dlkmKaZu"},"_chains":{"Bc8AzZhNNICQr89zoK4FS9Yhki2Pi4QSq8bKhWlD19N9":{"chainKey":{"counter":4,"key":"BewnfawBjVfFLnyoHJcRLuEZcMkUAcDU3TGoLE2i7oE="},"chainType":1,"messageKeys":{}}},"pendingPreKey":{"signedKeyId":12,"baseKey":"BRCkgrj9Unu3R9LhNk4We94jJkuL58jbuH4Q2wy10FwP","preKeyId":2146}}},"version":"v1"}