{"_sessions":{"BR5fKrefZYcgs+PBegler4IdzPMiKRpsIzpe1dueUVwA":{"registrationId":303817147,"currentRatchet":{"ephemeralKeyPair":{"pubKey":"BYaKaQfIbCgYyzlKAQjUei2P4fdxsn/0+CE3KUr+DZdx","privKey":"SCwwVnPmBvrjTUGFsl4onfRBv9b+WJpGuOYQw/rsE3M="},"lastRemoteEphemeralKey":"Bex7Oq8tvLYiEepLh7nl1X7TrcwiYzFZqL4LJCRqW+IA","previousCounter":0,"rootKey":"IjY76gK+HxIpbV191mxl7XrHVCHn0hvwSOSZDielAyw="},"indexInfo":{"baseKey":"BR5fKrefZYcgs+PBegler4IdzPMiKRpsIzpe1dueUVwA","baseKeyType":1,"closed":1742840809776,"used":1742840797759,"created":1742840797759,"remoteIdentityKey":"BVGME2uKi1J9cMhyEVlWedtyG4fizAW8mR9au708DxB2"},"_chains":{"BYaKaQfIbCgYyzlKAQjUei2P4fdxsn/0+CE3KUr+DZdx":{"chainKey":{"counter":0,"key":"1C/vHsPjSbQThJeYoFC6Qhvtrv/feEhWFAUzbaD+dZA="},"chainType":1,"messageKeys":{}}},"pendingPreKey":{"signedKeyId":1,"baseKey":"BR5fKrefZYcgs+PBegler4IdzPMiKRpsIzpe1dueUVwA","preKeyId":1842883}},"BWdBdgF1Y0VgcLOPFa9s2eLoafDwBzSvSGURONTKA9V3":{"registrationId":303817147,"currentRatchet":{"ephemeralKeyPair":{"pubKey":"BRDJvbiYi2+SCSPiOl3WKGtt29Au542Gz+ums6V3yjYI","privKey":"AP2DX+eXESHFtLxP52JkT3Cqn5IpLb4WyMjeujywEW4="},"lastRemoteEphemeralKey":"Bex7Oq8tvLYiEepLh7nl1X7TrcwiYzFZqL4LJCRqW+IA","previousCounter":0,"rootKey":"rhwFcQUEPNB9qZJZPIuhPB99b0CoDBXyZMb3z/ftGEk="},"indexInfo":{"baseKey":"BWdBdgF1Y0VgcLOPFa9s2eLoafDwBzSvSGURONTKA9V3","baseKeyType":1,"closed":1742840826010,"used":1742840808806,"created":1742840808806,"remoteIdentityKey":"BVGME2uKi1J9cMhyEVlWedtyG4fizAW8mR9au708DxB2"},"_chains":{"BRDJvbiYi2+SCSPiOl3WKGtt29Au542Gz+ums6V3yjYI":{"chainKey":{"counter":0,"key":"+t2ChblGenyuj5zLPdKwCFiSwzvVw6O1vdFg+z2pAQo="},"chainType":1,"messageKeys":{}}},"pendingPreKey":{"signedKeyId":1,"baseKey":"BWdBdgF1Y0VgcLOPFa9s2eLoafDwBzSvSGURONTKA9V3","preKeyId":1842797}},"BS5q4B1vZDWImCgiWhiVlOT2ddmtIddLF2D7XIyQkXx4":{"registrationId":303817147,"currentRatchet":{"ephemeralKeyPair":{"pubKey":"BQWRuIn+sLY8oLZJELBLuqjSkqY1yOdNuxRDADPFaZk4","privKey":"oI4IxMGFslU1MAfp2YOU9edtikNNw7LewFXRyFaMoUY="},"lastRemoteEphemeralKey":"Bex7Oq8tvLYiEepLh7nl1X7TrcwiYzFZqL4LJCRqW+IA","previousCounter":0,"rootKey":"g9pT1k/VpvokJ04gE+WhxjjrdkfWKENg6LzMPjo8TVg="},"indexInfo":{"baseKey":"BS5q4B1vZDWImCgiWhiVlOT2ddmtIddLF2D7XIyQkXx4","baseKeyType":1,"closed":-1,"used":1742840825585,"created":1742840825585,"remoteIdentityKey":"BVGME2uKi1J9cMhyEVlWedtyG4fizAW8mR9au708DxB2"},"_chains":{"BQWRuIn+sLY8oLZJELBLuqjSkqY1yOdNuxRDADPFaZk4":{"chainKey":{"counter":6,"key":"EYkMiGN3mzzBSMXu/AaTuFwuekOkw1Z13ZYxiV5d9fk="},"chainType":1,"messageKeys":{}}},"pendingPreKey":{"signedKeyId":1,"baseKey":"BS5q4B1vZDWImCgiWhiVlOT2ddmtIddLF2D7XIyQkXx4","preKeyId":1842141}}},"version":"v1"}