{"_sessions":{"BW4q8uTpPtAlvrHz43hgZZW9moa0Ox/agaziAXQ39bkL":{"registrationId":121354921,"currentRatchet":{"ephemeralKeyPair":{"pubKey":"BdjghmjHY44LKrsrx5MZbKjU609QON1uA86jo9j6AvEb","privKey":"QOTp67wZ/dfB4C5puPQC0TkkLEl9OjbcgHcvqblLDkQ="},"lastRemoteEphemeralKey":"BQX2PcBm43QL4dR3yAU7xhe7BNPSt64GHMB3I0nCNM9r","previousCounter":0,"rootKey":"tm2sDM4xp3A1g2hnX7nvD+Nw0dldPJIgFAf0Gh6oLdQ="},"indexInfo":{"baseKey":"BW4q8uTpPtAlvrHz43hgZZW9moa0Ox/agaziAXQ39bkL","baseKeyType":1,"closed":1742840809878,"used":1742840797852,"created":1742840797852,"remoteIdentityKey":"BWYd92PFQ2i+i5Z7P/oarJjJS3ZzQt+tPF2tXrpZ5Mhv"},"_chains":{"BdjghmjHY44LKrsrx5MZbKjU609QON1uA86jo9j6AvEb":{"chainKey":{"counter":0,"key":"BtDJBBQ3SeS45NPUFeWze87ngP9R9qWY+Hz+/IdkKks="},"chainType":1,"messageKeys":{}}},"pendingPreKey":{"signedKeyId":0,"baseKey":"BW4q8uTpPtAlvrHz43hgZZW9moa0Ox/agaziAXQ39bkL"}},"BVWOAxbJxwyp5dgLozlfMeS8TWRDf5uL0fTj+0WzomJg":{"registrationId":121354921,"currentRatchet":{"ephemeralKeyPair":{"pubKey":"BbbW6x2wh1APBS1Y308pt4HQhl1MCWFbGjOGZdRQ6UlL","privKey":"MOzOFXPyRfMkz4iaZPiX2fw9q99iK/lsDbZ0fYqCP0Q="},"lastRemoteEphemeralKey":"BQX2PcBm43QL4dR3yAU7xhe7BNPSt64GHMB3I0nCNM9r","previousCounter":0,"rootKey":"+YRIqGAAUMd8ALbSQ/gtkM2h7IraDJIoPKal1Ag8hVg="},"indexInfo":{"baseKey":"BVWOAxbJxwyp5dgLozlfMeS8TWRDf5uL0fTj+0WzomJg","baseKeyType":1,"closed":-1,"used":1742840808895,"created":1742840808895,"remoteIdentityKey":"BWYd92PFQ2i+i5Z7P/oarJjJS3ZzQt+tPF2tXrpZ5Mhv"},"_chains":{"BbbW6x2wh1APBS1Y308pt4HQhl1MCWFbGjOGZdRQ6UlL":{"chainKey":{"counter":1,"key":"9LNcvEgJLduaFnxdr5MHeKX3q+c56liEGr3yx8840Lc="},"chainType":1,"messageKeys":{}}},"pendingPreKey":{"signedKeyId":0,"baseKey":"BVWOAxbJxwyp5dgLozlfMeS8TWRDf5uL0fTj+0WzomJg"}}},"version":"v1"}