{"_sessions":{"BTFQTbHlqw66FSGDrLmYqoZr9jTNLgC6MiQUL+PcVIRo":{"registrationId":1506166731,"currentRatchet":{"ephemeralKeyPair":{"pubKey":"BXkoGE/S5Uhk6sCKzJrr5zF8AmkgVGT+2y2Wh8VPkUZT","privKey":"gFpRlc0yUKMjPsCW1yZ5Ven3MSMmZdVWBF8kQZgXc0o="},"lastRemoteEphemeralKey":"Bd/LvZ5oSQ33ZVs1PGvYnliLaXeG5C50o2wAPUrk8CtI","previousCounter":0,"rootKey":"81bLtrrSBqCCQsrUXoFL9bYFok6YJ2nGuoJZxNPsAAc="},"indexInfo":{"baseKey":"BTFQTbHlqw66FSGDrLmYqoZr9jTNLgC6MiQUL+PcVIRo","baseKeyType":1,"closed":-1,"used":1742840852120,"created":1742840852120,"remoteIdentityKey":"BZY5Fc4BY8gkTXNaT1cKQ6HZrDW2WIqt7OLjrljGXoII"},"_chains":{"BXkoGE/S5Uhk6sCKzJrr5zF8AmkgVGT+2y2Wh8VPkUZT":{"chainKey":{"counter":3,"key":"0laZ0VD2rQiuUIbkk8zGkBu4oc3A39PBMzRhpWZwDM4="},"chainType":1,"messageKeys":{}}},"pendingPreKey":{"signedKeyId":4,"baseKey":"BTFQTbHlqw66FSGDrLmYqoZr9jTNLgC6MiQUL+PcVIRo","preKeyId":8836279}}},"version":"v1"}