{"_sessions":{"BW5yI+xQjMnucsrzhGQUu3PogpvFZ0E+R7sNZ895RGNO":{"registrationId":1743415781,"currentRatchet":{"ephemeralKeyPair":{"pubKey":"BR7uKAEbhK7EBC+Hb7G1nZxNzhRLo07E5G+ejxek5kRx","privKey":"CDX1c+ZXZlW3w6uGCRZ3w9tQwawdRehAqad+VTHZU3U="},"lastRemoteEphemeralKey":"BQNVt1l96FGnAY0n/KFIoKHBPe+/lMwOeWc/vxkps7ZT","previousCounter":0,"rootKey":"ZKK81XmYDcuCGo7dRFCIZJAexRtqaEb10fyQnemHsaI="},"indexInfo":{"baseKey":"BW5yI+xQjMnucsrzhGQUu3PogpvFZ0E+R7sNZ895RGNO","baseKeyType":1,"closed":-1,"used":1742840827999,"created":1742840827999,"remoteIdentityKey":"BQXb1cDhEeHo7jcdARGreW8gP+JKphPOy17bT79EGZos"},"_chains":{"BR7uKAEbhK7EBC+Hb7G1nZxNzhRLo07E5G+ejxek5kRx":{"chainKey":{"counter":4,"key":"P4wTgSt80XZeuMbYWhXBh7uiFfHccKcGpV4Zh3LR3cY="},"chainType":1,"messageKeys":{}}},"pendingPreKey":{"signedKeyId":2,"baseKey":"BW5yI+xQjMnucsrzhGQUu3PogpvFZ0E+R7sNZ895RGNO","preKeyId":15430893}}},"version":"v1"}