{"_sessions":{"Be3Q/tlQ2UQAk8+panfydQ1sYgYBMAFZGoTZWbv7ZB4U":{"registrationId":2020502882,"currentRatchet":{"ephemeralKeyPair":{"pubKey":"BRdEXpOlKbrrUF8RZJTro/vmtIBx15CmoD4YxhXikv0G","privKey":"2AWWuK41IaWO3sRp/Sk3u6bwIjw9ht8EygK96ccey0I="},"lastRemoteEphemeralKey":"BeJnSedBdH24KPgd8K+hqs/VgZVQdzgBY3d5Pcf0Ypwg","previousCounter":0,"rootKey":"z/HcKDYocGNW1oXG7CVKcug9uS8bDdRGUDkCWuXg2yQ="},"indexInfo":{"baseKey":"Be3Q/tlQ2UQAk8+panfydQ1sYgYBMAFZGoTZWbv7ZB4U","baseKeyType":1,"closed":1742840812176,"used":1742840799448,"created":1742840799448,"remoteIdentityKey":"BWFj6Aq8MgRkhDrEFraG81VjE/mhzqVMzH3H/sr6Zp5l"},"_chains":{"BRdEXpOlKbrrUF8RZJTro/vmtIBx15CmoD4YxhXikv0G":{"chainKey":{"counter":0,"key":"1ag2a3mRIAAL5sG+fRx5qoksL7zisdNTgA0ovyVPVnc="},"chainType":1,"messageKeys":{}}},"pendingPreKey":{"signedKeyId":5,"baseKey":"Be3Q/tlQ2UQAk8+panfydQ1sYgYBMAFZGoTZWbv7ZB4U","preKeyId":975855}},"BS8B5Mhh6YTXU8xccM/FNW2IPmVdVkfK+el2dc83LgYl":{"registrationId":2020502882,"currentRatchet":{"ephemeralKeyPair":{"pubKey":"BReAxhTGor2SHy0eTYvXcVtI3oqY4GhuOi77uXzbAm0s","privKey":"sGH8uoWLe+Z0M28jg3BwstBEIdkLL3hnaYGUiYYd7XU="},"lastRemoteEphemeralKey":"BeJnSedBdH24KPgd8K+hqs/VgZVQdzgBY3d5Pcf0Ypwg","previousCounter":0,"rootKey":"W56FpCAz1Ekl+2z4NEclGW5tRRFvaG01xhq2Bw6tyAM="},"indexInfo":{"baseKey":"BS8B5Mhh6YTXU8xccM/FNW2IPmVdVkfK+el2dc83LgYl","baseKeyType":1,"closed":-1,"used":1742840811384,"created":1742840811384,"remoteIdentityKey":"BWFj6Aq8MgRkhDrEFraG81VjE/mhzqVMzH3H/sr6Zp5l"},"_chains":{"BReAxhTGor2SHy0eTYvXcVtI3oqY4GhuOi77uXzbAm0s":{"chainKey":{"counter":1,"key":"aE5v6IOMjsyqKE64Y2y68EwwCgxpoZmSE3ZHJ7cmTGs="},"chainType":1,"messageKeys":{}}},"pendingPreKey":{"signedKeyId":5,"baseKey":"BS8B5Mhh6YTXU8xccM/FNW2IPmVdVkfK+el2dc83LgYl","preKeyId":975816}}},"version":"v1"}