{"_sessions":{"BZVbdgStqNn79gs4mPImxrmPydAwpMMm++SLPvoREL9b":{"registrationId":1781538893,"currentRatchet":{"ephemeralKeyPair":{"pubKey":"BYtqY5KFQyfVl3gMBccwVkjMgW9HSWyrSk0mPNsMmGkc","privKey":"uCySDCXZdKX4oTzin197zggtixbue0Rs2V9tlYDw63k="},"lastRemoteEphemeralKey":"BZeeMUJU0BfQ1C+FVpIIkGlVQaT9yiaOON89bNMcrKJQ","previousCounter":0,"rootKey":"xUAfdpu0y/YkC0p3McNizVJHv2LLtVWQfgcnMH1/SbM="},"indexInfo":{"baseKey":"BZVbdgStqNn79gs4mPImxrmPydAwpMMm++SLPvoREL9b","baseKeyType":1,"closed":-1,"used":1742840830221,"created":1742840830221,"remoteIdentityKey":"BVglp1Ec8uBPPmmOxkD5CutzdCYvFurX2B6BmFHdWf5k"},"_chains":{"BYtqY5KFQyfVl3gMBccwVkjMgW9HSWyrSk0mPNsMmGkc":{"chainKey":{"counter":7,"key":"iH9wTikFQVUe3I8dRU/k9x8+dfPxdE0vXJjBJ+EDWcM="},"chainType":1,"messageKeys":{}}},"pendingPreKey":{"signedKeyId":3,"baseKey":"BZVbdgStqNn79gs4mPImxrmPydAwpMMm++SLPvoREL9b","preKeyId":16423129}}},"version":"v1"}