{"_sessions":{"BffO/LBnvRt/Dqr1ynBveavt/kuoyyl7pVqfnlkkBvFt":{"registrationId":8369,"currentRatchet":{"ephemeralKeyPair":{"pubKey":"BetquyIEE7IIVABtzn+Gn1QIHW3dPHllCzZfRMmlojs1","privKey":"qPKfR3+RCZzEh1iZgQ/ppKIUsZaaEocZ2OgcQaLUnVE="},"lastRemoteEphemeralKey":"BbnGAcmvfqgvtenghBwvqI60uPSq7D3HOZOMSMnUFoYM","previousCounter":0,"rootKey":"5VjlOUlEEYH2Y1RW2BX61jCp84U354hWXNWsSdTvvmY="},"indexInfo":{"baseKey":"BffO/LBnvRt/Dqr1ynBveavt/kuoyyl7pVqfnlkkBvFt","baseKeyType":1,"closed":-1,"used":1742840851822,"created":1742840851822,"remoteIdentityKey":"Be8ezNDKZGUPMLcmLF1UnF2Bwc/n6zVe91hWRmRbE0c0"},"_chains":{"BetquyIEE7IIVABtzn+Gn1QIHW3dPHllCzZfRMmlojs1":{"chainKey":{"counter":0,"key":"O1BKtgN89EMuHgPUghLqJcpVgmw+AKBcJE9e9vdviDg="},"chainType":1,"messageKeys":{}}},"pendingPreKey":{"signedKeyId":1,"baseKey":"BffO/LBnvRt/Dqr1ynBveavt/kuoyyl7pVqfnlkkBvFt"}}},"version":"v1"}