{"_sessions":{"BUMzlY4xHT+VgWBK0hmJ8wOt5VZkXoTsVXyvILMJIrIc":{"registrationId":1383367118,"currentRatchet":{"ephemeralKeyPair":{"pubKey":"BQ18mGOM3k/1KxNCil4mvvKI1SWsohIfVnNMaqKa8MN3","privKey":"aFoYEpdTCijxcO+daLp84SW2/B5SyVVk/7ZPBkhntEo="},"lastRemoteEphemeralKey":"BXF2LibJXd5b7KqJRRj32UzOICGuFC/PoiCICp8pxU4D","previousCounter":0,"rootKey":"GHn5Q0YLtI1zAkDHQIvRiWaAoadYNhZ/Iz5roY9hD0o="},"indexInfo":{"baseKey":"BUMzlY4xHT+VgWBK0hmJ8wOt5VZkXoTsVXyvILMJIrIc","baseKeyType":1,"closed":-1,"used":1742840828338,"created":1742840828338,"remoteIdentityKey":"BbLlyj9mGetL6xgncutPWq1jZzL2ywXccmwWHVrOpvw8"},"_chains":{"BQ18mGOM3k/1KxNCil4mvvKI1SWsohIfVnNMaqKa8MN3":{"chainKey":{"counter":6,"key":"/Qg42OHhFA6vj5VZnBqIHJ8ZY8SV7FwwOCoLovTBFuY="},"chainType":1,"messageKeys":{}}},"pendingPreKey":{"signedKeyId":4,"baseKey":"BUMzlY4xHT+VgWBK0hmJ8wOt5VZkXoTsVXyvILMJIrIc","preKeyId":11646296}}},"version":"v1"}