{"_sessions":{"BZWz9HeVUkDSvjdcjl2jqPX4uaDcBxSWCjHmvHj56iQD":{"registrationId":1170524557,"currentRatchet":{"ephemeralKeyPair":{"pubKey":"BenzZHc5EExyey6/fU+a17M12Fbj89CPbfUK3LiJhgRe","privKey":"8FBLrNFjx6Opqh6nBxnpjPxakFUtdEu8vCthZIWm1EI="},"lastRemoteEphemeralKey":"BRYrPmUA/x8LFQzzo6qMb+9tFIuqCSr7uSUifu+BkCFA","previousCounter":0,"rootKey":"8x/lPKNB5WOuf0QhDBuoLGIO7k7ZWqzDECBqFqi6mTg="},"indexInfo":{"baseKey":"BZWz9HeVUkDSvjdcjl2jqPX4uaDcBxSWCjHmvHj56iQD","baseKeyType":1,"closed":-1,"used":1742840825389,"created":1742840825389,"remoteIdentityKey":"BZHVaLrpSulvsesrPI0DAMNbCnhg34uFeI3FMHBdTTYg"},"_chains":{"BenzZHc5EExyey6/fU+a17M12Fbj89CPbfUK3LiJhgRe":{"chainKey":{"counter":0,"key":"oqlzPFPPF9ah2APatPLUHqwWoTozIWymMVnlAi2K9dQ="},"chainType":1,"messageKeys":{}}},"pendingPreKey":{"signedKeyId":13520507,"baseKey":"BZWz9HeVUkDSvjdcjl2jqPX4uaDcBxSWCjHmvHj56iQD","preKeyId":2237}}},"version":"v1"}