{"_sessions":{"BTvku3AplP4rex0WuEmIIv9uGhwSnTP8tCtMgr8WmY0X":{"registrationId":1722456018,"currentRatchet":{"ephemeralKeyPair":{"pubKey":"BR3Aa5kN5m/JCvVlcYNSvLfIYTbcEspxYlxbonisDYMY","privKey":"6DhcPjavJibhX8kGXul5odPtYEb2OZgn+w3MTihvS04="},"lastRemoteEphemeralKey":"Bfw94IQZ4HMtkNkGVmk7Ku2wKwv3ptWYmh9mvcbcLr5s","previousCounter":0,"rootKey":"iZR+8r+qG133XFbkDXeYjpBxrJCoITcbQ/YaCDMkLcM="},"indexInfo":{"baseKey":"BTvku3AplP4rex0WuEmIIv9uGhwSnTP8tCtMgr8WmY0X","baseKeyType":1,"closed":1742840812299,"used":1742840799562,"created":1742840799562,"remoteIdentityKey":"BSmHGhNJmxyfrTCVbhXoA0cS28hyEkJUwcG2eDFpTn4h"},"_chains":{"BR3Aa5kN5m/JCvVlcYNSvLfIYTbcEspxYlxbonisDYMY":{"chainKey":{"counter":0,"key":"JS/ZE7dWul/JqNzWnSwimp0JAZoXqovE46Lt3nnrrwQ="},"chainType":1,"messageKeys":{}}},"pendingPreKey":{"signedKeyId":7,"baseKey":"BTvku3AplP4rex0WuEmIIv9uGhwSnTP8tCtMgr8WmY0X","preKeyId":1806085}},"BdUUzXV5kdydbp9QHVnMz8lRfjBVKtOu/qSf9Z5WdctX":{"registrationId":1722456018,"currentRatchet":{"ephemeralKeyPair":{"pubKey":"BXpgRFnj3PegzfZslrau1TnQ5mQAS2+0pK7V2m0X1dAu","privKey":"CBuDIfbFiOuLTI0Aygjn7ewnPvWVUxLSKFdGRO3XFlM="},"lastRemoteEphemeralKey":"Bfw94IQZ4HMtkNkGVmk7Ku2wKwv3ptWYmh9mvcbcLr5s","previousCounter":0,"rootKey":"rl/fHzpIsPeiyTSly/NDqcJhpORdSJP9jDDD4V1z+qg="},"indexInfo":{"baseKey":"BdUUzXV5kdydbp9QHVnMz8lRfjBVKtOu/qSf9Z5WdctX","baseKeyType":1,"closed":1742840828603,"used":1742840811492,"created":1742840811492,"remoteIdentityKey":"BSmHGhNJmxyfrTCVbhXoA0cS28hyEkJUwcG2eDFpTn4h"},"_chains":{"BXpgRFnj3PegzfZslrau1TnQ5mQAS2+0pK7V2m0X1dAu":{"chainKey":{"counter":0,"key":"6VqLvk2dkcJ/nmzQoBeH91qwQH8IjyWE6mpxOw8JjDE="},"chainType":1,"messageKeys":{}}},"pendingPreKey":{"signedKeyId":7,"baseKey":"BdUUzXV5kdydbp9QHVnMz8lRfjBVKtOu/qSf9Z5WdctX","preKeyId":1805373}},"BWyByHorDfdQ4S9JtWzdboKOcyjMHNVXLDgNhKHdQ2QC":{"registrationId":1722456018,"currentRatchet":{"ephemeralKeyPair":{"pubKey":"Bah2Nq66vSaVdt0QS/F/NA5rl//ZnbeXrKAVlMbdNJ0R","privKey":"2KuXM3D42K88baNJon2Wg84FUZrEgfEcSLk4UnJ/Uns="},"lastRemoteEphemeralKey":"Bfw94IQZ4HMtkNkGVmk7Ku2wKwv3ptWYmh9mvcbcLr5s","previousCounter":0,"rootKey":"DOcuozrDUC7bavYBa6naN+e9XtEKjneMz9mKh4ygIDo="},"indexInfo":{"baseKey":"BWyByHorDfdQ4S9JtWzdboKOcyjMHNVXLDgNhKHdQ2QC","baseKeyType":1,"closed":-1,"used":1742840828284,"created":1742840828284,"remoteIdentityKey":"BSmHGhNJmxyfrTCVbhXoA0cS28hyEkJUwcG2eDFpTn4h"},"_chains":{"Bah2Nq66vSaVdt0QS/F/NA5rl//ZnbeXrKAVlMbdNJ0R":{"chainKey":{"counter":6,"key":"7QNfH29Q+oDRQK3KjfTIYiJ8RE8ENd7tczmcdQzIN/I="},"chainType":1,"messageKeys":{}}},"pendingPreKey":{"signedKeyId":7,"baseKey":"BWyByHorDfdQ4S9JtWzdboKOcyjMHNVXLDgNhKHdQ2QC","preKeyId":1805259}}},"version":"v1"}