{"_sessions":{"BdqDm5cZ7mQNywqnOuecltBiv9Qs++SWiuEbhtwg+mMH":{"registrationId":1520445663,"currentRatchet":{"ephemeralKeyPair":{"pubKey":"Bd9TMaFOvDv70vWT1wxboDqQIzSi6UOj0Y6EI714DBoP","privKey":"8K6krHiiFKGKYG6ArXuICASb31owBqmpXnfXRFru83M="},"lastRemoteEphemeralKey":"Be5CLOdbSkb65c6x1RJVSyHDLEBL6q0VQekzUPHjmrsf","previousCounter":0,"rootKey":"5baPy1RpKAQ1Appj0XeaqwPguy4ahNLaFtcLSHF339E="},"indexInfo":{"baseKey":"BdqDm5cZ7mQNywqnOuecltBiv9Qs++SWiuEbhtwg+mMH","baseKeyType":1,"closed":-1,"used":1742840827809,"created":1742840827809,"remoteIdentityKey":"BQgaM4Cz3wr2HZZTi9qzSpC8hBz0rbPETSGx8YsVKENz"},"_chains":{"Bd9TMaFOvDv70vWT1wxboDqQIzSi6UOj0Y6EI714DBoP":{"chainKey":{"counter":0,"key":"10USq3DnR4jMDLT8W7n1caauU1eTocm+Ie8t3Y4T+a0="},"chainType":1,"messageKeys":{}}},"pendingPreKey":{"signedKeyId":3,"baseKey":"BdqDm5cZ7mQNywqnOuecltBiv9Qs++SWiuEbhtwg+mMH","preKeyId":5936541}}},"version":"v1"}