{"_sessions":{"BUCUBpipeViwuSoDGwqbViRYzVau3c7MwJ0z5xhM/i90":{"registrationId":1503587935,"currentRatchet":{"ephemeralKeyPair":{"pubKey":"BexfMdu975WFWOrCToHvFy7TDAfFQeiTDAPSnwvZZkAU","privKey":"CJNpeh/RyJbbn0BbiAbVaqCv9x7scVz+TNP4BtTkcGs="},"lastRemoteEphemeralKey":"BeAa4IlOfmoxzqnqONwI5nHRUfWDkSX17TK8jToXoFZJ","previousCounter":0,"rootKey":"UQXxPNIZQiQ7mOUv+TAp08XvYBCXMBRW1Q0bMVgSNbg="},"indexInfo":{"baseKey":"BUCUBpipeViwuSoDGwqbViRYzVau3c7MwJ0z5xhM/i90","baseKeyType":1,"closed":-1,"used":1742840827790,"created":1742840827790,"remoteIdentityKey":"BaRt74q0pKzSR5uyQYhNqG+dqw8KZJpaeAnpitmcIm9k"},"_chains":{"BexfMdu975WFWOrCToHvFy7TDAfFQeiTDAPSnwvZZkAU":{"chainKey":{"counter":1,"key":"EIehBhbxJKw8UVaaGPsbgUH0JoPBCUP8YpnPLd/c600="},"chainType":1,"messageKeys":{}}},"pendingPreKey":{"signedKeyId":5,"baseKey":"BUCUBpipeViwuSoDGwqbViRYzVau3c7MwJ0z5xhM/i90","preKeyId":342590}}},"version":"v1"}