{"_sessions":{"BbHbPHZFUexsDG4I5PH/uzpY18XdM7mMSq978p/oWCgx":{"registrationId":639015780,"currentRatchet":{"ephemeralKeyPair":{"pubKey":"BS3PZBiWokFa280ICjCyKveQsJegQ+h3t2ZjuiG4Vnc6","privKey":"uIoCGeX2FcEjfKgbjP2vPZDwSUo+TgoQdmr4gGHB+no="},"lastRemoteEphemeralKey":"BV2AUzSiwHbJ9Ayf6RwL/ECBy254GrU0O0mvKIu7EZUk","previousCounter":0,"rootKey":"ADIHbqzDRz+Kq2gOBRoELxNiLe6PEVbxWiYXzNJ8AiI="},"indexInfo":{"baseKey":"BbHbPHZFUexsDG4I5PH/uzpY18XdM7mMSq978p/oWCgx","baseKeyType":1,"closed":-1,"used":1742840827837,"created":1742840827837,"remoteIdentityKey":"BQOEJoxIGMqnv2dlvC/+ihPwPkOIqhHiRr307DY7fGtD"},"_chains":{"BS3PZBiWokFa280ICjCyKveQsJegQ+h3t2ZjuiG4Vnc6":{"chainKey":{"counter":2,"key":"jbbYasgmelBw2eVEsvlkC1syzDZfIQB/rRp8IKLWRqg="},"chainType":1,"messageKeys":{}}},"pendingPreKey":{"signedKeyId":5,"baseKey":"BbHbPHZFUexsDG4I5PH/uzpY18XdM7mMSq978p/oWCgx","preKeyId":2014570}}},"version":"v1"}