{"_sessions":{"BRgrSjWw0OzS+EMrrYQ/742mWa1eWzrKoPqQd+KDlg0i":{"registrationId":2081658804,"currentRatchet":{"ephemeralKeyPair":{"pubKey":"BbhU0/bYgvCJJu6RAK8SMxvvQOh4XPW+KtLFi00r+dV6","privKey":"0ISxitpjvrpbuW0fzHZBhkpTP0BHwfqNH6AHw9qZb3g="},"lastRemoteEphemeralKey":"BYti2QCaEHGTUN0W3eKxPMb9SC7uFuli44jo1zbjZgZ/","previousCounter":0,"rootKey":"vwE5bZgzfp5sNJn7iDAebYaWvUJCIya5Z9v1jk25E+8="},"indexInfo":{"baseKey":"BRgrSjWw0OzS+EMrrYQ/742mWa1eWzrKoPqQd+KDlg0i","baseKeyType":1,"closed":1742840812135,"used":1742840799410,"created":1742840799410,"remoteIdentityKey":"BQ/knzx+li2xQzD2NuaqSbfwjP2ip33MfAi9IWIyBYIH"},"_chains":{"BbhU0/bYgvCJJu6RAK8SMxvvQOh4XPW+KtLFi00r+dV6":{"chainKey":{"counter":0,"key":"f/ZPlGjVmlYgxBuvHuZr/9bagEIMtSOcAg9zDdaj7QY="},"chainType":1,"messageKeys":{}}},"pendingPreKey":{"signedKeyId":17,"baseKey":"BRgrSjWw0OzS+EMrrYQ/742mWa1eWzrKoPqQd+KDlg0i","preKeyId":46880}},"BWg7Dra0pLmc4GVT3LyZu/9XR+uJkHKSCm8+KyB3prc3":{"registrationId":2081658804,"currentRatchet":{"ephemeralKeyPair":{"pubKey":"BXc/xA1ptrXT8TF4qR1eRcZcixI9Lb/7jNXrLOMlK7EI","privKey":"mE02ltX8TCPmfJvVpzZXyBzeZpN6hB7QOzEwVXbw7n0="},"lastRemoteEphemeralKey":"BYti2QCaEHGTUN0W3eKxPMb9SC7uFuli44jo1zbjZgZ/","previousCounter":0,"rootKey":"BPkNFw6TGp2TgCXpueysumhaEnYMjx5I6NyLz5sbOZE="},"indexInfo":{"baseKey":"BWg7Dra0pLmc4GVT3LyZu/9XR+uJkHKSCm8+KyB3prc3","baseKeyType":1,"closed":-1,"used":1742840811348,"created":1742840811348,"remoteIdentityKey":"BQ/knzx+li2xQzD2NuaqSbfwjP2ip33MfAi9IWIyBYIH"},"_chains":{"BXc/xA1ptrXT8TF4qR1eRcZcixI9Lb/7jNXrLOMlK7EI":{"chainKey":{"counter":1,"key":"ih7FeQWJLEQOoopZNjt8Tang2V6mXXG10Nq0Vuh1Umg="},"chainType":1,"messageKeys":{}}},"pendingPreKey":{"signedKeyId":17,"baseKey":"BWg7Dra0pLmc4GVT3LyZu/9XR+uJkHKSCm8+KyB3prc3","preKeyId":47079}}},"version":"v1"}