{"_sessions":{"BQuEYycwi+Z5NaLeQrQh4Cr8aHE/JzbPsTynyp6kpWMs":{"registrationId":564454714,"currentRatchet":{"ephemeralKeyPair":{"pubKey":"BSfG+EyB2vFadTGXJXcoYGsGfxdjF2bclweZVEiUBhVL","privKey":"QBpr2CEQMRwSx7oYIr9GmQd7OPmkXxJpSMYMBkeMPGo="},"lastRemoteEphemeralKey":"BTeAqKib9XPGQpDPl1x67V666PPd/khh99tmLQCPRGdh","previousCounter":0,"rootKey":"RCSPphb/L/Y6ZNF+FU3jT8nDXfHAXey08rlTJjMEpBY="},"indexInfo":{"baseKey":"BQuEYycwi+Z5NaLeQrQh4Cr8aHE/JzbPsTynyp6kpWMs","baseKeyType":1,"closed":-1,"used":1742840825554,"created":1742840825554,"remoteIdentityKey":"BYnVE8xlX9Vj3w2Eac63y1OJkFdPXJ/NNwHCLvQO4i4p"},"_chains":{"BSfG+EyB2vFadTGXJXcoYGsGfxdjF2bclweZVEiUBhVL":{"chainKey":{"counter":0,"key":"6DhEbqgbqe3nAhEz+grvEtcvyU2G/Px/jnv2V9jZeiI="},"chainType":1,"messageKeys":{}}},"pendingPreKey":{"signedKeyId":1,"baseKey":"BQuEYycwi+Z5NaLeQrQh4Cr8aHE/JzbPsTynyp6kpWMs","preKeyId":5969241}}},"version":"v1"}