{"_sessions":{"BbVkZJ03UK/ggoztwfduhaUpDPkJehiWUSYAXD13U112":{"registrationId":11019,"currentRatchet":{"ephemeralKeyPair":{"pubKey":"BZPpmHo/zfH6PZbEfII3LSpJQ2vnal1kSLJd7B0QF0RX","privKey":"OKLpZPjP3f2jelQ+97JPIIoAvBIGHmuw8kP/cQktl2A="},"lastRemoteEphemeralKey":"BW1RwrdpqJrLnCwTDzefiOLujDxJWkpFdbV+VylbIZBn","previousCounter":3,"rootKey":"fYbijiaf9L2W9U4Sq23sFnio5ltCeOEetnhx0X9S82U="},"indexInfo":{"baseKey":"BbVkZJ03UK/ggoztwfduhaUpDPkJehiWUSYAXD13U112","baseKeyType":1,"closed":-1,"used":1742909969690,"created":1742905494439,"remoteIdentityKey":"Badly1gpn2zPsmJ4Bi7R16tA3MuMrRh4Eo6IHRcM9OJh"},"_chains":{"BcgrBqModiASOtzVHQynxpL03hG6N5cQ+8+O8W5IEEtb":{"chainKey":{"counter":0},"chainType":2,"messageKeys":{}},"BVNbzZIx0BTpSs2mLOpAZ0Icloz/Ai/gQrWrrRsaArxG":{"chainKey":{"counter":0},"chainType":2,"messageKeys":{}},"BeA46i2z4oqe1eTBKUDjk9GHNljl8o4lxnH5Tom2fvtY":{"chainKey":{"counter":0},"chainType":2,"messageKeys":{}},"BciZ5hpQbfdLCnvR7umstGw//pIJmLJD85BiM0+Zwipv":{"chainKey":{"counter":0},"chainType":2,"messageKeys":{}},"BdIO+frG1XEz8ZnyDr8UHhFVqtKNFJokdQvI4TRpvwRM":{"chainKey":{"counter":0},"chainType":2,"messageKeys":{}},"Be4/XnszUGBOp4VsApZI+Fz8IlkjON/ldplOc/Fe4zpH":{"chainKey":{"counter":0},"chainType":2,"messageKeys":{}},"BZYuyayU+zeIHnQJ4JzSAreRov9k65un9DpSHxYAAwpn":{"chainKey":{"counter":0},"chainType":2,"messageKeys":{}},"BTZa36XbAJSV7cYHzWbRzN3SrbQUZZa0JzEmREZC+zoo":{"chainKey":{"counter":0},"chainType":2,"messageKeys":{}},"BReKjwBsoL+qmRDh+Yzc4eZgK+ELbX8ohSqTk9MFPgIO":{"chainKey":{"counter":0},"chainType":2,"messageKeys":{}},"BXmdlv4g8yjqJowVztcjk7JuHOPkEYXHSl8wUtcpJWss":{"chainKey":{"counter":0},"chainType":2,"messageKeys":{}},"BXrKho4M+tDVWDYbZH2R7DW8xURoiK7WrJSqGZty1KBE":{"chainKey":{"counter":0},"chainType":2,"messageKeys":{}},"BUlSXB3X0XDhTTU8t2CJcOQB19FSUTn5P5JcDHvan8MA":{"chainKey":{"counter":0},"chainType":2,"messageKeys":{}},"BX2QSYhXjhtyijO77nZHJTI8W9C1fZxYXXEDV9hpfu1L":{"chainKey":{"counter":0},"chainType":2,"messageKeys":{}},"BW1RwrdpqJrLnCwTDzefiOLujDxJWkpFdbV+VylbIZBn":{"chainKey":{"counter":0,"key":"0ztFKSA/wQjQp/NUes5WQjxZtTJpj11908yb488ptys="},"chainType":2,"messageKeys":{}},"BZPpmHo/zfH6PZbEfII3LSpJQ2vnal1kSLJd7B0QF0RX":{"chainKey":{"counter":2,"key":"tWHt8gOhOF7eT78lvBzySLIB98tWRBXjZcGFP9Cq7MU="},"chainType":1,"messageKeys":{}}}}},"version":"v1"}