{"_sessions":{"BRtZArfAew+36LgPYRymL+Toc8T6S/vI9vzHQIDCwhgR":{"registrationId":499215489,"currentRatchet":{"ephemeralKeyPair":{"pubKey":"BZwVOjlOxqODeocrwZ7USw3LIzkG3H2F68sBbUPQGYtY","privKey":"sBsWnXzGrqMRkdfm+1SNbLsS75Gfz27TiE6aBU1LpEg="},"lastRemoteEphemeralKey":"BcsNpHs4I687TWjn6B8o+VxAOMJm74eBJbgmfm5yHVIh","previousCounter":0,"rootKey":"QS2+aY1Wq9b8rs3cvNUEFeHyTAgK0I3zK+CGaWz9ZOU="},"indexInfo":{"baseKey":"BRtZArfAew+36LgPYRymL+Toc8T6S/vI9vzHQIDCwhgR","baseKeyType":1,"closed":-1,"used":1742840827755,"created":1742840827755,"remoteIdentityKey":"BSlNSfWDfF2By3OwU5k1zSJyIfVCx7nM18tnAZZLTwwB"},"_chains":{"BZwVOjlOxqODeocrwZ7USw3LIzkG3H2F68sBbUPQGYtY":{"chainKey":{"counter":3,"key":"VBg3o0JXQKjZkyLfZEuwn8a2Lo2lqNDKfSBCJ5Xyzzk="},"chainType":1,"messageKeys":{}}},"pendingPreKey":{"signedKeyId":95,"baseKey":"BRtZArfAew+36LgPYRymL+Toc8T6S/vI9vzHQIDCwhgR","preKeyId":10366650}}},"version":"v1"}