{"_sessions":{"BXhJ8VR02Azassr/m1en+/M/754Q9nNbcU+rAcom3XgH":{"registrationId":398144030,"currentRatchet":{"ephemeralKeyPair":{"pubKey":"BZM5McLMHBcars7q+1pME3p9u4rZeQoPHN+dViqnyTdu","privKey":"2P/jJl+LlthD2WffK9tOnVAqcXraK7eanQ//RNdRvE8="},"lastRemoteEphemeralKey":"BSGwsiIXWHa3fVhcmjo1HgZWu3D4PUPiW+1O3JM31L00","previousCounter":0,"rootKey":"R48iq4GiKvUW8ysxPSdM8nX79WaXQ/H4jlGkuiZYgfY="},"indexInfo":{"baseKey":"BXhJ8VR02Azassr/m1en+/M/754Q9nNbcU+rAcom3XgH","baseKeyType":1,"closed":-1,"used":1742840827990,"created":1742840827990,"remoteIdentityKey":"Be8qxx1re+P4Mtw9D4papMeW92We2LV0xsfnehpwvUUE"},"_chains":{"BZM5McLMHBcars7q+1pME3p9u4rZeQoPHN+dViqnyTdu":{"chainKey":{"counter":4,"key":"JJnuIYJ9ITLY5/uE7d1QH4dQRHpN2GhTgbFcfVX6z+U="},"chainType":1,"messageKeys":{}}},"pendingPreKey":{"signedKeyId":15,"baseKey":"BXhJ8VR02Azassr/m1en+/M/754Q9nNbcU+rAcom3XgH","preKeyId":15252951}}},"version":"v1"}