{"_sessions":{"Bdt7hOMQkBCyDrbSGSFybGE+wiwrRs0K8PqmAx8v3Cgk":{"registrationId":1616510512,"currentRatchet":{"ephemeralKeyPair":{"pubKey":"BWNr79HhLZMRo1gaMGh5ru1Mh4hb+UzozafNJCIRWBUd","privKey":"8MnYwTGtKC6/43GCOgK2jPsAZbnnSsCBEEXJ0HKAu2s="},"lastRemoteEphemeralKey":"BaUU6XazHrC3XGCizKMyQtOR+uHkGyT0qZwrJ0XbByVr","previousCounter":0,"rootKey":"dihv3N/ZkmjEmx+MMPYQzSCph60Zaeb8w8tRsoT2XAg="},"indexInfo":{"baseKey":"Bdt7hOMQkBCyDrbSGSFybGE+wiwrRs0K8PqmAx8v3Cgk","baseKeyType":1,"closed":1742840810023,"used":1742840797987,"created":1742840797987,"remoteIdentityKey":"BeB9x8gnSGpVXWBJOnzvm/mtwQ91mhZZAwWMxs+u+SgE"},"_chains":{"BWNr79HhLZMRo1gaMGh5ru1Mh4hb+UzozafNJCIRWBUd":{"chainKey":{"counter":0,"key":"wW8UR4ahIsRnEMzATVY0YDrxS1/h61tuLivkd21137o="},"chainType":1,"messageKeys":{}}},"pendingPreKey":{"signedKeyId":1,"baseKey":"Bdt7hOMQkBCyDrbSGSFybGE+wiwrRs0K8PqmAx8v3Cgk","preKeyId":6259824}},"BRlRGMM8wm6bI3+YF19A2hJd/T9IApmOJihNa595uior":{"registrationId":1616510512,"currentRatchet":{"ephemeralKeyPair":{"pubKey":"Bficqud2ct3EaD1eCGZpuAcKip60sPHHSSwSDJCLaupi","privKey":"4F784rjkbvsaVyF5JDUnz8ngRYpI9KSgQNlCOW+ztW8="},"lastRemoteEphemeralKey":"BaUU6XazHrC3XGCizKMyQtOR+uHkGyT0qZwrJ0XbByVr","previousCounter":0,"rootKey":"iFyrIG2E9/O62pO2/X36n6E8hbNmifYpAYGDlatN0Ts="},"indexInfo":{"baseKey":"BRlRGMM8wm6bI3+YF19A2hJd/T9IApmOJihNa595uior","baseKeyType":1,"closed":1742840828532,"used":1742840809028,"created":1742840809028,"remoteIdentityKey":"BeB9x8gnSGpVXWBJOnzvm/mtwQ91mhZZAwWMxs+u+SgE"},"_chains":{"Bficqud2ct3EaD1eCGZpuAcKip60sPHHSSwSDJCLaupi":{"chainKey":{"counter":0,"key":"3aL+QqTyIGxaUfnBHZzv3DgTjj/J9DZCDcR+USzqI6k="},"chainType":1,"messageKeys":{}}},"pendingPreKey":{"signedKeyId":1,"baseKey":"BRlRGMM8wm6bI3+YF19A2hJd/T9IApmOJihNa595uior","preKeyId":6259739}},"BS1gJZn6m8WtFUxxb4zTqb93cFYowJoBfpzz2+V1P0YZ":{"registrationId":1616510512,"currentRatchet":{"ephemeralKeyPair":{"pubKey":"BZazUUhiR+6gPCdcKu3SZ+y9XNiTrXw/YByCAw/QNUh0","privKey":"2F6F6pIBXU2Wm+woye3alXbayXvG0bYCixxnJEK6u0g="},"lastRemoteEphemeralKey":"BaUU6XazHrC3XGCizKMyQtOR+uHkGyT0qZwrJ0XbByVr","previousCounter":0,"rootKey":"Qe964c4wvwBfsTRAgLsRR6CJiE2iRWsjI2bJBayFLIk="},"indexInfo":{"baseKey":"BS1gJZn6m8WtFUxxb4zTqb93cFYowJoBfpzz2+V1P0YZ","baseKeyType":1,"closed":-1,"used":1742840827799,"created":1742840827799,"remoteIdentityKey":"BeB9x8gnSGpVXWBJOnzvm/mtwQ91mhZZAwWMxs+u+SgE"},"_chains":{"BZazUUhiR+6gPCdcKu3SZ+y9XNiTrXw/YByCAw/QNUh0":{"chainKey":{"counter":2,"key":"NXJZUY8JycZUs5Tqw65ETVx7Dhc6vrXjsNEu9EZQrKg="},"chainType":1,"messageKeys":{}}},"pendingPreKey":{"signedKeyId":1,"baseKey":"BS1gJZn6m8WtFUxxb4zTqb93cFYowJoBfpzz2+V1P0YZ","preKeyId":6259915}}},"version":"v1"}