{"_sessions":{"Ben0pKDR0tovqj9Q+iA5TvsVQqFCAkQCCB16Rb3bbhFI":{"registrationId":1232852967,"currentRatchet":{"ephemeralKeyPair":{"pubKey":"BcGZnC0uj3QjLakWXF0JY2L3T80oto50hu5Ji8jMKMJq","privKey":"EFjVTpucD5F18TJ8SNUeJ9+ikADPY7KmvSwqvOX+L1E="},"lastRemoteEphemeralKey":"BVbfSuZ+UZq9UW3cYd87YWOPNZdBPzhjNhElCQ8xYU1r","previousCounter":0,"rootKey":"0dx8WnBA4wIPcforgtgEMjIm3ttYMROX4fuEYCwgkZQ="},"indexInfo":{"baseKey":"Ben0pKDR0tovqj9Q+iA5TvsVQqFCAkQCCB16Rb3bbhFI","baseKeyType":1,"closed":-1,"used":1742840852098,"created":1742840852098,"remoteIdentityKey":"BROj7QPLHJRX0+QfdeiQIu5s9JZdEK9X46kAjfj/F60N"},"_chains":{"BcGZnC0uj3QjLakWXF0JY2L3T80oto50hu5Ji8jMKMJq":{"chainKey":{"counter":1,"key":"n86aSYIN54y1b6unAd0KHoY66bJsjShbyM6uMmBGHBk="},"chainType":1,"messageKeys":{}}},"pendingPreKey":{"signedKeyId":16,"baseKey":"Ben0pKDR0tovqj9Q+iA5TvsVQqFCAkQCCB16Rb3bbhFI","preKeyId":8805091}}},"version":"v1"}