{"_sessions":{"BU0WehJ4zlZByKUJFIlmmXSQ96/0ePBnO0h7A0Z2NMV2":{"registrationId":1137629104,"currentRatchet":{"ephemeralKeyPair":{"pubKey":"Bb4mDBehMJaC+3/8rDoljK8nm74uX7NRZr/eqqsfCgFY","privKey":"SAZY7G+iHkcsO/D+r7+mks+sgpXH28a95XDdvAd0i0Y="},"lastRemoteEphemeralKey":"BVSj5KUDjlxTmMhY+Spse7wTmH4vLV3oOzxf1qKBzBlF","previousCounter":0,"rootKey":"/cix1LKjGXOk+9ThXP1gqfaWLdX8RVWPyE6Vn0y7I70="},"indexInfo":{"baseKey":"BU0WehJ4zlZByKUJFIlmmXSQ96/0ePBnO0h7A0Z2NMV2","baseKeyType":1,"closed":-1,"used":1742840825749,"created":1742840825749,"remoteIdentityKey":"BWKOfg/WqVK1DFIGyjAkdvfYbgqn7vBn3P+muUmnZKF3"},"_chains":{"Bb4mDBehMJaC+3/8rDoljK8nm74uX7NRZr/eqqsfCgFY":{"chainKey":{"counter":4,"key":"AFT6R4IoNVnwXBZ+XIFx7cobkQhqCWqoxpONXvQxk7Q="},"chainType":1,"messageKeys":{}}},"pendingPreKey":{"signedKeyId":11,"baseKey":"BU0WehJ4zlZByKUJFIlmmXSQ96/0ePBnO0h7A0Z2NMV2","preKeyId":8147356}}},"version":"v1"}