{"_sessions":{"Bd8uC5pdHkyBKA774S4F+ReGVAizgVRsrN4FQpUugi4I":{"registrationId":907540556,"currentRatchet":{"ephemeralKeyPair":{"pubKey":"Bc3oEyJRTMHirocGlOiLOyElOrsuWxpf+97V659d7GE5","privKey":"WBxf3lSy/50bMiXV2CxmVoVgatCmJ8TpsMRpKG0tDk4="},"lastRemoteEphemeralKey":"BdZW9RKQBStUZ0SJPwIEeKnAkK2CQWk1tDHvUzqszqEU","previousCounter":0,"rootKey":"PxmFNJo/5o4a7lDf//WXpvpVhUd/CuqYbgqih+ewKf0="},"indexInfo":{"baseKey":"Bd8uC5pdHkyBKA774S4F+ReGVAizgVRsrN4FQpUugi4I","baseKeyType":1,"closed":-1,"used":1742842583561,"created":1742842583561,"remoteIdentityKey":"BeqQGEi6W6gPIsxvVVNr0ThG6Y+131SRKc1QuzwrQa0T"},"_chains":{"Bc3oEyJRTMHirocGlOiLOyElOrsuWxpf+97V659d7GE5":{"chainKey":{"counter":0,"key":"dj1F/ZPHzQXKkVLQjfjCvG8ktDIMUAkIU2PiQSWt8/E="},"chainType":1,"messageKeys":{}}},"pendingPreKey":{"signedKeyId":3,"baseKey":"Bd8uC5pdHkyBKA774S4F+ReGVAizgVRsrN4FQpUugi4I","preKeyId":35832}}},"version":"v1"}