{"_sessions":{"BdiP36MH1tkxRQAPIPYE4QPERgUD3KMKHS+vyDLZsNkY":{"registrationId":680722289,"currentRatchet":{"ephemeralKeyPair":{"pubKey":"BSQt8nlFBi3oxZuTEJOLKP6vd85tnMqy0LOdcx3rOvRg","privKey":"4NL8eigJfiH89U0yRZhBEnNTMfkkpGLC4hvbZcR8HWM="},"lastRemoteEphemeralKey":"Be0vjy9btT+fnyB6eCM/dWiKVMgp1D5b6xHJZWEChUwR","previousCounter":0,"rootKey":"x4RuHzk2qPHPpp8+fxitOumHKuB+Ybw4mngxDjyfGkY="},"indexInfo":{"baseKey":"BdiP36MH1tkxRQAPIPYE4QPERgUD3KMKHS+vyDLZsNkY","baseKeyType":1,"closed":-1,"used":1742840852136,"created":1742840852136,"remoteIdentityKey":"BaOpXxNYAdjq6fR3jDAl1NDaLr1SPDnPIJNzETQaARwN"},"_chains":{"BSQt8nlFBi3oxZuTEJOLKP6vd85tnMqy0LOdcx3rOvRg":{"chainKey":{"counter":0,"key":"7RoCL5GmmjRHbKTpjO2dtmoe9B94Q5w2OvTlQc8F3FQ="},"chainType":1,"messageKeys":{}}},"pendingPreKey":{"signedKeyId":3,"baseKey":"BdiP36MH1tkxRQAPIPYE4QPERgUD3KMKHS+vyDLZsNkY","preKeyId":9077466}}},"version":"v1"}