{"_sessions":{"BTDENX2ruCrp95wEk31a8RAm2aJJE0uidtT1X1ZnuCUC":{"registrationId":1162142212,"currentRatchet":{"ephemeralKeyPair":{"pubKey":"BTUrS6MJYZiKNB3DypkkPFQTPJY6vTlW0Bjunyv68HY9","privKey":"wPBMuub6xBegochUlFyKRFTko9FdeIIpHqeh+WbOOGA="},"lastRemoteEphemeralKey":"BYPQEJBmFJZJ318Qh6iK+U4c+cvJvqGs8kvSYLH5hOwc","previousCounter":0,"rootKey":"OmCzzvwQg0Ctyn1nF2lkjY2z3QTvGNEt7KPsrLLy/4A="},"indexInfo":{"baseKey":"BTDENX2ruCrp95wEk31a8RAm2aJJE0uidtT1X1ZnuCUC","baseKeyType":1,"closed":1742840812359,"used":1742840799616,"created":1742840799616,"remoteIdentityKey":"BfvZzea2hgESQimLzwmPOkZFnGsfWpT55WgcBFKWSAMD"},"_chains":{"BTUrS6MJYZiKNB3DypkkPFQTPJY6vTlW0Bjunyv68HY9":{"chainKey":{"counter":0,"key":"Vc8oStPy84AWG48ilqEXhz5bjg8lUJCMNyAEd8ZI0EQ="},"chainType":1,"messageKeys":{}}},"pendingPreKey":{"signedKeyId":19,"baseKey":"BTDENX2ruCrp95wEk31a8RAm2aJJE0uidtT1X1ZnuCUC","preKeyId":8019708}},"BRPReZjbJ+MuCSCyKabqEDwgzIJXqgIiDPD99m5GF656":{"registrationId":1162142212,"currentRatchet":{"ephemeralKeyPair":{"pubKey":"BRFgXNhNgKJNS6UYSipmmxQESEPhig8t3y4FQlV9w6JP","privKey":"6Nhf1F/tyrLIz5tRLuOYkm9a+dcjKTgSTzt8d5o+434="},"lastRemoteEphemeralKey":"BYPQEJBmFJZJ318Qh6iK+U4c+cvJvqGs8kvSYLH5hOwc","previousCounter":0,"rootKey":"vaj8jbrwu4jxsvyNY76T7bupdgcudyZb0NDa/fEuZT8="},"indexInfo":{"baseKey":"BRPReZjbJ+MuCSCyKabqEDwgzIJXqgIiDPD99m5GF656","baseKeyType":1,"closed":-1,"used":1742840811548,"created":1742840811548,"remoteIdentityKey":"BfvZzea2hgESQimLzwmPOkZFnGsfWpT55WgcBFKWSAMD"},"_chains":{"BRFgXNhNgKJNS6UYSipmmxQESEPhig8t3y4FQlV9w6JP":{"chainKey":{"counter":1,"key":"LuFZwyk8faQdnjaOL4SFbp3Uwha5IUCufzyKKA62R6k="},"chainType":1,"messageKeys":{}}},"pendingPreKey":{"signedKeyId":19,"baseKey":"BRPReZjbJ+MuCSCyKabqEDwgzIJXqgIiDPD99m5GF656","preKeyId":8019631}}},"version":"v1"}