{"_sessions":{"BYQ/6Sz/Jl+skVHldEMJjrsL0BNj4ThrbdFhYJSKWMA8":{"registrationId":183637861,"currentRatchet":{"ephemeralKeyPair":{"pubKey":"BSfaMgioWPyyzTWbOD0w+CEcEuu0qqclRaa6wkY7gspj","privKey":"YHMS0A3B9nvP9LMyQrQOiQaJ3Xj939ckmk6nS0nmwH0="},"lastRemoteEphemeralKey":"BfTVriG0+LS4jMZBrvyjeJL47zG0frLrPZoSs5DT9a8K","previousCounter":0,"rootKey":"F82+6u5F7KyVHvjZbZ7+2LaIcjc3Yzj5rn94Mb8Xqk0="},"indexInfo":{"baseKey":"BYQ/6Sz/Jl+skVHldEMJjrsL0BNj4ThrbdFhYJSKWMA8","baseKeyType":1,"closed":-1,"used":1742840827624,"created":1742840827624,"remoteIdentityKey":"BXKrbio1xlk2j+zC8bJ+XxONjFynyoySkt7SFIq7Aq8w"},"_chains":{"BSfaMgioWPyyzTWbOD0w+CEcEuu0qqclRaa6wkY7gspj":{"chainKey":{"counter":0,"key":"curxtQflPB4/5nikLKgrGMWv4xurwztaEIgjAFQWScc="},"chainType":1,"messageKeys":{}}},"pendingPreKey":{"signedKeyId":14,"baseKey":"BYQ/6Sz/Jl+skVHldEMJjrsL0BNj4ThrbdFhYJSKWMA8","preKeyId":7134474}}},"version":"v1"}