{"_sessions":{"BfoUmoue+jegB6gQFNsqQ6TCOX3p4L2onMnzlLoK7+kJ":{"registrationId":1302123260,"currentRatchet":{"ephemeralKeyPair":{"pubKey":"Ba07sc8GwYsv/pHsBVBxwtRRt5kV8Eo/G2eimr7Do/JI","privKey":"GIjzABphWpBrVMn23RXeL7n134jqfFsZ3JoirurWr2E="},"lastRemoteEphemeralKey":"BTXSv1IAmkuUrLO6ifrtPx+nE9V94viYJctul/FjBBZh","previousCounter":0,"rootKey":"BL9QmP9kd0axgH/PbIZedLyeDM434ztIr7YEsBl8BvQ="},"indexInfo":{"baseKey":"BfoUmoue+jegB6gQFNsqQ6TCOX3p4L2onMnzlLoK7+kJ","baseKeyType":1,"closed":-1,"used":1742840825434,"created":1742840825434,"remoteIdentityKey":"Ban6vpiTLMPwzSS3Wlfucc7RKJQXRQCt+zmYCbJtpnAP"},"_chains":{"Ba07sc8GwYsv/pHsBVBxwtRRt5kV8Eo/G2eimr7Do/JI":{"chainKey":{"counter":4,"key":"w7ryzs96g+gc+V80/k6F3GMEt1irwyMGaYAfHX7mxEQ="},"chainType":1,"messageKeys":{}}},"pendingPreKey":{"signedKeyId":25,"baseKey":"BfoUmoue+jegB6gQFNsqQ6TCOX3p4L2onMnzlLoK7+kJ","preKeyId":2215552}}},"version":"v1"}