{"_sessions":{"BdD4r/H7Pt9Zp+BQEp4NUQU5OX5osIwuusZebLHDQm9H":{"registrationId":640932512,"currentRatchet":{"ephemeralKeyPair":{"pubKey":"BatmhlgyfiKLFPa+AHQyA5svTCR4SGv1zcWyuFcT4egR","privKey":"GIotsaLZTwRJqr6iXY/VhXz9A9RyR6eVoxjt6EWGpE4="},"lastRemoteEphemeralKey":"BZiU0jyrNx7ZpztXTV5m1ADKIDrUc6AQ1ZyPtSTEKKkh","previousCounter":0,"rootKey":"0aWuQ1F2OjA9qnphVycbci3Z6p8B+OzlWPDxtQS8z14="},"indexInfo":{"baseKey":"BdD4r/H7Pt9Zp+BQEp4NUQU5OX5osIwuusZebLHDQm9H","baseKeyType":1,"closed":-1,"used":1742842583569,"created":1742842583569,"remoteIdentityKey":"BUhPbpEWSEH4EsVTkPxZXliyOknWX/J2cOdtfFyUlsZx"},"_chains":{"BatmhlgyfiKLFPa+AHQyA5svTCR4SGv1zcWyuFcT4egR":{"chainKey":{"counter":0,"key":"Agjw14af1HMr+nryIjT6rQU0L6BU+LfWW+1VIlZiBCo="},"chainType":1,"messageKeys":{}}},"pendingPreKey":{"signedKeyId":12,"baseKey":"BdD4r/H7Pt9Zp+BQEp4NUQU5OX5osIwuusZebLHDQm9H","preKeyId":211183}}},"version":"v1"}