{"_sessions":{"BYy5dssN7OWbXrMTR6Q5XNMIhFFzoKjeiZCuM8cBKDQ4":{"registrationId":979981977,"currentRatchet":{"ephemeralKeyPair":{"pubKey":"BZ83dq6pWdKXrkLb1ItyyYgVCe6ZFM3QM2Q5At7y1bog","privKey":"uIsPZwYWjqDxSZ/hZl5rGUAvQKaCoUYtGW7BZs8etlM="},"lastRemoteEphemeralKey":"Bb958qdZOR12cbHYcxfDjAnqQEgtD4TQ2bRMZ/CEXIoK","previousCounter":0,"rootKey":"Qwl6KmWlS5PQWTeOJg/VfrIled4ia2vqQGEFljv7zNY="},"indexInfo":{"baseKey":"BYy5dssN7OWbXrMTR6Q5XNMIhFFzoKjeiZCuM8cBKDQ4","baseKeyType":1,"closed":-1,"used":1742840827616,"created":1742840827616,"remoteIdentityKey":"BVBRL2zaOvgIAqa7G5OVQkuW3Lf94BxLtBcZvbpMFYYV"},"_chains":{"BZ83dq6pWdKXrkLb1ItyyYgVCe6ZFM3QM2Q5At7y1bog":{"chainKey":{"counter":6,"key":"hE9cWk+ZD/miU/RI/x5XX5AIyyVaqPY530zs9000NBs="},"chainType":1,"messageKeys":{}}},"pendingPreKey":{"signedKeyId":2,"baseKey":"BYy5dssN7OWbXrMTR6Q5XNMIhFFzoKjeiZCuM8cBKDQ4","preKeyId":4511309}}},"version":"v1"}