{"_sessions":{"BVcQznmcB2c9/bH11lgf/kkMXmH9FjXg2pWFS9ARFwUo":{"registrationId":1759460165,"currentRatchet":{"ephemeralKeyPair":{"pubKey":"BVHSrnbnAXVBow3YXx5SPmZ+1dnCDSeLYYF+pKdnAphx","privKey":"AAR3SoIzq6QzYmecX1lPYU4PPJu2aWn1J7EBnrd9bEI="},"lastRemoteEphemeralKey":"BXNmm643G3ehQLEcSXDkJo5I0aw7cq7O395ijfIba75F","previousCounter":0,"rootKey":"SyesHWmCxJvXS3HxnENnMk4eyamlWSoLccNyHeFHgZU="},"indexInfo":{"baseKey":"BVcQznmcB2c9/bH11lgf/kkMXmH9FjXg2pWFS9ARFwUo","baseKeyType":1,"closed":1742840812295,"used":1742840799555,"created":1742840799555,"remoteIdentityKey":"BUizi42CO6T2dJ3JXAEBnxQlzFJk07dKdCVD2DAOCVIr"},"_chains":{"BVHSrnbnAXVBow3YXx5SPmZ+1dnCDSeLYYF+pKdnAphx":{"chainKey":{"counter":0,"key":"XKC1UySBeg9K2nXk64YWGN3DrJ5nnxKN+VlOSBfCntM="},"chainType":1,"messageKeys":{}}},"pendingPreKey":{"signedKeyId":27,"baseKey":"BVcQznmcB2c9/bH11lgf/kkMXmH9FjXg2pWFS9ARFwUo","preKeyId":10773300}},"BXanWou0vqRR64lHNXn+ym5IwFdSPqKVdH6poSg6Z9lt":{"registrationId":1759460165,"currentRatchet":{"ephemeralKeyPair":{"pubKey":"Bfqep2MZunxW1HGoe89Pas4LsSjsAqCVHsSsh22ioFFv","privKey":"sL/FINxXiwahCBVPJ1nv5mA3ltS0v0XGoDunbV7tfUo="},"lastRemoteEphemeralKey":"BXNmm643G3ehQLEcSXDkJo5I0aw7cq7O395ijfIba75F","previousCounter":0,"rootKey":"6av5/kBB5H72nTb1YS0cN/MC0sYBGrjr37d9oAB1Tss="},"indexInfo":{"baseKey":"BXanWou0vqRR64lHNXn+ym5IwFdSPqKVdH6poSg6Z9lt","baseKeyType":1,"closed":1742840828591,"used":1742840811485,"created":1742840811485,"remoteIdentityKey":"BUizi42CO6T2dJ3JXAEBnxQlzFJk07dKdCVD2DAOCVIr"},"_chains":{"Bfqep2MZunxW1HGoe89Pas4LsSjsAqCVHsSsh22ioFFv":{"chainKey":{"counter":0,"key":"PEPFeAKb2V4ovzYZwrczOugmmNI003WwlX4ZLqhv9dI="},"chainType":1,"messageKeys":{}}},"pendingPreKey":{"signedKeyId":27,"baseKey":"BXanWou0vqRR64lHNXn+ym5IwFdSPqKVdH6poSg6Z9lt","preKeyId":10773316}},"BVBYqET+AQKJdHfmHFedufOgP+5AXFiXJl4dG1d9WkEA":{"registrationId":1759460165,"currentRatchet":{"ephemeralKeyPair":{"pubKey":"BQL7hSsNmi1KPoHvpGxlrMPsdD3Eazf9xoBCkmpVsfQp","privKey":"KLdcd8GQGG4D9Lia8D7h6z0+uMSc7CXfUO05pZaGvkE="},"lastRemoteEphemeralKey":"BXNmm643G3ehQLEcSXDkJo5I0aw7cq7O395ijfIba75F","previousCounter":0,"rootKey":"5JqLVK/dCaQnIeicYGRKqCp5/iarEjFoHY3vz2RmmXU="},"indexInfo":{"baseKey":"BVBYqET+AQKJdHfmHFedufOgP+5AXFiXJl4dG1d9WkEA","baseKeyType":1,"closed":-1,"used":1742840828275,"created":1742840828275,"remoteIdentityKey":"BUizi42CO6T2dJ3JXAEBnxQlzFJk07dKdCVD2DAOCVIr"},"_chains":{"BQL7hSsNmi1KPoHvpGxlrMPsdD3Eazf9xoBCkmpVsfQp":{"chainKey":{"counter":5,"key":"IqRhCpEOoyn4Uv9z/WgdzKm5eAQhsrw5hH6/F/fFQ6k="},"chainType":1,"messageKeys":{}}},"pendingPreKey":{"signedKeyId":27,"baseKey":"BVBYqET+AQKJdHfmHFedufOgP+5AXFiXJl4dG1d9WkEA","preKeyId":10773526}}},"version":"v1"}