{"_sessions":{"BRG2BSiaB2qauGXEO9ptOcPuSaf4qtc3SqIpt36+WRV2":{"registrationId":1180276980,"currentRatchet":{"ephemeralKeyPair":{"pubKey":"BVsvoRV8WQpwnaB1fdK7DgUYUJd1Qy2P/oS8V0EhcekG","privKey":"4CjRJUuTZSbPEbG35nTrcAzpM4HHDshLaVtaJ8xudX4="},"lastRemoteEphemeralKey":"BYIyVcen1rFXRwfi+kGCz7AUrZsuS3wxhwSlCBw6v/9Z","previousCounter":0,"rootKey":"lFJfBncxDkmCrDjDDsDI31ZKMKJKafNMBhbHQ2CXHg8="},"indexInfo":{"baseKey":"BRG2BSiaB2qauGXEO9ptOcPuSaf4qtc3SqIpt36+WRV2","baseKeyType":1,"closed":-1,"used":1742840827878,"created":1742840827878,"remoteIdentityKey":"BUenEIIUgxDs31zJd74AtiWPlubI99okjWK7AIDWmVZU"},"_chains":{"BVsvoRV8WQpwnaB1fdK7DgUYUJd1Qy2P/oS8V0EhcekG":{"chainKey":{"counter":3,"key":"QnaUbNCUh+N18HaeUMRK8ya2EdSLIDwc3e79V87/Gzc="},"chainType":1,"messageKeys":{}}},"pendingPreKey":{"signedKeyId":6,"baseKey":"BRG2BSiaB2qauGXEO9ptOcPuSaf4qtc3SqIpt36+WRV2"}}},"version":"v1"}