{"_sessions":{"BYy9sEpjiMjVTi1BGwrhNjRSVTWLvc2VjGMrM0V3uVYp":{"registrationId":413587134,"currentRatchet":{"ephemeralKeyPair":{"pubKey":"BVF9XoTi/S9zUxduSLepfHoTRIhvNFQDBGLzf40BYCYl","privKey":"8KCKRo+v26vjVeaagEzeEySby98wpVuUYJosw4c2920="},"lastRemoteEphemeralKey":"BVXrlnjaKEzBV5z3GOPPOOiHE+uUbc+/RKA/kk4yaIco","previousCounter":0,"rootKey":"3CkvAXQ3RW1/V5cehHsmuQeQqmF0mqDmTVg2gqEPnXE="},"indexInfo":{"baseKey":"BYy9sEpjiMjVTi1BGwrhNjRSVTWLvc2VjGMrM0V3uVYp","baseKeyType":1,"closed":-1,"used":1742840823039,"created":1742840823039,"remoteIdentityKey":"BbDqI43eGYWHMt3zhVQsir4n7dkhoQp3kuegALxBQGE+"},"_chains":{"BVF9XoTi/S9zUxduSLepfHoTRIhvNFQDBGLzf40BYCYl":{"chainKey":{"counter":6,"key":"ag4PK27Jnz4NeVS5QBi/5iNmAmIahptuhQKYxzkS9Zs="},"chainType":1,"messageKeys":{}}},"pendingPreKey":{"signedKeyId":1,"baseKey":"BYy9sEpjiMjVTi1BGwrhNjRSVTWLvc2VjGMrM0V3uVYp","preKeyId":3444}}},"version":"v1"}