{"_sessions":{"BSCr1NIzofLlM26ggoQA+SMoHB2B5OrBorTmw+r4xiom":{"registrationId":70595514,"currentRatchet":{"ephemeralKeyPair":{"pubKey":"Bejsebq8Y7NCbmbgA+YtsBtCSQk4FOqTS4vq9xJnDaM2","privKey":"wNBKqxuMoq9KU08Y+o0D3/noe/QsvLnNIWjCnz9QcFE="},"lastRemoteEphemeralKey":"BUgC09oPaN6dNTI8EiDwAyX6zncHf9iN7Di62RaX1EdY","previousCounter":0,"rootKey":"CvOfF2JM74s1Ssu/ZNEYcA2C+irldwC/3IhCm81l7Y4="},"indexInfo":{"baseKey":"BSCr1NIzofLlM26ggoQA+SMoHB2B5OrBorTmw+r4xiom","baseKeyType":1,"closed":-1,"used":1742840828428,"created":1742840828428,"remoteIdentityKey":"BR+XjDsAI95R4W9OPWorfN14QeT1QJGPoF6dDuE4UUww"},"_chains":{"Bejsebq8Y7NCbmbgA+YtsBtCSQk4FOqTS4vq9xJnDaM2":{"chainKey":{"counter":6,"key":"wXHirLi5qQPzXWweh7/5kx20Gwed8A5vmpZeZog4bTE="},"chainType":1,"messageKeys":{}}},"pendingPreKey":{"signedKeyId":1,"baseKey":"BSCr1NIzofLlM26ggoQA+SMoHB2B5OrBorTmw+r4xiom","preKeyId":8065385}}},"version":"v1"}