{"_sessions":{"BUasdpWiE60pDR7rFMtHzUqP7Qn8LPsih/FszVD/zExW":{"registrationId":956069354,"currentRatchet":{"ephemeralKeyPair":{"pubKey":"BXrIi2jsX0D/ADEeCNOYzk/+5n7Xo8lgVDUlu+w1nCgl","privKey":"eNwWup1p3wJHbLCGUA25D11A7bO7bzVK4dfP8G7wM0o="},"lastRemoteEphemeralKey":"BfpRLux/NVUT/l4oeDsjmQyldmG9c0V0cfkiWvYs618D","previousCounter":0,"rootKey":"He5UgjyibeXNI78E9CmKFnTgDN0axhIyEYMd205YbLk="},"indexInfo":{"baseKey":"BUasdpWiE60pDR7rFMtHzUqP7Qn8LPsih/FszVD/zExW","baseKeyType":1,"closed":1742840812355,"used":1742840799609,"created":1742840799609,"remoteIdentityKey":"BYr9ftEZvsLA6E0VrXt8L645ZyWFgT2fhf+KKZCbVe8d"},"_chains":{"BXrIi2jsX0D/ADEeCNOYzk/+5n7Xo8lgVDUlu+w1nCgl":{"chainKey":{"counter":0,"key":"gSIhRhxFNaEilLCdAe/K56i/aKplR/DaJgTEK8kOI1Q="},"chainType":1,"messageKeys":{}}},"pendingPreKey":{"signedKeyId":3,"baseKey":"BUasdpWiE60pDR7rFMtHzUqP7Qn8LPsih/FszVD/zExW","preKeyId":12959132}},"BQeCJt4ILiMpaT3O6roPb7Hy4oCk8Xu0q3NU3+yYHy8z":{"registrationId":956069354,"currentRatchet":{"ephemeralKeyPair":{"pubKey":"Bak4iNli97VaeRMyHmVsyEkiZfATvnU05vK6FxEnMD9L","privKey":"mOpBj+hAaoHv3Ty7xWRA1LoSF+8yRVjziZ9y09QUUnQ="},"lastRemoteEphemeralKey":"BfpRLux/NVUT/l4oeDsjmQyldmG9c0V0cfkiWvYs618D","previousCounter":0,"rootKey":"ujqmARx0sJORQulhyvW6+Z5pFGBiQYoNuLxz/9InXaw="},"indexInfo":{"baseKey":"BQeCJt4ILiMpaT3O6roPb7Hy4oCk8Xu0q3NU3+yYHy8z","baseKeyType":1,"closed":-1,"used":1742840811540,"created":1742840811540,"remoteIdentityKey":"BYr9ftEZvsLA6E0VrXt8L645ZyWFgT2fhf+KKZCbVe8d"},"_chains":{"Bak4iNli97VaeRMyHmVsyEkiZfATvnU05vK6FxEnMD9L":{"chainKey":{"counter":0,"key":"fgaY6feDZNBkv0rRRIZkq+lh5ZYQOmNISrgl2XsL2hE="},"chainType":1,"messageKeys":{}}},"pendingPreKey":{"signedKeyId":3,"baseKey":"BQeCJt4ILiMpaT3O6roPb7Hy4oCk8Xu0q3NU3+yYHy8z","preKeyId":12959078}}},"version":"v1"}