{"_sessions":{"BRdfy2dDO1gu9BpoqOC152F0sCnMoPx+kGlxxGIVW/cP":{"registrationId":833927855,"currentRatchet":{"ephemeralKeyPair":{"pubKey":"BdgQm/f3gPWu5eUbw0rTfTm2bZzTnrHb9bA5I9j0ZEop","privKey":"sLqDj7dTXEeYX0RdhlOHzU+qyVaUVWbHSvI3IJVWUls="},"lastRemoteEphemeralKey":"BS9fN6QDOcI1DK7w0qSZ9BXkHicpkDlQi3PeNHeO7cIl","previousCounter":0,"rootKey":"tQaGGLPf5vid9QkIafFGc+v/hx1g9N9Xk/HPmIUpx7k="},"indexInfo":{"baseKey":"BRdfy2dDO1gu9BpoqOC152F0sCnMoPx+kGlxxGIVW/cP","baseKeyType":1,"closed":-1,"used":1742840825479,"created":1742840825479,"remoteIdentityKey":"BaLXI52JcKP6HBHJEFVkDeiOU4kmkhNuIYOE0txB6O5T"},"_chains":{"BdgQm/f3gPWu5eUbw0rTfTm2bZzTnrHb9bA5I9j0ZEop":{"chainKey":{"counter":0,"key":"UO8V5sKuOwm5d/djkY2oOAl8jXUZgdhh/YoVTXXjWmc="},"chainType":1,"messageKeys":{}}},"pendingPreKey":{"signedKeyId":25,"baseKey":"BRdfy2dDO1gu9BpoqOC152F0sCnMoPx+kGlxxGIVW/cP","preKeyId":13440568}}},"version":"v1"}