{"_sessions":{"BYOOLHVM4R7qdY5/iRXNsLx7ctul+1jWJUebunX6aXF9":{"registrationId":1820796445,"currentRatchet":{"ephemeralKeyPair":{"pubKey":"BUTPDvWor5RpSCfHf/DZvqC+tporVsjQDG3rtZS8n+w0","privKey":"sCZgwxlK7Bu5bPWJ+4orjLAH+EIot1G8uHsCqP5cj2g="},"lastRemoteEphemeralKey":"Bc8tMTbpQu2WUqmnXL3nmIFXaNA2QkY0wiGY1aWD6DgL","previousCounter":0,"rootKey":"lBVQt1fdo2gn4sSp2pLqs03lE8vKFb43CbdcW08R1Gs="},"indexInfo":{"baseKey":"BYOOLHVM4R7qdY5/iRXNsLx7ctul+1jWJUebunX6aXF9","baseKeyType":1,"closed":-1,"used":1742840828321,"created":1742840828321,"remoteIdentityKey":"BSjci3bNnEoR/+iMntU01hgfMyL/XMsspsryl/wCStA4"},"_chains":{"BUTPDvWor5RpSCfHf/DZvqC+tporVsjQDG3rtZS8n+w0":{"chainKey":{"counter":4,"key":"QczaWUGl6sxGdOwJ3jWLbHfaRHuDw7hl4kJReX01LOk="},"chainType":1,"messageKeys":{}}},"pendingPreKey":{"signedKeyId":16497571,"baseKey":"BYOOLHVM4R7qdY5/iRXNsLx7ctul+1jWJUebunX6aXF9","preKeyId":9897}}},"version":"v1"}