{"_sessions":{"BUibKZEK5I/qZSuuDUICNWwoLXXBXy+J2aJqYtk01EMb":{"registrationId":1898737424,"currentRatchet":{"ephemeralKeyPair":{"pubKey":"BVuSibqseXCF+R9gZh336eZFm0mhaxOrvlc974jm3AhV","privKey":"AFoCdoa503KeOuXr67cuk/azjX7wqqE/4SJa0MgZxlI="},"lastRemoteEphemeralKey":"BeZvI5o4Lyk+FL8FWjclk/eOKCMWLTGyQZfj3jjM6eB5","previousCounter":0,"rootKey":"VV878QTKzn+m0zMrhT/nUfteWkgsiJWDhICV1pk13Ys="},"indexInfo":{"baseKey":"BUibKZEK5I/qZSuuDUICNWwoLXXBXy+J2aJqYtk01EMb","baseKeyType":1,"closed":-1,"used":1742840827886,"created":1742840827886,"remoteIdentityKey":"BSQi9dD/bgrkUeKv0c4FepM9CH4T2vPwoDjrilz9/0tW"},"_chains":{"BVuSibqseXCF+R9gZh336eZFm0mhaxOrvlc974jm3AhV":{"chainKey":{"counter":8,"key":"uEANkEBhkT+AcW2uGPhTGKsa7SqUeLtlK4KbaPw8n4o="},"chainType":1,"messageKeys":{}}},"pendingPreKey":{"signedKeyId":1,"baseKey":"BUibKZEK5I/qZSuuDUICNWwoLXXBXy+J2aJqYtk01EMb","preKeyId":11611926}}},"version":"v1"}