{"_sessions":{"BSaVKC5FGYrfzcdFWkfRDduON09UISdQQojuiKokDqkY":{"registrationId":1920386880,"currentRatchet":{"ephemeralKeyPair":{"pubKey":"BTUpXVGFCuSUuxM3aAS4D1CWOBHJCoNbPYWmChvwl4kP","privKey":"GD4A6l0Z2fXjroHS9jjiiYqoTJuE0yOF1N8rshJco1M="},"lastRemoteEphemeralKey":"BSjYfUmrRoNn37s/8ca+zW3pLlOlFq4fOb+qVgidxc4/","previousCounter":0,"rootKey":"YIOnFFOQTTc/gt3yI0aH/RMf9wrjXMM+3TmGByRfU+4="},"indexInfo":{"baseKey":"BSaVKC5FGYrfzcdFWkfRDduON09UISdQQojuiKokDqkY","baseKeyType":1,"closed":1742840809799,"used":1742840797782,"created":1742840797782,"remoteIdentityKey":"BUsJ/ZEE6+NuEno+4jcD8R+DlmWu7zQ02lDxo12cFJ1F"},"_chains":{"BTUpXVGFCuSUuxM3aAS4D1CWOBHJCoNbPYWmChvwl4kP":{"chainKey":{"counter":0,"key":"fIsLxhNwKEuAuWf5iqfkcOA80AG4fDyh7a5Sz/u28ho="},"chainType":1,"messageKeys":{}}},"pendingPreKey":{"signedKeyId":3,"baseKey":"BSaVKC5FGYrfzcdFWkfRDduON09UISdQQojuiKokDqkY","preKeyId":2166136}},"BQQx8QImIF0nIzJ73LQTVcPVJF0jBUbl+9ralUF173MF":{"registrationId":1920386880,"currentRatchet":{"ephemeralKeyPair":{"pubKey":"BXWmgE9H8l3yzB3IrR4k6PRjeoUNyJob4BlLC44v1G5y","privKey":"6CIYHzEvMc4+0ZaxnzFQURDG7WQWwuS98TqRBi5xU2c="},"lastRemoteEphemeralKey":"BSjYfUmrRoNn37s/8ca+zW3pLlOlFq4fOb+qVgidxc4/","previousCounter":0,"rootKey":"/lAGyoZcnuMBNMQWzNGsIP7z0DC2Kh+FVH/u2P76aJI="},"indexInfo":{"baseKey":"BQQx8QImIF0nIzJ73LQTVcPVJF0jBUbl+9ralUF173MF","baseKeyType":1,"closed":-1,"used":1742840808829,"created":1742840808829,"remoteIdentityKey":"BUsJ/ZEE6+NuEno+4jcD8R+DlmWu7zQ02lDxo12cFJ1F"},"_chains":{"BXWmgE9H8l3yzB3IrR4k6PRjeoUNyJob4BlLC44v1G5y":{"chainKey":{"counter":0,"key":"tlseGif5UdGcKhUavBnKLlGex9CyL8F2Kyv2J5uQTpw="},"chainType":1,"messageKeys":{}}},"pendingPreKey":{"signedKeyId":3,"baseKey":"BQQx8QImIF0nIzJ73LQTVcPVJF0jBUbl+9ralUF173MF","preKeyId":2166182}}},"version":"v1"}