{"_sessions":{"BX13oWxn81mjtrB128vYdOhWFiDp2asyas+al32o56UD":{"registrationId":1977477924,"currentRatchet":{"ephemeralKeyPair":{"pubKey":"BfqEJc/C7IK17abcDXNyl3iU1juOVhWkYEDAEJyRgldJ","privKey":"mB+Tx046daDRvge6XlQ1QYs1Uzu69gvlCIFunCBpln4="},"lastRemoteEphemeralKey":"BacIutw9Pw8ZHUmiEaOQuPAMeWfatwhJOd43lMYNqpQh","previousCounter":0,"rootKey":"OiSN9sRvDqzgZSLdu5mgUMRWKOl2JmBJ5c4WJCdQ4Fo="},"indexInfo":{"baseKey":"BX13oWxn81mjtrB128vYdOhWFiDp2asyas+al32o56UD","baseKeyType":1,"closed":1742840809720,"used":1742840797712,"created":1742840797712,"remoteIdentityKey":"BcxiOuJ4t71t7Wg6EBDncXCEwZWgNT+IQKkd9X5gZisk"},"_chains":{"BfqEJc/C7IK17abcDXNyl3iU1juOVhWkYEDAEJyRgldJ":{"chainKey":{"counter":0,"key":"VC12h0UsRMttq4+DpsFuHU3jjwTaN/Vwiaz4B33lMtI="},"chainType":1,"messageKeys":{}}},"pendingPreKey":{"signedKeyId":0,"baseKey":"BX13oWxn81mjtrB128vYdOhWFiDp2asyas+al32o56UD","preKeyId":641966}},"BdOLpQIi080pghKVPnfiT3bSS4if1Y+g+y2q0oqljx1t":{"registrationId":1977477924,"currentRatchet":{"ephemeralKeyPair":{"pubKey":"BRQyaQoCDU6DTstELzNv/u3QTbbdzpTs/rAiqJdfXchL","privKey":"gIyY+8wavY7zdSsrEz5xFeRSJf9lXVHZb5SvmM4LN1c="},"lastRemoteEphemeralKey":"BacIutw9Pw8ZHUmiEaOQuPAMeWfatwhJOd43lMYNqpQh","previousCounter":0,"rootKey":"c5N7SDyn4ksZRi3xNjwoNCGJhaljlD2f/zk8QuQ0XeU="},"indexInfo":{"baseKey":"BdOLpQIi080pghKVPnfiT3bSS4if1Y+g+y2q0oqljx1t","baseKeyType":1,"closed":1742840825989,"used":1742840808761,"created":1742840808761,"remoteIdentityKey":"BcxiOuJ4t71t7Wg6EBDncXCEwZWgNT+IQKkd9X5gZisk"},"_chains":{"BRQyaQoCDU6DTstELzNv/u3QTbbdzpTs/rAiqJdfXchL":{"chainKey":{"counter":0,"key":"Ulean12FIYz4B9G8K3VkosKAlleTkJC8DalszaCW6Ek="},"chainType":1,"messageKeys":{}}},"pendingPreKey":{"signedKeyId":0,"baseKey":"BdOLpQIi080pghKVPnfiT3bSS4if1Y+g+y2q0oqljx1t","preKeyId":642401}},"BcdUHw9hBQBA3468p2/oSSO53YbjtgIqXFQpl8++kKpU":{"registrationId":1977477924,"currentRatchet":{"ephemeralKeyPair":{"pubKey":"BXqb2HG8AtrImN9jnT271sR01QcNobqfRVz7S6zbU2x2","privKey":"iK4TrS3XWGMTRZDKr3+jaoAgxWBDoveF+ulfVPGy/1Q="},"lastRemoteEphemeralKey":"BacIutw9Pw8ZHUmiEaOQuPAMeWfatwhJOd43lMYNqpQh","previousCounter":0,"rootKey":"xxtDk4MbWp5hWQ0yk3xPViURj9g4YkoSiru0zEzOzvs="},"indexInfo":{"baseKey":"BcdUHw9hBQBA3468p2/oSSO53YbjtgIqXFQpl8++kKpU","baseKeyType":1,"closed":-1,"used":1742840825443,"created":1742840825443,"remoteIdentityKey":"BcxiOuJ4t71t7Wg6EBDncXCEwZWgNT+IQKkd9X5gZisk"},"_chains":{"BXqb2HG8AtrImN9jnT271sR01QcNobqfRVz7S6zbU2x2":{"chainKey":{"counter":8,"key":"S/4aK5U+zWPT2JsLoJxC50iaPDjLyKhzkb+GMX2xa8M="},"chainType":1,"messageKeys":{}}},"pendingPreKey":{"signedKeyId":0,"baseKey":"BcdUHw9hBQBA3468p2/oSSO53YbjtgIqXFQpl8++kKpU","preKeyId":642319}}},"version":"v1"}