{"_sessions":{"Bdz2HHQZeO48Sue0A6mBbAREYTdJDHlPD2SzUiAB5BgJ":{"registrationId":793157871,"currentRatchet":{"ephemeralKeyPair":{"pubKey":"BVoIPRi1YuMhh+TmnWrFwrI9XevcPs5st4VwLdVyXNw0","privKey":"0Ctiw/nC5gJpG1R5DPPFrHQft5P+TKL2LaHUZz5qmFQ="},"lastRemoteEphemeralKey":"BcCp6eRHJ2vf5PGNnN0jIEoFo5ggepfVEr34wu7Qv5Mp","previousCounter":0,"rootKey":"QLW3uGnVwS20dpGYwhdaG6b8Z6WR0EkN3GBsyEUD9N4="},"indexInfo":{"baseKey":"Bdz2HHQZeO48Sue0A6mBbAREYTdJDHlPD2SzUiAB5BgJ","baseKeyType":1,"closed":-1,"used":1742840825939,"created":1742840825939,"remoteIdentityKey":"BS1dVYsIkTErVJg3jYM3xaP8MGfa6r4T0ofrmC/i6CZw"},"_chains":{"BVoIPRi1YuMhh+TmnWrFwrI9XevcPs5st4VwLdVyXNw0":{"chainKey":{"counter":1,"key":"cqtrJMCrdqKtwrpdY0Y0SjbxBWg9++aumW3hG4gZomI="},"chainType":1,"messageKeys":{}}},"pendingPreKey":{"signedKeyId":7,"baseKey":"Bdz2HHQZeO48Sue0A6mBbAREYTdJDHlPD2SzUiAB5BgJ","preKeyId":653896}}},"version":"v1"}