{"_sessions":{"Beb5eFKvYiaW2Izna3fjCLSBCGEkG5gxfwwt+r8OlZ0F":{"registrationId":2085611187,"currentRatchet":{"ephemeralKeyPair":{"pubKey":"BVKp1Et0Xc0IPiUkHbGax0CH5QjdlOS1N92o5StMyelx","privKey":"mEjUgT2601lpFC+UzQz2SC3Ugc8nWt/zZyfhYOhgYk4="},"lastRemoteEphemeralKey":"BddY+P9ubSq3C3eSoXYfyhlPswbM8nqPSJYzCa8Sm1I4","previousCounter":0,"rootKey":"i8lFr/OwKtsi08eZuZJawGwryjbstl9TNRhCK0w+9QA="},"indexInfo":{"baseKey":"Beb5eFKvYiaW2Izna3fjCLSBCGEkG5gxfwwt+r8OlZ0F","baseKeyType":1,"closed":-1,"used":1742842541430,"created":1742842541430,"remoteIdentityKey":"BbYSF8L3sZ3Qjaf5esbSXV+NN5af8vM9KKRTIqkDffwa"},"_chains":{"BVKp1Et0Xc0IPiUkHbGax0CH5QjdlOS1N92o5StMyelx":{"chainKey":{"counter":0,"key":"fMrcJk9nUh52gawl1ER/m+IGWAnAE+OjHMQxaX1rzZw="},"chainType":1,"messageKeys":{}}},"pendingPreKey":{"signedKeyId":3103669,"baseKey":"Beb5eFKvYiaW2Izna3fjCLSBCGEkG5gxfwwt+r8OlZ0F","preKeyId":6498}}},"version":"v1"}