{"_sessions":{"BQ/ASKYmaJNHkR/j88YD6IA9LvkxZP5L5pUnM2edk9MC":{"registrationId":955413194,"currentRatchet":{"ephemeralKeyPair":{"pubKey":"BflrC9g2rGvWON4Ia+WtYt70T134+IsGedGo04og2mlg","privKey":"sPh2O0jbkJ5ZTxswUi+aSU6kudQEKXLW7hqrbyAdJE0="},"lastRemoteEphemeralKey":"BfmipSJqS6+oQ2adiniE2CWGThHP2VWZDGY9zxwVoD01","previousCounter":0,"rootKey":"kG30b7uk4Y//BearHgde3Cn3ukCuq637ea/uHYTzQWE="},"indexInfo":{"baseKey":"BQ/ASKYmaJNHkR/j88YD6IA9LvkxZP5L5pUnM2edk9MC","baseKeyType":1,"closed":-1,"used":1742840825805,"created":1742840825805,"remoteIdentityKey":"BexIoaF+DLv2FhidvX2Di2jH8SRmWq12qKMCRCrmjMdt"},"_chains":{"BflrC9g2rGvWON4Ia+WtYt70T134+IsGedGo04og2mlg":{"chainKey":{"counter":5,"key":"S6GF4JbVAtyQzhDa3Q2unUi8oAjxlsLiz8q17+GPkLM="},"chainType":1,"messageKeys":{}}},"pendingPreKey":{"signedKeyId":20,"baseKey":"BQ/ASKYmaJNHkR/j88YD6IA9LvkxZP5L5pUnM2edk9MC","preKeyId":16134159}}},"version":"v1"}