{"_sessions":{"BdxeLRQAq6h0o5IQhRB0j16Q9SCzCMyIT9JTW7A1J2ZP":{"registrationId":1321936974,"currentRatchet":{"ephemeralKeyPair":{"pubKey":"BZwcPc0MwcvXQrnnm7i6GX+uRY9cMEd7n8F42kAf50gJ","privKey":"qLVmg28X0qL8u0bgcGM7rW+HwI0HBfVUAFUTpd23qkc="},"lastRemoteEphemeralKey":"Bd2HDPYSxWLKTqK+4dKdql0BmcU9xmUBxpwgUQRFP5hC","previousCounter":0,"rootKey":"HWt6DQK7WQSk247G95kwZGeiF4fbyO9B4+Amzpwxr7E="},"indexInfo":{"baseKey":"BdxeLRQAq6h0o5IQhRB0j16Q9SCzCMyIT9JTW7A1J2ZP","baseKeyType":1,"closed":-1,"used":1742840851976,"created":1742840851976,"remoteIdentityKey":"BZItgsB/IQ/jwuHZegT8xXh6LHpkoBwchuTYT4XcQ0EB"},"_chains":{"BZwcPc0MwcvXQrnnm7i6GX+uRY9cMEd7n8F42kAf50gJ":{"chainKey":{"counter":0,"key":"0mHZyf74wsyT0lWsXW6sWfbEEkm8QzJMCEz/lKYZb2Q="},"chainType":1,"messageKeys":{}}},"pendingPreKey":{"signedKeyId":0,"baseKey":"BdxeLRQAq6h0o5IQhRB0j16Q9SCzCMyIT9JTW7A1J2ZP","preKeyId":16450046}}},"version":"v1"}