{"_sessions":{"BWkldMTKy+3uqFHKaSRdpDfG2hRRcrGODZIq+ub+jWFa":{"registrationId":1331628348,"currentRatchet":{"ephemeralKeyPair":{"pubKey":"BV2c4pVCdDTDOpSE1eY0ZrecRmzfyV4c+NP26gpwxch4","privKey":"qFC8YeawS58gMVF1Ma2+r6MDb/aOScEyjlh8NtTODWc="},"lastRemoteEphemeralKey":"BZgOlhCLgqCPLxppPcYoIl/1HBL3rkWT1LhoQbN3HsIc","previousCounter":0,"rootKey":"hGmRUMqdB64qRbgkwZdLxArhtUFvqPO0ztdQzzWsg9g="},"indexInfo":{"baseKey":"BWkldMTKy+3uqFHKaSRdpDfG2hRRcrGODZIq+ub+jWFa","baseKeyType":1,"closed":-1,"used":1742840828257,"created":1742840828257,"remoteIdentityKey":"BS8CaIlW2JX8fODwKhehby88XZiRWuOlhBwC/WEYd4kO"},"_chains":{"BV2c4pVCdDTDOpSE1eY0ZrecRmzfyV4c+NP26gpwxch4":{"chainKey":{"counter":6,"key":"zEYKeS6Hy1zNLlXsLluI9ucQ5uUZ+MRAtixhbJu/ZCQ="},"chainType":1,"messageKeys":{}}},"pendingPreKey":{"signedKeyId":17,"baseKey":"BWkldMTKy+3uqFHKaSRdpDfG2hRRcrGODZIq+ub+jWFa","preKeyId":3063232}}},"version":"v1"}