{"_sessions":{"BcKgZUbNl31DwXpmyLD68UqQjGzhRgW3/GAPDgMkj6RV":{"registrationId":1227690935,"currentRatchet":{"ephemeralKeyPair":{"pubKey":"Bc9y92uZ1nBdpLcotv0Vjvqjlxwo407fvxWtACjSks4K","privKey":"yOP3Gv6QiNQUcLlvJ+LGKzM6RAn4BO9gPv0/kokBvm4="},"lastRemoteEphemeralKey":"BXYDd0RIfNV5/3a/a+QNMa+Ae0xtW3eVLbgoPn+l0gVk","previousCounter":0,"rootKey":"7O8Sb9wveTeAoyA4kXjPjp5T24kD9tt51KflqM9jC8Q="},"indexInfo":{"baseKey":"BcKgZUbNl31DwXpmyLD68UqQjGzhRgW3/GAPDgMkj6RV","baseKeyType":1,"closed":-1,"used":1742840827870,"created":1742840827870,"remoteIdentityKey":"BR0IGIB/y5MEUPqkyHcSMOW8gKbDb9odQpYHoBbQcvJc"},"_chains":{"Bc9y92uZ1nBdpLcotv0Vjvqjlxwo407fvxWtACjSks4K":{"chainKey":{"counter":4,"key":"DUD1YI0Sa/BqUy7tgF4G+C/nOcZuBNkXq2lPvFx3JKw="},"chainType":1,"messageKeys":{}}},"pendingPreKey":{"signedKeyId":6,"baseKey":"BcKgZUbNl31DwXpmyLD68UqQjGzhRgW3/GAPDgMkj6RV","preKeyId":13576392}}},"version":"v1"}