{"_sessions":{"BRDHIJ3UkdE0X31InQPmfLSxY7rfuH5ExE7fO8ksfYR5":{"registrationId":8039,"currentRatchet":{"ephemeralKeyPair":{"pubKey":"Bcyk4sm1eYueEZo6eZK0F94xybhqkfwi1gbD36GosupO","privKey":"4KARVf3/b3ld4GLWvUUh/6TFdJYFGnqIxymlEWRw1Ew="},"lastRemoteEphemeralKey":"BaaEitpuivTu/c5CFnsnNPkHLQ5+lrOwUWozfOYHKl8c","previousCounter":0,"rootKey":"+u2nrDoZWDOHaVi3dFFzcIH4NOvXdKrQtdHVMsOlCCk="},"indexInfo":{"baseKey":"BRDHIJ3UkdE0X31InQPmfLSxY7rfuH5ExE7fO8ksfYR5","baseKeyType":1,"closed":1742840809713,"used":1742840797696,"created":1742840797696,"remoteIdentityKey":"BY+qT7JUJHvotpBIcodS7cIPRMUMzF2aQZTOMVV6beZk"},"_chains":{"Bcyk4sm1eYueEZo6eZK0F94xybhqkfwi1gbD36GosupO":{"chainKey":{"counter":0,"key":"YYeKtcta+C1KQ0PkqGl4MB/8nNFxrEsbhlFU9HG6akk="},"chainType":1,"messageKeys":{}}},"pendingPreKey":{"signedKeyId":1,"baseKey":"BRDHIJ3UkdE0X31InQPmfLSxY7rfuH5ExE7fO8ksfYR5"}},"BToqG5OMH+KRSPGzRd2WbM6/JEEFyWku6ILRBrHP7LUm":{"registrationId":8039,"currentRatchet":{"ephemeralKeyPair":{"pubKey":"BV5rFM+6nQuXcBQ1myslZ8AWJpnr5U5KGvyll5eXFnN9","privKey":"QM6Z/gSKa2XZVyHz+TvbouTabioPrIfpqWacpfDdaEE="},"lastRemoteEphemeralKey":"BaaEitpuivTu/c5CFnsnNPkHLQ5+lrOwUWozfOYHKl8c","previousCounter":0,"rootKey":"rEByoZhaIpfBHTODg6cEqUrrEUkFu1SaVldQAgkRwNw="},"indexInfo":{"baseKey":"BToqG5OMH+KRSPGzRd2WbM6/JEEFyWku6ILRBrHP7LUm","baseKeyType":1,"closed":-1,"used":1742840808746,"created":1742840808746,"remoteIdentityKey":"BY+qT7JUJHvotpBIcodS7cIPRMUMzF2aQZTOMVV6beZk"},"_chains":{"BV5rFM+6nQuXcBQ1myslZ8AWJpnr5U5KGvyll5eXFnN9":{"chainKey":{"counter":1,"key":"prEBL5F2DhuYWch5iZmIFAvrDTYNruRnz9+EU3pxNR0="},"chainType":1,"messageKeys":{}}},"pendingPreKey":{"signedKeyId":1,"baseKey":"BToqG5OMH+KRSPGzRd2WbM6/JEEFyWku6ILRBrHP7LUm"}}},"version":"v1"}