{"_sessions":{"BffFyX6xdLtK84/rwmU31zVkAYOUyR0LLba4jttqgGcJ":{"registrationId":1752190321,"currentRatchet":{"ephemeralKeyPair":{"pubKey":"BZZ2WfDR6yHHJAlTXG74oRle0pOm0Z0u3IsK/H7nprh3","privKey":"8LMBnv1zKXhsRriK9wQtlXuOpRmZ+fLarOK+LOglg0w="},"lastRemoteEphemeralKey":"BTv4fHG1BEl8d64jjLr3fXa0+CXlYYKFUG/7DYEFrHcA","previousCounter":0,"rootKey":"rSKwsmStj8VZnKmrq6W3Pdssmstx/KiYDno2Xn0Uk2g="},"indexInfo":{"baseKey":"BffFyX6xdLtK84/rwmU31zVkAYOUyR0LLba4jttqgGcJ","baseKeyType":1,"closed":-1,"used":1742840851851,"created":1742840851851,"remoteIdentityKey":"BVr9sHT/jJtohesh7bwvMsZm9hLoieTntVhUB7hTO40K"},"_chains":{"BZZ2WfDR6yHHJAlTXG74oRle0pOm0Z0u3IsK/H7nprh3":{"chainKey":{"counter":1,"key":"qtae6ci0qIR4z2bpduLdQVsthqR2r8b6MnakzbC3aNc="},"chainType":1,"messageKeys":{}}},"pendingPreKey":{"signedKeyId":36,"baseKey":"BffFyX6xdLtK84/rwmU31zVkAYOUyR0LLba4jttqgGcJ","preKeyId":15496481}}},"version":"v1"}