{"_sessions":{"BQHIECHeS5UfMiEKGESy4I1vQ5MVdE3UYK+iwOrdBuFc":{"registrationId":628783342,"currentRatchet":{"ephemeralKeyPair":{"pubKey":"BS5hITms5SfUEycLRhba7qU8RaxV6SKpabP2lex/ZNIx","privKey":"8N1SdTp5nfn176kF5OPhZYohzzlkolzQHHFk3RPdXGc="},"lastRemoteEphemeralKey":"BZBOP0giz4kMREEoeUrni+DEAOz08SJwM1ZUVsUbQUdB","previousCounter":0,"rootKey":"0KBJvd5eJ6p8t6hSg/AfHFkAs48N+aeb3hgyhRcZQV8="},"indexInfo":{"baseKey":"BQHIECHeS5UfMiEKGESy4I1vQ5MVdE3UYK+iwOrdBuFc","baseKeyType":1,"closed":-1,"used":1742840851990,"created":1742840851990,"remoteIdentityKey":"BSa3lR/0mIksydLWwnXi3EU20ojBiNHQcurTKR8QSC0d"},"_chains":{"BS5hITms5SfUEycLRhba7qU8RaxV6SKpabP2lex/ZNIx":{"chainKey":{"counter":1,"key":"4LzON8QjP6B6diQEGTFgxGEg/ohlK8FVDdqSzSnRDDw="},"chainType":1,"messageKeys":{}}},"pendingPreKey":{"signedKeyId":14,"baseKey":"BQHIECHeS5UfMiEKGESy4I1vQ5MVdE3UYK+iwOrdBuFc","preKeyId":435819}}},"version":"v1"}