{"_sessions":{"Be39lpnHioN3syxEoBV+oLcJw/dJY14HTD8U8FoNRi0g":{"registrationId":1634042278,"currentRatchet":{"ephemeralKeyPair":{"pubKey":"BcaV17orbNL3t54Dq7Zx/xl6oQ3I4mG8m+2VpUbRoQIi","privKey":"6DhhqRNtUieYmE3Y1Zz4TeaP69Kps60nlAewpYczmnU="},"lastRemoteEphemeralKey":"BT0lEHQIvVmtWQQwoi14Saxzh9a0j7BWNoUFBhIBWOZo","previousCounter":0,"rootKey":"t4A+RK7GEtqtbkYoPm+39FGBSNpMH1pj7la4FMQ4mKs="},"indexInfo":{"baseKey":"Be39lpnHioN3syxEoBV+oLcJw/dJY14HTD8U8FoNRi0g","baseKeyType":1,"closed":1742840809780,"used":1742840797766,"created":1742840797766,"remoteIdentityKey":"BV45Pfi9uCA5LXh62J+ldf3QFAVREpY4waRyJJ+JMLZm"},"_chains":{"BcaV17orbNL3t54Dq7Zx/xl6oQ3I4mG8m+2VpUbRoQIi":{"chainKey":{"counter":0,"key":"cEpj3EM3h+rbV7XyBOW7E52oK4dVJqZXzifQ/7bpTuU="},"chainType":1,"messageKeys":{}}},"pendingPreKey":{"signedKeyId":4,"baseKey":"Be39lpnHioN3syxEoBV+oLcJw/dJY14HTD8U8FoNRi0g","preKeyId":13122900}},"BUi7JjTLxeSXYodQSjT4063n8NxpL7jM40JW9G+VPxl8":{"registrationId":1634042278,"currentRatchet":{"ephemeralKeyPair":{"pubKey":"BTKwPge+3JraA+Ng9XN6Q4HHhQHBfEWYMFeveTNssZhr","privKey":"eN+WgWKJFCEjSZcxqW7wj6DsNqKBQ8WwWQZnKzP/k2g="},"lastRemoteEphemeralKey":"BT0lEHQIvVmtWQQwoi14Saxzh9a0j7BWNoUFBhIBWOZo","previousCounter":0,"rootKey":"QvYBX121k6oVJsFDr+U0o0HGrjA/kfuiByB+m0LYJWM="},"indexInfo":{"baseKey":"BUi7JjTLxeSXYodQSjT4063n8NxpL7jM40JW9G+VPxl8","baseKeyType":1,"closed":-1,"used":1742840808813,"created":1742840808813,"remoteIdentityKey":"BV45Pfi9uCA5LXh62J+ldf3QFAVREpY4waRyJJ+JMLZm"},"_chains":{"BTKwPge+3JraA+Ng9XN6Q4HHhQHBfEWYMFeveTNssZhr":{"chainKey":{"counter":0,"key":"0QQJVXyZQxcW7tjz9R8ekD8BIGqFIC6V7Hv4dVTBYP8="},"chainType":1,"messageKeys":{}}},"pendingPreKey":{"signedKeyId":4,"baseKey":"BUi7JjTLxeSXYodQSjT4063n8NxpL7jM40JW9G+VPxl8","preKeyId":13123493}}},"version":"v1"}