{"_sessions":{"BdKhJA3rmkM7iFqUzPglf9k1sEkw0Q+AcL7HJWYw1MM3":{"registrationId":1927143579,"currentRatchet":{"ephemeralKeyPair":{"pubKey":"BW4FveGzXddAohVbBhIU+G655hUTp82RbREKTCxuc749","privKey":"sK1qRg8HUp99nqlmUs7l0N/ZMr/oTxG85mUsnc+Re3o="},"lastRemoteEphemeralKey":"BYLqOTHt4UBSJGCx0kY4xG8EA8Y6d6EvinpFR7gFhKIT","previousCounter":0,"rootKey":"6B58zXgZyYkjsL2D+810HZ4Jj/2Q5nLUOaSwXernR7Y="},"indexInfo":{"baseKey":"BdKhJA3rmkM7iFqUzPglf9k1sEkw0Q+AcL7HJWYw1MM3","baseKeyType":1,"closed":-1,"used":1742840828441,"created":1742840828441,"remoteIdentityKey":"BZyk8DiqHj+V1nY9AFtPc5O5WFbNawxIkj8QbUFcQk05"},"_chains":{"BW4FveGzXddAohVbBhIU+G655hUTp82RbREKTCxuc749":{"chainKey":{"counter":8,"key":"x7drMo++CYQYGFxgTz+WIX0AA75lBaP/2sczxFimpzk="},"chainType":1,"messageKeys":{}}},"pendingPreKey":{"signedKeyId":2,"baseKey":"BdKhJA3rmkM7iFqUzPglf9k1sEkw0Q+AcL7HJWYw1MM3","preKeyId":1478311}}},"version":"v1"}