{"_sessions":{"BdwuXn4hV5fOXTYHylVBL6yr6aWqbYOazGtVsChIDNpv":{"registrationId":222706488,"currentRatchet":{"ephemeralKeyPair":{"pubKey":"BalbVhujlOwUIHbDfmyHgXgiTD38rP96mjiKzqmiGBka","privKey":"AM8FA5wq+Mqxt4DnAwea6Tfhbqq4J+lKj3/N8t+Ijnw="},"lastRemoteEphemeralKey":"BceIU1xdObX6eRaOi0Otj69Rz+MXxgyX+ci3flHMNK1i","previousCounter":0,"rootKey":"o/p9xEAUJFfjIP/8cKSG30vU2YMGju5MKdRL/oyXKDc="},"indexInfo":{"baseKey":"BdwuXn4hV5fOXTYHylVBL6yr6aWqbYOazGtVsChIDNpv","baseKeyType":1,"closed":1742840812317,"used":1742840799578,"created":1742840799578,"remoteIdentityKey":"BU/CcYFYCzOQKGYZSn9Px7A/poq6uYWh2FLaT93VM6VJ"},"_chains":{"BalbVhujlOwUIHbDfmyHgXgiTD38rP96mjiKzqmiGBka":{"chainKey":{"counter":0,"key":"I2ZJ7qYJffJyanKNYh1JI8rPchRoTtl+IoGI3iGn6nk="},"chainType":1,"messageKeys":{}}},"pendingPreKey":{"signedKeyId":34,"baseKey":"BdwuXn4hV5fOXTYHylVBL6yr6aWqbYOazGtVsChIDNpv","preKeyId":8803575}},"BQazPKWybPYu2zzBjnGRAY53Vhc47zY0SsuHjulnUVEz":{"registrationId":222706488,"currentRatchet":{"ephemeralKeyPair":{"pubKey":"BVh/aZ5rDQ3y5uHnCC1HlK2cpt9pCA1ctvdQ8K2u43gO","privKey":"OHNUadj1BkEHUUm2rhyRALzb0kZsgvQOcWri/LWxSGE="},"lastRemoteEphemeralKey":"BceIU1xdObX6eRaOi0Otj69Rz+MXxgyX+ci3flHMNK1i","previousCounter":0,"rootKey":"5CdFqfZ/9eC9PfMIjebfhZIzv8ozWUX6QHPMytM9UtE="},"indexInfo":{"baseKey":"BQazPKWybPYu2zzBjnGRAY53Vhc47zY0SsuHjulnUVEz","baseKeyType":1,"closed":-1,"used":1742840811507,"created":1742840811507,"remoteIdentityKey":"BU/CcYFYCzOQKGYZSn9Px7A/poq6uYWh2FLaT93VM6VJ"},"_chains":{"BVh/aZ5rDQ3y5uHnCC1HlK2cpt9pCA1ctvdQ8K2u43gO":{"chainKey":{"counter":0,"key":"5mFvSHTjkyI8vqvdOesKPXhJeRImptW75AR6zZuKsn0="},"chainType":1,"messageKeys":{}}},"pendingPreKey":{"signedKeyId":34,"baseKey":"BQazPKWybPYu2zzBjnGRAY53Vhc47zY0SsuHjulnUVEz","preKeyId":8803591}}},"version":"v1"}