{"_sessions":{"BbIr/S4e16DZKJ+YC3fK6Tq9Uk/fCa92kVF2bY2hF1wW":{"registrationId":239342005,"currentRatchet":{"ephemeralKeyPair":{"pubKey":"BUpVuSyP7IAKdvPynPb7pXJbapWurTU9o7GvGPBmhC5G","privKey":"2C3HPT0WsLwbN3TwSlKtczOPFKDyYs9HmpR1WXzwpEs="},"lastRemoteEphemeralKey":"BWGItIqlEjVOvNBih5q9udXJDM6cbiieCyyHdw3nNI90","previousCounter":0,"rootKey":"a8djihwoJDotA7JlB7MmTfmP8uNcyPlmdIQxwMR+T9E="},"indexInfo":{"baseKey":"BbIr/S4e16DZKJ+YC3fK6Tq9Uk/fCa92kVF2bY2hF1wW","baseKeyType":1,"closed":1742840809979,"used":1742840797943,"created":1742840797943,"remoteIdentityKey":"BfUbs++8INw2TUOJBsw7ewGIBYOzyspp8tSqNgm1CLY3"},"_chains":{"BUpVuSyP7IAKdvPynPb7pXJbapWurTU9o7GvGPBmhC5G":{"chainKey":{"counter":0,"key":"iqVfCMN+3Wg7Aky1+ZzPxYydcQZJx6v09Zw0wRGQGEM="},"chainType":1,"messageKeys":{}}},"pendingPreKey":{"signedKeyId":0,"baseKey":"BbIr/S4e16DZKJ+YC3fK6Tq9Uk/fCa92kVF2bY2hF1wW"}},"BQqpT4nxBWB4Tbq1Hbs4qNCZIlbsVr3LTV19+KLrYnZb":{"registrationId":239342005,"currentRatchet":{"ephemeralKeyPair":{"pubKey":"BX3YzI+DU2Dmax3WUDN14qymlOyRN1JBiEm7hVPpj69v","privKey":"YLPXcJZrwV4z7+MccGBMewys+r8dh0KG4fgBhde3cHE="},"lastRemoteEphemeralKey":"BWGItIqlEjVOvNBih5q9udXJDM6cbiieCyyHdw3nNI90","previousCounter":0,"rootKey":"xIBiz3B8aTd0AHcn67MyVDd6XfhZvc3MZy8ZzQ5p4jU="},"indexInfo":{"baseKey":"BQqpT4nxBWB4Tbq1Hbs4qNCZIlbsVr3LTV19+KLrYnZb","baseKeyType":1,"closed":1742840828525,"used":1742840808985,"created":1742840808985,"remoteIdentityKey":"BfUbs++8INw2TUOJBsw7ewGIBYOzyspp8tSqNgm1CLY3"},"_chains":{"BX3YzI+DU2Dmax3WUDN14qymlOyRN1JBiEm7hVPpj69v":{"chainKey":{"counter":0,"key":"eq7Et/H2Delkvpp7tmzEnAQ41qY3pmFyZdpI5DN7rG0="},"chainType":1,"messageKeys":{}}},"pendingPreKey":{"signedKeyId":0,"baseKey":"BQqpT4nxBWB4Tbq1Hbs4qNCZIlbsVr3LTV19+KLrYnZb"}},"BRJOru9FDzMvuO12l1jSNeM3ZvE5eD/cK/g30fqgbxUL":{"registrationId":239342005,"currentRatchet":{"ephemeralKeyPair":{"pubKey":"BTZUxGN+2/n4vfoPDrqJvN8OY5awARz6cq6Apx+FpLcE","privKey":"4Lql9GRE2piZHa/8WEpfMrbEToc5SWb+/iBW0lPejGE="},"lastRemoteEphemeralKey":"BWGItIqlEjVOvNBih5q9udXJDM6cbiieCyyHdw3nNI90","previousCounter":0,"rootKey":"M+MkduoGKjNq74sffBqTd3txeAWSt1mIrCKPQlGuFEg="},"indexInfo":{"baseKey":"BRJOru9FDzMvuO12l1jSNeM3ZvE5eD/cK/g30fqgbxUL","baseKeyType":1,"closed":-1,"used":1742840827701,"created":1742840827701,"remoteIdentityKey":"BfUbs++8INw2TUOJBsw7ewGIBYOzyspp8tSqNgm1CLY3"},"_chains":{"BTZUxGN+2/n4vfoPDrqJvN8OY5awARz6cq6Apx+FpLcE":{"chainKey":{"counter":8,"key":"3/NFlhyEBqjjoqLDcaGW6SvNxpLHesVOPPK1nRFenXw="},"chainType":1,"messageKeys":{}}},"pendingPreKey":{"signedKeyId":0,"baseKey":"BRJOru9FDzMvuO12l1jSNeM3ZvE5eD/cK/g30fqgbxUL"}}},"version":"v1"}