{"_sessions":{"BelHuNYO6dNSe7qD8AHl+0d2caQTiNiIKM8OPQmNZ1wi":{"registrationId":12711,"currentRatchet":{"ephemeralKeyPair":{"pubKey":"BefqbZatyncWvtU1/oClopbtkau2zBKRB38BW+TR+dAG","privKey":"aCu3CCjalZxcF4/lfFg58GytrZXyRZFXi/Wj14kR2kg="},"lastRemoteEphemeralKey":"BTULE44YNxKRSIMnp+BF9DFtGgq4YQ+DGm+7pjsc3V5W","previousCounter":0,"rootKey":"eDetkYb6+k5SX0SKWrhL0da0w5NbbCngx2SFoyH3VdA="},"indexInfo":{"baseKey":"BelHuNYO6dNSe7qD8AHl+0d2caQTiNiIKM8OPQmNZ1wi","baseKeyType":1,"closed":-1,"used":1742842541289,"created":1742842541289,"remoteIdentityKey":"Ba/kByKOH/aPSKtsFJV/TvFvF/dgKqkwT+3FUwOeywYH"},"_chains":{"BefqbZatyncWvtU1/oClopbtkau2zBKRB38BW+TR+dAG":{"chainKey":{"counter":0,"key":"NGZbtcoTWc2aaiwXmYi7owCvMz+IOcvAMcvVfY6iRK0="},"chainType":1,"messageKeys":{}}},"pendingPreKey":{"signedKeyId":1,"baseKey":"BelHuNYO6dNSe7qD8AHl+0d2caQTiNiIKM8OPQmNZ1wi","preKeyId":497}}},"version":"v1"}