{"_sessions":{"BcTUlb+12tutuAbANgBl28tRzt/f6ALQBEpmr2fsqJkR":{"registrationId":942023636,"currentRatchet":{"ephemeralKeyPair":{"pubKey":"BafreVm3ezWtXvBydm2scaerShIN6lG/o8z4us9CSxhB","privKey":"cFkMQ+/LRfCoYMhZKpNwTzvttZ+/5JcaBmUMth+kVFQ="},"lastRemoteEphemeralKey":"BavFuPpPUc1ZibJu+e4lIDuOAadLBvJg0PCoaqpsgnUz","previousCounter":0,"rootKey":"L3KjHUckcgR4tny0bVm0dr/DYFvrZAXiekKbNBV6zhU="},"indexInfo":{"baseKey":"BcTUlb+12tutuAbANgBl28tRzt/f6ALQBEpmr2fsqJkR","baseKeyType":1,"closed":-1,"used":1742840828498,"created":1742840828498,"remoteIdentityKey":"BUxMjSgxDOLVPz/Gl99LbDrPgzZBuQrryb5XuWaVsLEp"},"_chains":{"BafreVm3ezWtXvBydm2scaerShIN6lG/o8z4us9CSxhB":{"chainKey":{"counter":6,"key":"Px5FiQ7mPV03dF/1/Y72Kr5kjEuAKZk4hmdaTqP3iNk="},"chainType":1,"messageKeys":{}}},"pendingPreKey":{"signedKeyId":4,"baseKey":"BcTUlb+12tutuAbANgBl28tRzt/f6ALQBEpmr2fsqJkR","preKeyId":15392433}}},"version":"v1"}