{"_sessions":{"BfmK2/6fW7Dwl8z4BHl/ugK7XU0aO+/xfVJf+uEbGQtV":{"registrationId":1764255697,"currentRatchet":{"ephemeralKeyPair":{"pubKey":"BSGN8tDjEFAUIWFxHisqHQzbK4J+fa8M7x8WX5SKd7tt","privKey":"gEYj+PdC+ZC+pfymljF5T/F5qQvt/zhGBMFwcLrIJkA="},"lastRemoteEphemeralKey":"BcBiwti/UM6uf18fYyhs+v4yG+RQJs6bZCgcSefBScA/","previousCounter":0,"rootKey":"WdzIPvuug2puzlCYojk2fJUe8f3t60uv3cOFgqCRZwI="},"indexInfo":{"baseKey":"BfmK2/6fW7Dwl8z4BHl/ugK7XU0aO+/xfVJf+uEbGQtV","baseKeyType":1,"closed":1742840812260,"used":1742840799531,"created":1742840799531,"remoteIdentityKey":"BTB1VFC9rjsBpWkBmDyId64I4yHG2O8TYc0lqFRkgjc2"},"_chains":{"BSGN8tDjEFAUIWFxHisqHQzbK4J+fa8M7x8WX5SKd7tt":{"chainKey":{"counter":0,"key":"32hXxlJkcLIVYrPV4Wonij/1Q8hGJSQQjjRairhyaW4="},"chainType":1,"messageKeys":{}}},"pendingPreKey":{"signedKeyId":1,"baseKey":"BfmK2/6fW7Dwl8z4BHl/ugK7XU0aO+/xfVJf+uEbGQtV","preKeyId":12112502}},"BV0ZSowpYBgQM313w3A+5GG400ggOD7NDOom+fe0gwMO":{"registrationId":1764255697,"currentRatchet":{"ephemeralKeyPair":{"pubKey":"BfTMfQVmGhfpWRsIFzf3fUg/sZSs9YqDuEU8FdaKT1QS","privKey":"2NniJvD/1UyR1rTbeF18PH8j7a2IKZKb8eMVXfZiMUw="},"lastRemoteEphemeralKey":"BcBiwti/UM6uf18fYyhs+v4yG+RQJs6bZCgcSefBScA/","previousCounter":0,"rootKey":"IzfzceZ7OKt3I2eJKNM+AJg021i2rtczqtFfMdmow5s="},"indexInfo":{"baseKey":"BV0ZSowpYBgQM313w3A+5GG400ggOD7NDOom+fe0gwMO","baseKeyType":1,"closed":1742840828585,"used":1742840811460,"created":1742840811460,"remoteIdentityKey":"BTB1VFC9rjsBpWkBmDyId64I4yHG2O8TYc0lqFRkgjc2"},"_chains":{"BfTMfQVmGhfpWRsIFzf3fUg/sZSs9YqDuEU8FdaKT1QS":{"chainKey":{"counter":0,"key":"4pbIxlx/4jWEWdKgGTQJbCOj7nSurE42t5J6PtNSWSw="},"chainType":1,"messageKeys":{}}},"pendingPreKey":{"signedKeyId":1,"baseKey":"BV0ZSowpYBgQM313w3A+5GG400ggOD7NDOom+fe0gwMO","preKeyId":12112391}},"BaFhr7KX3O1vWhhFDYB33VCvkS7Ip73FFfeSUzHCToIu":{"registrationId":1764255697,"currentRatchet":{"ephemeralKeyPair":{"pubKey":"BYRUg5LLe71YaOYItCrF73xWkXROMRlS8h763T+bB+Az","privKey":"ACouN4f8ArhWDxcDixFn7jlZ6t0FqXUbE/FN2pYiinQ="},"lastRemoteEphemeralKey":"BZf7Q4ZPfYgI0ndn8YNcRJHi8XdHSjVfMlTkSxx7fEMo","previousCounter":1,"rootKey":"gEnbXOrwSh26cJ0XDjlaB57NcZLGIoZyB2NhbLOImLE="},"indexInfo":{"baseKey":"BaFhr7KX3O1vWhhFDYB33VCvkS7Ip73FFfeSUzHCToIu","baseKeyType":1,"closed":-1,"used":1742998422200,"created":1742840828192,"remoteIdentityKey":"BTB1VFC9rjsBpWkBmDyId64I4yHG2O8TYc0lqFRkgjc2"},"_chains":{"BSF0PnvtufJ6Es1Flj3qvpihnTvlZDnrjoC4WkyrvE5n":{"chainKey":{"counter":1},"chainType":2,"messageKeys":{}},"BZf7Q4ZPfYgI0ndn8YNcRJHi8XdHSjVfMlTkSxx7fEMo":{"chainKey":{"counter":0,"key":"nVud7+68dmUQoI8x3tBbMN21avrrTIlnd7wCgW+dukw="},"chainType":2,"messageKeys":{}},"BYRUg5LLe71YaOYItCrF73xWkXROMRlS8h763T+bB+Az":{"chainKey":{"counter":-1,"key":"rIVnpWAkLseBoxJeIS5PogaKikdljCgtYnQTo1vmEhg="},"chainType":1,"messageKeys":{}}}}},"version":"v1"}