{"_sessions":{"BddxWprCFxIpz1p0oRz2mouPKt5kIfxwKZVYT5+fbXpw":{"registrationId":15154,"currentRatchet":{"ephemeralKeyPair":{"pubKey":"BTBxifcdQb9V1TPT9Gf5rbCenPgEqMV/7pbCNpQ8UbIK","privKey":"WCONPrzwNWHZ079CeI7F5KMConqRSj8QLrM3w10EI2M="},"lastRemoteEphemeralKey":"BZRO/f+dwb4zhdbVIY9WgpngeONM9z8G1qDu47vkoW5e","previousCounter":0,"rootKey":"875X+z+d7ZkHgcWTNDg2YTbmYU6ZfBAwiNc9cP6pMGw="},"indexInfo":{"baseKey":"BddxWprCFxIpz1p0oRz2mouPKt5kIfxwKZVYT5+fbXpw","baseKeyType":1,"closed":1742840809205,"used":1742840797280,"created":1742840797280,"remoteIdentityKey":"BbqRv8Py4hRyLjL3g8FAuJ5BhOIpbA+WIr66hZoUKp5k"},"_chains":{"BTBxifcdQb9V1TPT9Gf5rbCenPgEqMV/7pbCNpQ8UbIK":{"chainKey":{"counter":0,"key":"rASZ/g8HaylYIQU8RkdBfDt1v93VjX22M70iOvPTwEk="},"chainType":1,"messageKeys":{}}},"pendingPreKey":{"signedKeyId":1,"baseKey":"BddxWprCFxIpz1p0oRz2mouPKt5kIfxwKZVYT5+fbXpw"}},"BUn/Yx4EJac4726xCpZTBm5acw5Bi4dvPlflezuE7slV":{"registrationId":15154,"currentRatchet":{"ephemeralKeyPair":{"pubKey":"Bf6l9kxck2yGK9oK8aaCC62whZM8SDWw1H+ahWs6/5RX","privKey":"mDdJH/qCZs4+hnS0wxm0D9GjUzLcqwqdV1qxcPcz3Go="},"lastRemoteEphemeralKey":"BZRO/f+dwb4zhdbVIY9WgpngeONM9z8G1qDu47vkoW5e","previousCounter":0,"rootKey":"oXmpSRDrW15QIGlfUazb5uPKb+rq1Bn76m0xvXq2Moo="},"indexInfo":{"baseKey":"BUn/Yx4EJac4726xCpZTBm5acw5Bi4dvPlflezuE7slV","baseKeyType":1,"closed":-1,"used":1742840808342,"created":1742840808342,"remoteIdentityKey":"BbqRv8Py4hRyLjL3g8FAuJ5BhOIpbA+WIr66hZoUKp5k"},"_chains":{"Bf6l9kxck2yGK9oK8aaCC62whZM8SDWw1H+ahWs6/5RX":{"chainKey":{"counter":2,"key":"gMZiJYECInwlBAF0XGK4DS5d9/Z/9GYDvmV9REtGHoE="},"chainType":1,"messageKeys":{}}},"pendingPreKey":{"signedKeyId":1,"baseKey":"BUn/Yx4EJac4726xCpZTBm5acw5Bi4dvPlflezuE7slV"}}},"version":"v1"}