{"_sessions":{"BWWT8eYLgunqvyojJuBpZLq0wIZ3KFGbeEyWv7rciaYp":{"registrationId":1811846334,"currentRatchet":{"ephemeralKeyPair":{"pubKey":"BdfLWqdgCHX/MaqISbaAAuHXRDJoj6QoNtJ+jHPymPp8","privKey":"kMjh6TGeIKjCw/B5loZfQ/o6TAJXfez66VHiONMSV1o="},"lastRemoteEphemeralKey":"BSRlgUdTOHdLF6ldZvUfEf4YrTbP9T05KNPTHGHuitpp","previousCounter":0,"rootKey":"BEGrQzFq09Cayel7b7+E4bJPVh6enVUvA+A3V3Qoujw="},"indexInfo":{"baseKey":"BWWT8eYLgunqvyojJuBpZLq0wIZ3KFGbeEyWv7rciaYp","baseKeyType":1,"closed":1742840812336,"used":1742840799593,"created":1742840799593,"remoteIdentityKey":"BVvVJ3IT1munwt3Sm1vd4WTwLjbvSLTNyFZROQEWy9Zv"},"_chains":{"BdfLWqdgCHX/MaqISbaAAuHXRDJoj6QoNtJ+jHPymPp8":{"chainKey":{"counter":0,"key":"uCXDBB9TImgfvaQUBZz7SmQtwHr0EyeZ+L3t0R50Cx0="},"chainType":1,"messageKeys":{}}},"pendingPreKey":{"signedKeyId":12938616,"baseKey":"BWWT8eYLgunqvyojJuBpZLq0wIZ3KFGbeEyWv7rciaYp","preKeyId":7823}},"BQg6UqupWtAp34vXwuxlN4FDXWm8cFm6dSSels0g33Np":{"registrationId":1811846334,"currentRatchet":{"ephemeralKeyPair":{"pubKey":"BQ1VZ1U75hQVVyePgG4/3qqZ893tWf7LL2yXQq+3FeUd","privKey":"2LIUEHl1WhYxZk1UJ4aHjE8ASNxz8DztbQE/7I+H4lE="},"lastRemoteEphemeralKey":"BSRlgUdTOHdLF6ldZvUfEf4YrTbP9T05KNPTHGHuitpp","previousCounter":0,"rootKey":"eizJOMG00faQr/m/mzKLVfip1IWwG8JYSPZd4S30sP4="},"indexInfo":{"baseKey":"BQg6UqupWtAp34vXwuxlN4FDXWm8cFm6dSSels0g33Np","baseKeyType":1,"closed":-1,"used":1742840811522,"created":1742840811522,"remoteIdentityKey":"BVvVJ3IT1munwt3Sm1vd4WTwLjbvSLTNyFZROQEWy9Zv"},"_chains":{"BQ1VZ1U75hQVVyePgG4/3qqZ893tWf7LL2yXQq+3FeUd":{"chainKey":{"counter":1,"key":"cvpEY1BD8T5n4akWvuWk6ppN8WU0fjNWZrsgaw7Yzmw="},"chainType":1,"messageKeys":{}}},"pendingPreKey":{"signedKeyId":12938616,"baseKey":"BQg6UqupWtAp34vXwuxlN4FDXWm8cFm6dSSels0g33Np","preKeyId":7405}}},"version":"v1"}