{"_sessions":{"BWSA+fNtO2HVu/8iPTzz/ibcYmIEMs23CI2+me6wgpJS":{"registrationId":1078869133,"currentRatchet":{"ephemeralKeyPair":{"pubKey":"BTSrXQ2ChyAa1plPpjPbxoYaVCruYcMn61PnydVJ9XMg","privKey":"yKVgieUfzRQoojX1XPowEqKNAH83SvDm8hyW31XjqGo="},"lastRemoteEphemeralKey":"BcKk9gU7xZ9kWM7b78eNtAwrYQvhDNy4M4j7gcjdqONx","previousCounter":0,"rootKey":"77/k3KbINlvm8fWUIx4LRCsyNT0mRRQ3TPJ8EsgsVOY="},"indexInfo":{"baseKey":"BWSA+fNtO2HVu/8iPTzz/ibcYmIEMs23CI2+me6wgpJS","baseKeyType":1,"closed":1742840812280,"used":1742840799547,"created":1742840799547,"remoteIdentityKey":"BdoMhB9mOLohkmMheEqb61oZ141DDJ0wDsiuGdIFvVt8"},"_chains":{"BTSrXQ2ChyAa1plPpjPbxoYaVCruYcMn61PnydVJ9XMg":{"chainKey":{"counter":0,"key":"2amMS0yHe/bdSuIc/bqGkfizPSuluL1sL0VkDS3x+IE="},"chainType":1,"messageKeys":{}}},"pendingPreKey":{"signedKeyId":39,"baseKey":"BWSA+fNtO2HVu/8iPTzz/ibcYmIEMs23CI2+me6wgpJS","preKeyId":1888406}},"BTp0HOe0cUl7Anp7HivxnvPMySKpYLeXVTxtwe7nNsNi":{"registrationId":1078869133,"currentRatchet":{"ephemeralKeyPair":{"pubKey":"BemIyPrZtZVZHSntmQHY3y6ObxAaDio9SLcnavfvtt9Q","privKey":"qN6Wba/AW48m0zqZrDCPje9u4zr57r1orP3Icspwb1s="},"lastRemoteEphemeralKey":"BcKk9gU7xZ9kWM7b78eNtAwrYQvhDNy4M4j7gcjdqONx","previousCounter":0,"rootKey":"XvSkQQfY3qECQbnghzHPNd1Bq9j/hzMzkYOgv56Rf8I="},"indexInfo":{"baseKey":"BTp0HOe0cUl7Anp7HivxnvPMySKpYLeXVTxtwe7nNsNi","baseKeyType":1,"closed":1742840828587,"used":1742840811477,"created":1742840811477,"remoteIdentityKey":"BdoMhB9mOLohkmMheEqb61oZ141DDJ0wDsiuGdIFvVt8"},"_chains":{"BemIyPrZtZVZHSntmQHY3y6ObxAaDio9SLcnavfvtt9Q":{"chainKey":{"counter":0,"key":"+alAP4t7m5Oi0EK6C3c1IV6JJIcWNnL5CkFLxbwb0AI="},"chainType":1,"messageKeys":{}}},"pendingPreKey":{"signedKeyId":39,"baseKey":"BTp0HOe0cUl7Anp7HivxnvPMySKpYLeXVTxtwe7nNsNi","preKeyId":1889088}},"BXWj608iIPoOF7KI1NAH0Z2Fe9AiC7ZKI/WfSDp3xGUd":{"registrationId":1078869133,"currentRatchet":{"ephemeralKeyPair":{"pubKey":"BXyHxgwfEtwcptG/gTaCFDVZv/op1wtAuI1DUwJ3e+0I","privKey":"mD66DEsBviKTe7h3LNjBZxKSsiCs5ghij8WxbUHVXkk="},"lastRemoteEphemeralKey":"BcKk9gU7xZ9kWM7b78eNtAwrYQvhDNy4M4j7gcjdqONx","previousCounter":0,"rootKey":"1gV2Cy7+jSr0sUBPSyPwcg/e/6t0d4DfHbAR3MBloIQ="},"indexInfo":{"baseKey":"BXWj608iIPoOF7KI1NAH0Z2Fe9AiC7ZKI/WfSDp3xGUd","baseKeyType":1,"closed":-1,"used":1742840828231,"created":1742840828231,"remoteIdentityKey":"BdoMhB9mOLohkmMheEqb61oZ141DDJ0wDsiuGdIFvVt8"},"_chains":{"BXyHxgwfEtwcptG/gTaCFDVZv/op1wtAuI1DUwJ3e+0I":{"chainKey":{"counter":7,"key":"f6Q88gN/POUqMlmVw/H6ala44G0pUGQzyiNK98+s4Xs="},"chainType":1,"messageKeys":{}}},"pendingPreKey":{"signedKeyId":39,"baseKey":"BXWj608iIPoOF7KI1NAH0Z2Fe9AiC7ZKI/WfSDp3xGUd","preKeyId":1889149}}},"version":"v1"}